2026-04-23 08:59:27,542 INFO     [Logger] File log started: /home/ros_ws/src/devel_packages/orio/logs/orio_run_20260423_085927.log
2026-04-23 08:59:27,542 INFO     [Main] Node started. Log file: /home/ros_ws/src/devel_packages/orio/logs/orio_run_20260423_085927.log
2026-04-23 08:59:34,500 INFO     [Main] Operator input — item='rewyt'  expiry='1111-11-11'
2026-04-23 08:59:34,501 INFO     [Hardware] Initializing Robot Hardware...
2026-04-23 08:59:35,124 INFO     [Hardware] Resetting both arms to home joints
2026-04-23 08:59:45,210 INFO     [Hardware] Poses loaded from joint_angles.json
2026-04-23 08:59:45,219 INFO     [Hardware] Initialization complete
2026-04-23 08:59:45,224 INFO     [Main] Starting state machine execution
2026-04-23 08:59:45,225 INFO     [GetLabel] Entering state
2026-04-23 08:59:45,227 DEBUG    [TaskSelector] Evaluating zone states: {'A': 'EMPTY', 'B': 'EMPTY'}  busy: {'A': False, 'B': False}
2026-04-23 08:59:45,227 INFO     [TaskSelector] → do_load (empty zone available)
2026-04-23 08:59:45,228 INFO     [FetchInput] Entering state
2026-04-23 08:59:46,699 INFO     [Service] /compute_grasps → success=True msg='Published 3 PnP poses.'
2026-04-23 08:59:46,699 INFO     [FetchInput] Grasp pose received: x=-0.0135 y=-0.6311 z=0.0950
2026-04-23 08:59:46,700 INFO     [IK] compute_pick_joints called — task_pos=[-0.0135 -0.6311  0.095 ] label_zone=None max_attempts=10 check_collisions=False arm_number=None
2026-04-23 08:59:46,727 INFO     [IK] Arm? compute_pick_joints attempt 1/10 OK — target=([-0.0135 -0.6311  0.095 ]) pre=[-0.744   0.5972 -0.9689 -1.8435  0.5779  2.1286 -1.1686] final=[-0.8991  0.7074 -0.7561 -1.8689  0.649   2.312  -1.209 ] (FK err pre=0.0000 m final=0.0000 m)
2026-04-23 08:59:46,729 INFO     [FetchInput] IK pre_joints:   [-0.744   0.5972 -0.9689 -1.8435  0.5779  2.1286 -1.1686]
2026-04-23 08:59:46,730 INFO     [FetchInput] IK final_joints: [-0.8991  0.7074 -0.7561 -1.8689  0.649   2.312  -1.209 ]
2026-04-23 08:59:46,730 INFO     [FetchInput] Moving to pre-pick
2026-04-23 08:59:50,135 INFO     [FetchInput] Descending to pick
2026-04-23 08:59:52,344 INFO     [Service] /orio/pnp_cup/on → success=True msg='PnP Cup ON command sent'
2026-04-23 08:59:53,344 INFO     [FetchInput] Retracting to pre-pick height
2026-04-23 08:59:55,440 INFO     [Service] /orio/lbl_cup/on → success=True msg='Labelling Cup ON command sent'
2026-04-23 08:59:55,559 INFO     [IK] pose_to_joints 'FETCH_SAFE' depth_offset=0.0950 → joints=[-0.1054 -0.8403  0.0878 -2.7017  0.0683  1.8627  0.719 ]
2026-04-23 08:59:58,919 INFO     [IK] pose_to_joints 'LABELLING_SAFE' depth_offset=0.0000 → joints=[-0.065  -1.2718  0.0356 -2.707   0.0343  1.4354  0.7355]
2026-04-23 08:59:58,926 INFO     [Service] /get_depth_at_grasp → success=True msg='0.1423283622079794'
2026-04-23 08:59:58,926 INFO     [FetchInput] grasp_depth=0.0950 m  after_grasp_depth=0.1423 m  item_height=-0.0473 m
2026-04-23 08:59:59,427 INFO     [FetchInput] Exiting: succeeded (item_depth=-0.0473)
2026-04-23 08:59:59,428 INFO     [DropToZone] Entering state (item_depth=-0.0473)
2026-04-23 08:59:59,428 INFO     [DropToZone] Targeting zone A
2026-04-23 08:59:59,441 INFO     [IK] pose_to_joints 'L1_INTER' depth_offset=-0.0473 → joints=[-0.3145 -0.3317 -0.3987 -2.7069 -0.1864  2.3909  0.2289]
2026-04-23 08:59:59,455 INFO     [IK] pose_to_joints 'LABEL_ZONE_1' depth_offset=-0.0373 → joints=[-0.2643  1.4271 -0.1505 -0.6345  0.1684  2.0542  0.4205]
2026-04-23 08:59:59,456 INFO     [DropToZone] place_joints for LABEL_ZONE_1: [-0.2643  1.4271 -0.1505 -0.6345  0.1684  2.0542  0.4205]
2026-04-23 09:00:02,126 INFO     [GetLabel] Exiting: succeeded
2026-04-23 09:00:02,127 INFO     [ApplyLabel] Entering state (zones: {'A': 'EMPTY', 'B': 'EMPTY'}  busy: {'A': True, 'B': False})
2026-04-23 09:00:02,127 DEBUG    [ApplyLabel] No zone needs label → wait
2026-04-23 09:00:02,629 INFO     [ApplyLabel] Entering state (zones: {'A': 'EMPTY', 'B': 'EMPTY'}  busy: {'A': True, 'B': False})
2026-04-23 09:00:02,629 DEBUG    [ApplyLabel] No zone needs label → wait
2026-04-23 09:00:03,131 INFO     [ApplyLabel] Entering state (zones: {'A': 'EMPTY', 'B': 'EMPTY'}  busy: {'A': True, 'B': False})
2026-04-23 09:00:03,131 DEBUG    [ApplyLabel] No zone needs label → wait
2026-04-23 09:00:03,633 INFO     [ApplyLabel] Entering state (zones: {'A': 'EMPTY', 'B': 'EMPTY'}  busy: {'A': True, 'B': False})
2026-04-23 09:00:03,633 DEBUG    [ApplyLabel] No zone needs label → wait
2026-04-23 09:00:04,135 INFO     [ApplyLabel] Entering state (zones: {'A': 'EMPTY', 'B': 'EMPTY'}  busy: {'A': True, 'B': False})
2026-04-23 09:00:04,135 DEBUG    [ApplyLabel] No zone needs label → wait
2026-04-23 09:00:04,639 INFO     [ApplyLabel] Entering state (zones: {'A': 'EMPTY', 'B': 'EMPTY'}  busy: {'A': True, 'B': False})
2026-04-23 09:00:04,639 DEBUG    [ApplyLabel] No zone needs label → wait
2026-04-23 09:00:05,140 INFO     [ApplyLabel] Entering state (zones: {'A': 'EMPTY', 'B': 'EMPTY'}  busy: {'A': True, 'B': False})
2026-04-23 09:00:05,140 DEBUG    [ApplyLabel] No zone needs label → wait
2026-04-23 09:00:05,643 INFO     [ApplyLabel] Entering state (zones: {'A': 'EMPTY', 'B': 'EMPTY'}  busy: {'A': True, 'B': False})
2026-04-23 09:00:05,643 DEBUG    [ApplyLabel] No zone needs label → wait
2026-04-23 09:00:06,005 INFO     [Service] /orio/pnp_cup/off → success=True msg='PnP Cup OFF command sent'
2026-04-23 09:00:06,145 INFO     [ApplyLabel] Entering state (zones: {'A': 'EMPTY', 'B': 'EMPTY'}  busy: {'A': True, 'B': False})
2026-04-23 09:00:06,145 DEBUG    [ApplyLabel] No zone needs label → wait
2026-04-23 09:00:06,650 INFO     [ApplyLabel] Entering state (zones: {'A': 'EMPTY', 'B': 'EMPTY'}  busy: {'A': True, 'B': False})
2026-04-23 09:00:06,650 DEBUG    [ApplyLabel] No zone needs label → wait
2026-04-23 09:00:07,152 INFO     [ApplyLabel] Entering state (zones: {'A': 'EMPTY', 'B': 'EMPTY'}  busy: {'A': True, 'B': False})
2026-04-23 09:00:07,152 DEBUG    [ApplyLabel] No zone needs label → wait
2026-04-23 09:00:07,655 INFO     [ApplyLabel] Entering state (zones: {'A': 'EMPTY', 'B': 'EMPTY'}  busy: {'A': True, 'B': False})
2026-04-23 09:00:07,655 DEBUG    [ApplyLabel] No zone needs label → wait
2026-04-23 09:00:08,157 INFO     [ApplyLabel] Entering state (zones: {'A': 'EMPTY', 'B': 'EMPTY'}  busy: {'A': True, 'B': False})
2026-04-23 09:00:08,157 DEBUG    [ApplyLabel] No zone needs label → wait
2026-04-23 09:00:08,659 INFO     [ApplyLabel] Entering state (zones: {'A': 'EMPTY', 'B': 'EMPTY'}  busy: {'A': True, 'B': False})
2026-04-23 09:00:08,659 DEBUG    [ApplyLabel] No zone needs label → wait
2026-04-23 09:00:09,161 INFO     [ApplyLabel] Entering state (zones: {'A': 'EMPTY', 'B': 'EMPTY'}  busy: {'A': True, 'B': False})
2026-04-23 09:00:09,161 DEBUG    [ApplyLabel] No zone needs label → wait
2026-04-23 09:00:09,481 INFO     [ZoneManager] Zone A: EMPTY → NEEDS_LABEL
2026-04-23 09:00:09,481 INFO     [DropToZone] Exiting: dropped (zone A)
2026-04-23 09:00:09,482 DEBUG    [TaskSelector] Evaluating zone states: {'A': 'NEEDS_LABEL', 'B': 'EMPTY'}  busy: {'A': False, 'B': False}
2026-04-23 09:00:09,482 INFO     [TaskSelector] → do_load (empty zone available)
2026-04-23 09:00:09,483 INFO     [FetchInput] Entering state
2026-04-23 09:00:09,667 INFO     [ApplyLabel] Entering state (zones: {'A': 'NEEDS_LABEL', 'B': 'EMPTY'}  busy: {'A': False, 'B': False})
2026-04-23 09:00:09,667 INFO     [ApplyLabel] Applying label to zone A (zone_number=1, depth=-0.0473)
2026-04-23 09:00:09,667 INFO     [compute_label_joints] Requesting label pose for zone 1, item_depth=-0.0473
2026-04-23 09:00:10,062 INFO     [Service] /compute_grasps → success=True msg='Published 3 PnP poses.'
2026-04-23 09:00:10,062 INFO     [FetchInput] Grasp pose received: x=-0.0298 y=-0.3700 z=0.1797
2026-04-23 09:00:10,062 INFO     [IK] compute_pick_joints called — task_pos=[-0.0298 -0.37    0.1797] label_zone=None max_attempts=10 check_collisions=False arm_number=None
2026-04-23 09:00:10,085 INFO     [IK] Arm? compute_pick_joints attempt 1/10 OK — target=([-0.0298 -0.37    0.1797]) pre=[-0.6759 -0.8244 -0.8977 -2.6181 -0.6625  1.9383 -0.3227] final=[-0.5487 -0.7144 -1.1881 -2.726  -0.8547  2.2049 -0.2467] (FK err pre=0.0000 m final=0.0000 m)
2026-04-23 09:00:10,086 INFO     [FetchInput] IK pre_joints:   [-0.6759 -0.8244 -0.8977 -2.6181 -0.6625  1.9383 -0.3227]
2026-04-23 09:00:10,086 INFO     [FetchInput] IK final_joints: [-0.5487 -0.7144 -1.1881 -2.726  -0.8547  2.2049 -0.2467]
2026-04-23 09:00:10,087 INFO     [FetchInput] Moving to pre-pick
2026-04-23 09:00:11,232 INFO     [Service] /compute_grasps_labelling → success=True msg='Zone1=OK, Zone2=FAIL'
2026-04-23 09:00:11,232 INFO     item_depth=-0.0473  X=-0.2909 Y=-0.0030 Z=1.0473  pos(world)=[ 0.463   0.3099 -0.0673]  task_pos=[ 0.463   0.3099 -0.0473]  task_ori=[0.6838 0.7297 0.     0.    ]
2026-04-23 09:00:11,233 INFO     [compute_label_joints] Zone 1 received pose: x=0.4630 y=0.3099 z=-0.0473  RPY r=180.00 p=0.00 y=93.72 deg
2026-04-23 09:00:11,233 INFO     [IK] compute_pick_joints called — task_pos=[ 0.463   0.3099 -0.0473] label_zone=1 max_attempts=10 check_collisions=True arm_number=2
2026-04-23 09:00:11,249 INFO     Arm2: cached 8 obstacles from '/home/ros_ws/src/devel_packages/orio/obstacles_files/obs_arm2_free.p'
2026-04-23 09:00:11,260 WARNING  [IK] attempt 1/10 in collision (pre=False final=True), retrying with new seed
2026-04-23 09:00:11,292 WARNING  [IK] attempt 2/10 in collision (pre=False final=True), retrying with new seed
2026-04-23 09:00:11,319 WARNING  [IK] attempt 3/10 in collision (pre=True final=True), retrying with new seed
2026-04-23 09:00:11,379 WARNING  [IK] attempt 4/10 in collision (pre=True final=True), retrying with new seed
2026-04-23 09:00:11,445 WARNING  [IK] attempt 5/10 in collision (pre=False final=True), retrying with new seed
2026-04-23 09:00:11,492 WARNING  [IK] attempt 6/10 large FK residual (pre=0.2036 m, final=0.2312 m > 0.020 m threshold) — retrying
2026-04-23 09:00:11,589 WARNING  [IK] attempt 7/10 large FK residual (pre=0.4524 m, final=0.5502 m > 0.020 m threshold) — retrying
2026-04-23 09:00:11,621 WARNING  [IK] attempt 8/10 in collision (pre=False final=True), retrying with new seed
2026-04-23 09:00:11,637 WARNING  [IK] attempt 9/10 in collision (pre=True final=True), retrying with new seed
2026-04-23 09:00:11,660 WARNING  [IK] attempt 10/10 in collision (pre=False final=True), retrying with new seed
2026-04-23 09:00:11,660 ERROR    [APPLY_LABEL] Unhandled exception: [IK] Failed to find a collision-free configuration for target=[ 0.463   0.3099 -0.0473] after 10 attempts
2026-04-23 09:00:11,662 WARNING  [ARM2 Recovery] Pausing ARM2 — showing GUI (ARM1 continues)
2026-04-23 09:00:13,294 INFO     [FetchInput] Descending to pick
2026-04-23 09:00:15,400 INFO     [Service] /orio/pnp_cup/on → success=True msg='PnP Cup ON command sent'
2026-04-23 09:00:16,400 INFO     [FetchInput] Retracting to pre-pick height
2026-04-23 09:00:18,514 INFO     [IK] pose_to_joints 'FETCH_SAFE' depth_offset=0.1797 → joints=[-0.101  -0.8323  0.0693 -2.4819  0.0514  1.6507  0.7269]
2026-04-23 09:00:20,980 INFO     [Service] /get_depth_at_grasp → success=True msg='0.14083030544417924'
2026-04-23 09:00:20,980 INFO     [FetchInput] grasp_depth=0.1797 m  after_grasp_depth=0.1408 m  item_height=0.0388 m
2026-04-23 09:00:21,481 INFO     [FetchInput] Exiting: succeeded (item_depth=0.0388)
2026-04-23 09:00:21,483 INFO     [DropToZone] Entering state (item_depth=0.0388)
2026-04-23 09:00:21,483 INFO     [DropToZone] Targeting zone B
2026-04-23 09:00:21,494 INFO     [IK] pose_to_joints 'L2_INTER' depth_offset=0.0388 → joints=[ 0.0603 -0.5547  0.5999 -2.5816  0.3479  2.0821  1.1967]
2026-04-23 09:00:21,504 INFO     [IK] pose_to_joints 'LABEL_ZONE_2' depth_offset=0.0488 → joints=[ 0.3477  1.1739 -0.0515 -0.8718  0.0533  2.0447  1.0888]
2026-04-23 09:00:21,504 INFO     [DropToZone] place_joints for LABEL_ZONE_2: [ 0.3477  1.1739 -0.0515 -0.8718  0.0533  2.0447  1.0888]
2026-04-23 09:00:27,417 INFO     [Service] /orio/pnp_cup/off → success=True msg='PnP Cup OFF command sent'
2026-04-23 09:00:30,903 INFO     [ZoneManager] Zone B: EMPTY → NEEDS_LABEL
2026-04-23 09:00:30,903 INFO     [DropToZone] Exiting: dropped (zone B)
2026-04-23 09:02:22,540 INFO     [Recovery] Zones updated: {'A': 'EMPTY', 'B': 'EMPTY'}  busy: {'A': False, 'B': False}
2026-04-23 09:02:25,522 INFO     [Recovery] Zones updated: {'A': 'EMPTY', 'B': 'EMPTY'}  busy: {'A': False, 'B': False}
2026-04-23 09:02:25,525 INFO     [ARM2 Recovery] choice=GET_LABEL
2026-04-23 09:02:25,525 INFO     [ARM2 Recovery] resuming
2026-04-23 09:02:25,526 INFO     [GetLabel] Entering state
2026-04-23 09:02:25,627 DEBUG    [TaskSelector] Evaluating zone states: {'A': 'EMPTY', 'B': 'EMPTY'}  busy: {'A': False, 'B': False}
2026-04-23 09:02:25,627 INFO     [TaskSelector] → do_load (empty zone available)
2026-04-23 09:02:25,630 INFO     [FetchInput] Entering state
2026-04-23 09:02:26,158 INFO     [Service] /compute_grasps → success=True msg='Published 1 PnP poses.'
2026-04-23 09:02:26,159 INFO     [FetchInput] Grasp pose received: x=0.2586 y=-0.3480 z=0.1281
2026-04-23 09:02:26,159 INFO     [IK] compute_pick_joints called — task_pos=[ 0.2586 -0.348   0.1281] label_zone=None max_attempts=10 check_collisions=False arm_number=None
2026-04-23 09:02:26,181 INFO     [IK] Arm? compute_pick_joints attempt 1/10 OK — target=([ 0.2586 -0.348   0.1281]) pre=[-0.2165 -0.2977 -0.7172 -2.5458 -0.2618  2.3013  0.0509] final=[ 0.1038  0.0047 -1.0343 -2.6195  0.0081  2.6219 -0.1521] (FK err pre=0.0000 m final=0.0000 m)
2026-04-23 09:02:26,182 INFO     [FetchInput] IK pre_joints:   [-0.2165 -0.2977 -0.7172 -2.5458 -0.2618  2.3013  0.0509]
2026-04-23 09:02:26,182 INFO     [FetchInput] IK final_joints: [ 0.1038  0.0047 -1.0343 -2.6195  0.0081  2.6219 -0.1521]
2026-04-23 09:02:26,182 INFO     [FetchInput] Moving to pre-pick
2026-04-23 09:02:29,386 INFO     [FetchInput] Descending to pick
2026-04-23 09:02:31,774 INFO     [Service] /orio/pnp_cup/on → success=True msg='PnP Cup ON command sent'
2026-04-23 09:02:32,775 INFO     [FetchInput] Retracting to pre-pick height
2026-04-23 09:02:35,238 INFO     [IK] pose_to_joints 'FETCH_SAFE' depth_offset=0.1281 → joints=[-0.1231 -0.8461  0.0945 -2.6199  0.0722  1.7755  0.7104]
2026-04-23 09:02:35,737 INFO     [Service] /orio/lbl_cup/on → success=True msg='Labelling Cup ON command sent'
2026-04-23 09:02:39,060 INFO     [IK] pose_to_joints 'LABELLING_SAFE' depth_offset=0.0000 → joints=[-0.065  -1.2718  0.0356 -2.707   0.0343  1.4354  0.7355]
2026-04-23 09:02:39,065 INFO     [Service] /get_depth_at_grasp → success=True msg='0.07610657108249569'
2026-04-23 09:02:39,065 INFO     [FetchInput] grasp_depth=0.1281 m  after_grasp_depth=0.0761 m  item_height=0.0520 m
2026-04-23 09:02:39,566 INFO     [FetchInput] Exiting: succeeded (item_depth=0.0520)
2026-04-23 09:02:39,567 INFO     [DropToZone] Entering state (item_depth=0.0520)
2026-04-23 09:02:39,567 INFO     [DropToZone] Targeting zone A
2026-04-23 09:02:39,580 INFO     [IK] pose_to_joints 'L1_INTER' depth_offset=0.0520 → joints=[-0.319  -0.5054 -0.3524 -2.5673 -0.1926  2.0803  0.2499]
2026-04-23 09:02:39,590 INFO     [IK] pose_to_joints 'LABEL_ZONE_1' depth_offset=0.0620 → joints=[-0.2349  1.1553 -0.1712 -0.8822  0.1745  2.0259  0.4034]
2026-04-23 09:02:39,591 INFO     [DropToZone] place_joints for LABEL_ZONE_1: [-0.2349  1.1553 -0.1712 -0.8822  0.1745  2.0259  0.4034]
2026-04-23 09:02:42,348 INFO     [GetLabel] Exiting: succeeded
2026-04-23 09:02:42,349 INFO     [ApplyLabel] Entering state (zones: {'A': 'EMPTY', 'B': 'EMPTY'}  busy: {'A': True, 'B': False})
2026-04-23 09:02:42,349 DEBUG    [ApplyLabel] No zone needs label → wait
2026-04-23 09:02:42,850 INFO     [ApplyLabel] Entering state (zones: {'A': 'EMPTY', 'B': 'EMPTY'}  busy: {'A': True, 'B': False})
2026-04-23 09:02:42,851 DEBUG    [ApplyLabel] No zone needs label → wait
2026-04-23 09:02:43,352 INFO     [ApplyLabel] Entering state (zones: {'A': 'EMPTY', 'B': 'EMPTY'}  busy: {'A': True, 'B': False})
2026-04-23 09:02:43,352 DEBUG    [ApplyLabel] No zone needs label → wait
2026-04-23 09:02:43,853 INFO     [ApplyLabel] Entering state (zones: {'A': 'EMPTY', 'B': 'EMPTY'}  busy: {'A': True, 'B': False})
2026-04-23 09:02:43,853 DEBUG    [ApplyLabel] No zone needs label → wait
2026-04-23 09:02:44,356 INFO     [ApplyLabel] Entering state (zones: {'A': 'EMPTY', 'B': 'EMPTY'}  busy: {'A': True, 'B': False})
2026-04-23 09:02:44,356 DEBUG    [ApplyLabel] No zone needs label → wait
2026-04-23 09:02:44,858 INFO     [ApplyLabel] Entering state (zones: {'A': 'EMPTY', 'B': 'EMPTY'}  busy: {'A': True, 'B': False})
2026-04-23 09:02:44,858 DEBUG    [ApplyLabel] No zone needs label → wait
2026-04-23 09:02:45,361 INFO     [ApplyLabel] Entering state (zones: {'A': 'EMPTY', 'B': 'EMPTY'}  busy: {'A': True, 'B': False})
2026-04-23 09:02:45,361 DEBUG    [ApplyLabel] No zone needs label → wait
2026-04-23 09:02:45,862 INFO     [ApplyLabel] Entering state (zones: {'A': 'EMPTY', 'B': 'EMPTY'}  busy: {'A': True, 'B': False})
2026-04-23 09:02:45,863 DEBUG    [ApplyLabel] No zone needs label → wait
2026-04-23 09:02:46,218 INFO     [Service] /orio/pnp_cup/off → success=True msg='PnP Cup OFF command sent'
2026-04-23 09:02:46,365 INFO     [ApplyLabel] Entering state (zones: {'A': 'EMPTY', 'B': 'EMPTY'}  busy: {'A': True, 'B': False})
2026-04-23 09:02:46,365 DEBUG    [ApplyLabel] No zone needs label → wait
2026-04-23 09:02:46,867 INFO     [ApplyLabel] Entering state (zones: {'A': 'EMPTY', 'B': 'EMPTY'}  busy: {'A': True, 'B': False})
2026-04-23 09:02:46,867 DEBUG    [ApplyLabel] No zone needs label → wait
2026-04-23 09:02:47,369 INFO     [ApplyLabel] Entering state (zones: {'A': 'EMPTY', 'B': 'EMPTY'}  busy: {'A': True, 'B': False})
2026-04-23 09:02:47,369 DEBUG    [ApplyLabel] No zone needs label → wait
2026-04-23 09:02:47,870 INFO     [ApplyLabel] Entering state (zones: {'A': 'EMPTY', 'B': 'EMPTY'}  busy: {'A': True, 'B': False})
2026-04-23 09:02:47,871 DEBUG    [ApplyLabel] No zone needs label → wait
2026-04-23 09:02:48,372 INFO     [ApplyLabel] Entering state (zones: {'A': 'EMPTY', 'B': 'EMPTY'}  busy: {'A': True, 'B': False})
2026-04-23 09:02:48,372 DEBUG    [ApplyLabel] No zone needs label → wait
2026-04-23 09:02:48,874 INFO     [ApplyLabel] Entering state (zones: {'A': 'EMPTY', 'B': 'EMPTY'}  busy: {'A': True, 'B': False})
2026-04-23 09:02:48,874 DEBUG    [ApplyLabel] No zone needs label → wait
2026-04-23 09:02:49,377 INFO     [ApplyLabel] Entering state (zones: {'A': 'EMPTY', 'B': 'EMPTY'}  busy: {'A': True, 'B': False})
2026-04-23 09:02:49,377 DEBUG    [ApplyLabel] No zone needs label → wait
2026-04-23 09:02:49,693 INFO     [ZoneManager] Zone A: EMPTY → NEEDS_LABEL
2026-04-23 09:02:49,693 INFO     [DropToZone] Exiting: dropped (zone A)
2026-04-23 09:02:49,695 DEBUG    [TaskSelector] Evaluating zone states: {'A': 'NEEDS_LABEL', 'B': 'EMPTY'}  busy: {'A': False, 'B': False}
2026-04-23 09:02:49,695 INFO     [TaskSelector] → do_load (empty zone available)
2026-04-23 09:02:49,696 INFO     [FetchInput] Entering state
2026-04-23 09:02:49,879 INFO     [ApplyLabel] Entering state (zones: {'A': 'NEEDS_LABEL', 'B': 'EMPTY'}  busy: {'A': False, 'B': False})
2026-04-23 09:02:49,879 INFO     [ApplyLabel] Applying label to zone A (zone_number=1, depth=0.0520)
2026-04-23 09:02:49,879 INFO     [compute_label_joints] Requesting label pose for zone 1, item_depth=0.0520
2026-04-23 09:02:50,197 INFO     [Service] /compute_grasps → success=True msg='Published 1 PnP poses.'
2026-04-23 09:02:50,197 INFO     [FetchInput] Grasp pose received: x=0.2533 y=-0.3392 z=0.0752
2026-04-23 09:02:50,197 INFO     [IK] compute_pick_joints called — task_pos=[ 0.2533 -0.3392  0.0752] label_zone=None max_attempts=10 check_collisions=False arm_number=None
2026-04-23 09:02:50,215 INFO     [IK] Arm? compute_pick_joints attempt 1/10 OK — target=([ 0.2533 -0.3392  0.0752]) pre=[-0.1868 -0.1978 -0.7656 -2.6267 -0.221   2.4712  0.0171] final=[-0.1383  0.1901 -0.7254 -2.6399  0.3455  2.7625 -0.392 ] (FK err pre=0.0000 m final=0.0000 m)
2026-04-23 09:02:50,215 INFO     [FetchInput] IK pre_joints:   [-0.1868 -0.1978 -0.7656 -2.6267 -0.221   2.4712  0.0171]
2026-04-23 09:02:50,216 INFO     [FetchInput] IK final_joints: [-0.1383  0.1901 -0.7254 -2.6399  0.3455  2.7625 -0.392 ]
2026-04-23 09:02:50,216 INFO     [FetchInput] Moving to pre-pick
2026-04-23 09:02:51,551 INFO     [Service] /compute_grasps_labelling → success=True msg='Zone1=OK, Zone2=FAIL'
2026-04-23 09:02:51,551 INFO     item_depth=0.0520  X=-0.2640 Y=-0.0209 Z=0.9480  pos(world)=[0.4809 0.283  0.032 ]  task_pos=[0.4809 0.283  0.052 ]  task_ori=[0.0023 1.     0.     0.    ]
2026-04-23 09:02:51,553 INFO     [compute_label_joints] Zone 1 received pose: x=0.4809 y=0.2830 z=0.0520  RPY r=180.00 p=0.00 y=179.73 deg
2026-04-23 09:02:51,553 INFO     [IK] compute_pick_joints called — task_pos=[0.4809 0.283  0.052 ] label_zone=1 max_attempts=10 check_collisions=True arm_number=2
2026-04-23 09:02:51,585 INFO     [IK] Arm2 compute_pick_joints attempt 1/10 OK — target=([0.4809 0.283  0.052 ]) pre=[-0.2992  0.3743  0.8436 -2.1705 -0.4085  2.3833 -1.5384] final=[-0.0416  0.547   0.5446 -2.1589 -0.5264  2.5754 -1.4597] (FK err pre=0.0000 m final=0.0000 m)
2026-04-23 09:02:51,586 INFO     [ApplyLabel] IK pre_joints=[-0.2992  0.3743  0.8436 -2.1705 -0.4085  2.3833 -1.5384]  final_joints=[-0.0416  0.547   0.5446 -2.1589 -0.5264  2.5754 -1.4597]
2026-04-23 09:02:51,587 INFO     [ApplyLabel] Registering label — item='rewyt' expiry='1111-11-11'
2026-04-23 09:02:53,419 INFO     [FetchInput] Descending to pick
2026-04-23 09:02:55,823 INFO     [Service] /orio/pnp_cup/on → success=True msg='PnP Cup ON command sent'
2026-04-23 09:02:56,702 ERROR    [RFID] Service call failed for /inventory/add_item: timeout exceeded while waiting for service /inventory/add_item
2026-04-23 09:02:56,824 INFO     [FetchInput] Retracting to pre-pick height
2026-04-23 09:02:59,305 INFO     [IK] pose_to_joints 'FETCH_SAFE' depth_offset=0.0752 → joints=[-0.0992 -0.8314  0.087  -2.7476  0.0683  1.9174  0.7217]
2026-04-23 09:03:01,920 INFO     [Service] /get_depth_at_grasp → success=True msg='0.007370234131926778'
2026-04-23 09:03:01,920 INFO     [FetchInput] grasp_depth=0.0752 m  after_grasp_depth=0.0074 m  item_height=0.0679 m
2026-04-23 09:03:02,421 INFO     [FetchInput] Exiting: succeeded (item_depth=0.0679)
2026-04-23 09:03:02,422 INFO     [DropToZone] Entering state (item_depth=0.0679)
2026-04-23 09:03:02,422 INFO     [DropToZone] Targeting zone B
2026-04-23 09:03:02,431 INFO     [IK] pose_to_joints 'L2_INTER' depth_offset=0.0679 → joints=[ 0.1085 -0.5716  0.5323 -2.5317  0.3077  2.0069  1.2204]
2026-04-23 09:03:02,441 INFO     [IK] pose_to_joints 'LABEL_ZONE_2' depth_offset=0.0779 → joints=[ 0.3318  1.1195 -0.0195 -0.8951  0.0194  2.0144  1.1003]
2026-04-23 09:03:02,442 INFO     [DropToZone] place_joints for LABEL_ZONE_2: [ 0.3318  1.1195 -0.0195 -0.8951  0.0194  2.0144  1.1003]
2026-04-23 09:03:07,020 INFO     [Service] /orio/lbl_cup/off → success=True msg='Labelling Cup OFF command sent'
2026-04-23 09:03:08,291 INFO     [Service] /orio/pnp_cup/off → success=True msg='PnP Cup OFF command sent'
2026-04-23 09:03:10,239 INFO     [IK] pose_to_joints 'LABELLING_SAFE' depth_offset=0.0000 → joints=[-0.065  -1.2718  0.0356 -2.707   0.0343  1.4354  0.7355]
2026-04-23 09:03:13,746 INFO     [ZoneManager] Zone A: NEEDS_LABEL → READY_FOR_PICKUP
2026-04-23 09:03:13,746 INFO     [ApplyLabel] Exiting: labeled (zone A)
2026-04-23 09:03:13,746 INFO     [ZoneManager] Zone B: EMPTY → NEEDS_LABEL
2026-04-23 09:03:13,746 INFO     [DropToZone] Exiting: dropped (zone B)
2026-04-23 09:03:13,747 INFO     [GetLabel] Entering state
2026-04-23 09:03:13,748 DEBUG    [TaskSelector] Evaluating zone states: {'A': 'READY_FOR_PICKUP', 'B': 'NEEDS_LABEL'}  busy: {'A': False, 'B': False}
2026-04-23 09:03:13,749 INFO     [TaskSelector] → do_unload (both zones occupied, ready zone exists)
2026-04-23 09:03:13,751 INFO     [RetrieveFromZone] Entering state
2026-04-23 09:03:13,751 INFO     [RetrieveFromZone] Picking from zone A (depth=0.0520)
2026-04-23 09:03:13,762 INFO     [IK] pose_to_joints 'L1_INTER' depth_offset=0.0520 → joints=[-0.319  -0.5054 -0.3524 -2.5673 -0.1926  2.0803  0.2499]
2026-04-23 09:03:13,775 INFO     [IK] pose_to_joints 'LABEL_ZONE_1' depth_offset=0.1520 → joints=[-0.2326  1.0295 -0.1782 -0.8784  0.1611  1.8969  0.4082]
2026-04-23 09:03:13,795 INFO     [IK] pose_to_joints 'LABEL_ZONE_1' depth_offset=0.0420 → joints=[-0.238   1.1947 -0.1682 -0.8614  0.1759  2.0449  0.4042]
2026-04-23 09:03:13,797 INFO     [RetrieveFromZone] A pre_pick=[-0.2326  1.0295 -0.1782 -0.8784  0.1611  1.8969  0.4082] pick=[-0.238   1.1947 -0.1682 -0.8614  0.1759  2.0449  0.4042]
2026-04-23 09:03:20,859 INFO     [Service] /orio/pnp_cup/on → success=True msg='PnP Cup ON command sent'
2026-04-23 09:03:21,859 INFO     [RetrieveFromZone] Retracting to pre-pick height
2026-04-23 09:03:23,977 INFO     [Service] /orio/lbl_cup/on → success=True msg='Labelling Cup ON command sent'
2026-04-23 09:03:27,377 INFO     [ZoneManager] Zone A: READY_FOR_PICKUP → EMPTY
2026-04-23 09:03:27,377 INFO     [RetrieveFromZone] Exiting: picked (zone A)
2026-04-23 09:03:27,386 INFO     [IK] pose_to_joints 'LABELLING_SAFE' depth_offset=0.0000 → joints=[-0.065  -1.2718  0.0356 -2.707   0.0343  1.4354  0.7355]
2026-04-23 09:03:27,386 INFO     [PlaceOutput] Entering state (retrieved_depth=0.0520)
2026-04-23 09:03:27,411 INFO     [IK] pose_to_joints 'OUTPUT1' depth_offset=0.2020 → joints=[-1.4592 -0.8428  2.7309 -0.8261  0.303   1.6231  2.1694]
2026-04-23 09:03:27,423 INFO     [IK] pose_to_joints 'L2_INTER' depth_offset=0.0520 → joints=[ 0.0815 -0.5637  0.5694 -2.5598  0.3302  2.0476  1.2069]
2026-04-23 09:03:27,424 INFO     [PlaceOutput] drop_joints: [-1.4592 -0.8428  2.7309 -0.8261  0.303   1.6231  2.1694]
2026-04-23 09:03:30,608 INFO     [GetLabel] Exiting: succeeded
2026-04-23 09:03:30,610 INFO     [ApplyLabel] Entering state (zones: {'A': 'EMPTY', 'B': 'NEEDS_LABEL'}  busy: {'A': False, 'B': False})
2026-04-23 09:03:30,610 INFO     [ApplyLabel] Applying label to zone B (zone_number=2, depth=0.0679)
2026-04-23 09:03:30,610 INFO     [compute_label_joints] Requesting label pose for zone 2, item_depth=0.0679
2026-04-23 09:03:32,299 INFO     [Service] /compute_grasps_labelling → success=True msg='Zone1=FAIL, Zone2=OK'
2026-04-23 09:03:32,300 INFO     item_depth=0.0679  X=0.2301 Y=-0.0718 Z=0.9321  pos(world)=[ 0.5318 -0.2111  0.0479]  task_pos=[ 0.5318 -0.2111  0.0679]  task_ori=[0.6933 0.7207 0.     0.    ]
2026-04-23 09:03:32,300 INFO     [compute_label_joints] Zone 2 received pose: x=0.5318 y=-0.2111 z=0.0679  RPY r=180.00 p=0.00 y=92.22 deg
2026-04-23 09:03:32,300 INFO     [IK] compute_pick_joints called — task_pos=[ 0.5318 -0.2111  0.0679] label_zone=2 max_attempts=10 check_collisions=True arm_number=2
2026-04-23 09:03:32,325 INFO     [IK] Arm2 compute_pick_joints attempt 1/10 OK — target=([ 0.5318 -0.2111  0.0679]) pre=[-0.2186  0.2594 -0.1625 -2.1253  0.0602  2.3806 -1.2436] final=[-0.4189  0.4559  0.0396 -2.1359 -0.0333  2.5912 -1.1791] (FK err pre=0.0000 m final=0.0000 m)
2026-04-23 09:03:32,326 INFO     [ApplyLabel] IK pre_joints=[-0.2186  0.2594 -0.1625 -2.1253  0.0602  2.3806 -1.2436]  final_joints=[-0.4189  0.4559  0.0396 -2.1359 -0.0333  2.5912 -1.1791]
2026-04-23 09:03:32,326 INFO     [ApplyLabel] Registering label — item='rewyt' expiry='1111-11-11'
2026-04-23 09:03:34,015 INFO     [Service] /orio/pnp_cup/off → success=True msg='PnP Cup OFF command sent'
2026-04-23 09:03:37,442 ERROR    [RFID] Service call failed for /inventory/add_item: timeout exceeded while waiting for service /inventory/add_item
2026-04-23 09:03:42,547 INFO     [PlaceOutput] Exiting: succeeded (total items placed: 1)
2026-04-23 09:03:42,550 INFO     [FetchInput] Entering state
2026-04-23 09:03:43,089 INFO     [Service] /compute_grasps → success=True msg='Published 1 PnP poses.'
2026-04-23 09:03:43,090 INFO     [FetchInput] Grasp pose received: x=0.3203 y=-0.6131 z=0.1641
2026-04-23 09:03:43,090 INFO     [IK] compute_pick_joints called — task_pos=[ 0.3203 -0.6131  0.1641] label_zone=None max_attempts=10 check_collisions=False arm_number=None
2026-04-23 09:03:43,113 INFO     [IK] Arm? compute_pick_joints attempt 1/10 OK — target=([ 0.3203 -0.6131  0.1641]) pre=[-0.4644  0.6358 -0.8229 -1.4918  0.4811  1.9168 -0.5687] final=[-0.5471  0.7101 -0.6757 -1.5869  0.498   2.1186 -0.5837] (FK err pre=0.0000 m final=0.0000 m)
2026-04-23 09:03:43,115 INFO     [FetchInput] IK pre_joints:   [-0.4644  0.6358 -0.8229 -1.4918  0.4811  1.9168 -0.5687]
2026-04-23 09:03:43,115 INFO     [FetchInput] IK final_joints: [-0.5471  0.7101 -0.6757 -1.5869  0.498   2.1186 -0.5837]
2026-04-23 09:03:43,115 INFO     [FetchInput] Moving to pre-pick
2026-04-23 09:03:46,538 INFO     [FetchInput] Descending to pick
2026-04-23 09:03:47,558 INFO     [Service] /orio/lbl_cup/off → success=True msg='Labelling Cup OFF command sent'
2026-04-23 09:03:48,746 INFO     [Service] /orio/pnp_cup/on → success=True msg='PnP Cup ON command sent'
2026-04-23 09:03:49,748 INFO     [FetchInput] Retracting to pre-pick height
2026-04-23 09:03:50,958 INFO     [IK] pose_to_joints 'LABELLING_SAFE' depth_offset=0.0000 → joints=[-0.065  -1.2718  0.0356 -2.707   0.0343  1.4354  0.7355]
2026-04-23 09:03:51,968 INFO     [IK] pose_to_joints 'FETCH_SAFE' depth_offset=0.1641 → joints=[-0.1109 -0.8388  0.0786 -2.5248  0.0588  1.6873  0.7202]
2026-04-23 09:03:54,410 INFO     [Service] /get_depth_at_grasp → success=True msg='0.0875586308976325'
2026-04-23 09:03:54,411 INFO     [FetchInput] grasp_depth=0.1641 m  after_grasp_depth=0.0876 m  item_height=0.0766 m
2026-04-23 09:03:54,413 INFO     [ZoneManager] Zone B: NEEDS_LABEL → READY_FOR_PICKUP
2026-04-23 09:03:54,413 INFO     [ApplyLabel] Exiting: labeled (zone B)
2026-04-23 09:03:54,414 INFO     [GetLabel] Entering state
2026-04-23 09:03:54,911 INFO     [FetchInput] Exiting: succeeded (item_depth=0.0766)
2026-04-23 09:03:54,913 INFO     [DropToZone] Entering state (item_depth=0.0766)
2026-04-23 09:03:54,913 INFO     [DropToZone] Targeting zone A
2026-04-23 09:03:54,923 INFO     [IK] pose_to_joints 'L1_INTER' depth_offset=0.0766 → joints=[-0.3125 -0.5307 -0.3461 -2.5212 -0.1908  2.0097  0.2533]
2026-04-23 09:03:54,933 INFO     [IK] pose_to_joints 'LABEL_ZONE_1' depth_offset=0.0866 → joints=[-0.2323  1.1128 -0.1747 -0.8964  0.1721  1.9974  0.4034]
2026-04-23 09:03:54,933 INFO     [DropToZone] place_joints for LABEL_ZONE_1: [-0.2323  1.1128 -0.1747 -0.8964  0.1721  1.9974  0.4034]
2026-04-23 09:04:01,496 INFO     [Service] /orio/pnp_cup/off → success=True msg='PnP Cup OFF command sent'
2026-04-23 09:04:04,624 INFO     [Service] /orio/lbl_cup/on → success=True msg='Labelling Cup ON command sent'
2026-04-23 09:04:04,970 INFO     [ZoneManager] Zone A: EMPTY → NEEDS_LABEL
2026-04-23 09:04:04,971 INFO     [DropToZone] Exiting: dropped (zone A)
2026-04-23 09:04:04,972 DEBUG    [TaskSelector] Evaluating zone states: {'A': 'NEEDS_LABEL', 'B': 'READY_FOR_PICKUP'}  busy: {'A': False, 'B': False}
2026-04-23 09:04:04,972 INFO     [TaskSelector] → do_unload (both zones occupied, ready zone exists)
2026-04-23 09:04:04,973 INFO     [RetrieveFromZone] Entering state
2026-04-23 09:04:04,973 INFO     [RetrieveFromZone] Picking from zone B (depth=0.0679)
2026-04-23 09:04:04,983 INFO     [IK] pose_to_joints 'L2_INTER' depth_offset=0.0679 → joints=[ 0.1085 -0.5716  0.5323 -2.5317  0.3077  2.0069  1.2204]
2026-04-23 09:04:04,991 INFO     [IK] pose_to_joints 'LABEL_ZONE_2' depth_offset=0.1679 → joints=[ 0.3062  1.0093  0.0314 -0.863  -0.0279  1.872   1.1166]
2026-04-23 09:04:04,999 INFO     [IK] pose_to_joints 'LABEL_ZONE_2' depth_offset=0.0579 → joints=[ 0.3436  1.1559 -0.043  -0.8809  0.0441  2.0362  1.0919]
2026-04-23 09:04:05,000 INFO     [RetrieveFromZone] B pre_pick=[ 0.3062  1.0093  0.0314 -0.863  -0.0279  1.872   1.1166] pick=[ 0.3436  1.1559 -0.043  -0.8809  0.0441  2.0362  1.0919]
2026-04-23 09:04:08,058 INFO     [IK] pose_to_joints 'LABELLING_SAFE' depth_offset=0.0000 → joints=[-0.065  -1.2718  0.0356 -2.707   0.0343  1.4354  0.7355]
2026-04-23 09:04:11,264 INFO     [GetLabel] Exiting: succeeded
2026-04-23 09:04:11,266 INFO     [ApplyLabel] Entering state (zones: {'A': 'NEEDS_LABEL', 'B': 'READY_FOR_PICKUP'}  busy: {'A': False, 'B': True})
2026-04-23 09:04:11,266 INFO     [ApplyLabel] Applying label to zone A (zone_number=1, depth=0.0766)
2026-04-23 09:04:11,267 INFO     [compute_label_joints] Requesting label pose for zone 1, item_depth=0.0766
2026-04-23 09:04:12,125 INFO     [Service] /orio/pnp_cup/on → success=True msg='PnP Cup ON command sent'
2026-04-23 09:04:12,949 INFO     [Service] /compute_grasps_labelling → success=True msg='Zone1=OK, Zone2=OK'
2026-04-23 09:04:12,950 INFO     item_depth=0.0766  X=-0.2357 Y=0.0720 Z=0.9234  pos(world)=[0.388  0.2547 0.0566]  task_pos=[0.388  0.2547 0.0766]  task_ori=[0.7016 0.7125 0.     0.    ]
2026-04-23 09:04:12,951 INFO     [compute_label_joints] Zone 1 received pose: x=0.3880 y=0.2547 z=0.0766  RPY r=180.00 p=0.00 y=90.88 deg
2026-04-23 09:04:12,951 INFO     [IK] compute_pick_joints called — task_pos=[0.388  0.2547 0.0766] label_zone=1 max_attempts=10 check_collisions=True arm_number=2
2026-04-23 09:04:12,969 INFO     [IK] Arm2 compute_pick_joints attempt 1/10 OK — target=([0.388  0.2547 0.0766]) pre=[ 0.259  -0.0393  0.3231 -2.4994  0.0199  2.4621 -0.2344] final=[ 0.1049  0.2391  0.4383 -2.513  -0.2474  2.7188 -0.0422] (FK err pre=0.0000 m final=0.0000 m)
2026-04-23 09:04:12,970 INFO     [ApplyLabel] IK pre_joints=[ 0.259  -0.0393  0.3231 -2.4994  0.0199  2.4621 -0.2344]  final_joints=[ 0.1049  0.2391  0.4383 -2.513  -0.2474  2.7188 -0.0422]
2026-04-23 09:04:12,970 INFO     [ApplyLabel] Registering label — item='rewyt' expiry='1111-11-11'
2026-04-23 09:04:13,126 INFO     [RetrieveFromZone] Retracting to pre-pick height
2026-04-23 09:04:17,634 INFO     [ZoneManager] Zone B: READY_FOR_PICKUP → EMPTY
2026-04-23 09:04:17,634 INFO     [RetrieveFromZone] Exiting: picked (zone B)
2026-04-23 09:04:17,635 INFO     [PlaceOutput] Entering state (retrieved_depth=0.0679)
2026-04-23 09:04:17,711 INFO     [IK] pose_to_joints 'OUTPUT2' depth_offset=0.2179 → joints=[ 1.2351e+00  1.0072e+00  8.0000e-04 -4.6700e-01 -7.0000e-04  1.4781e+00
  2.0208e+00]
2026-04-23 09:04:17,722 INFO     [IK] pose_to_joints 'L2_INTER' depth_offset=0.0679 → joints=[ 0.1085 -0.5716  0.5323 -2.5317  0.3077  2.0069  1.2204]
2026-04-23 09:04:17,722 INFO     [PlaceOutput] drop_joints: [ 1.2351e+00  1.0072e+00  8.0000e-04 -4.6700e-01 -7.0000e-04  1.4781e+00
  2.0208e+00]
2026-04-23 09:04:18,084 ERROR    [RFID] Service call failed for /inventory/add_item: timeout exceeded while waiting for service /inventory/add_item
2026-04-23 09:04:21,220 INFO     [Service] /orio/pnp_cup/off → success=True msg='PnP Cup OFF command sent'
2026-04-23 09:04:28,293 INFO     [PlaceOutput] Exiting: succeeded (total items placed: 2)
2026-04-23 09:04:28,294 INFO     [FetchInput] Entering state
2026-04-23 09:04:28,295 INFO     [Service] /orio/lbl_cup/off → success=True msg='Labelling Cup OFF command sent'
2026-04-23 09:04:28,822 INFO     [Service] /compute_grasps → success=True msg='Published 2 PnP poses.'
2026-04-23 09:04:28,822 INFO     [FetchInput] Grasp pose received: x=0.3466 y=-0.6146 z=0.0822
2026-04-23 09:04:28,822 INFO     [IK] compute_pick_joints called — task_pos=[ 0.3466 -0.6146  0.0822] label_zone=None max_attempts=10 check_collisions=False arm_number=None
2026-04-23 09:04:28,835 INFO     [IK] Arm? compute_pick_joints attempt 1/10 OK — target=([ 0.3466 -0.6146  0.0822]) pre=[-0.4762  0.768  -0.7684 -1.4965  0.5693  2.0316 -0.5756] final=[-0.6025  0.8595 -0.5719 -1.5233  0.5411  2.2209 -0.5637] (FK err pre=0.0000 m final=0.0000 m)
2026-04-23 09:04:28,836 INFO     [FetchInput] IK pre_joints:   [-0.4762  0.768  -0.7684 -1.4965  0.5693  2.0316 -0.5756]
2026-04-23 09:04:28,836 INFO     [FetchInput] IK final_joints: [-0.6025  0.8595 -0.5719 -1.5233  0.5411  2.2209 -0.5637]
2026-04-23 09:04:28,836 INFO     [FetchInput] Moving to pre-pick
2026-04-23 09:04:31,761 INFO     [IK] pose_to_joints 'LABELLING_SAFE' depth_offset=0.0000 → joints=[-0.065  -1.2718  0.0356 -2.707   0.0343  1.4354  0.7355]
2026-04-23 09:04:32,237 INFO     [FetchInput] Descending to pick
2026-04-23 09:04:34,445 INFO     [Service] /orio/pnp_cup/on → success=True msg='PnP Cup ON command sent'
2026-04-23 09:04:35,200 INFO     [ZoneManager] Zone A: NEEDS_LABEL → READY_FOR_PICKUP
2026-04-23 09:04:35,200 INFO     [ApplyLabel] Exiting: labeled (zone A)
2026-04-23 09:04:35,201 INFO     [GetLabel] Entering state
2026-04-23 09:04:35,447 INFO     [FetchInput] Retracting to pre-pick height
2026-04-23 09:04:37,660 INFO     [IK] pose_to_joints 'FETCH_SAFE' depth_offset=0.0822 → joints=[-0.1011 -0.835   0.0871 -2.7317  0.0681  1.8979  0.7209]
2026-04-23 09:04:40,311 INFO     [Service] /get_depth_at_grasp → success=True msg='0.1390987657249706'
2026-04-23 09:04:40,311 INFO     [FetchInput] grasp_depth=0.0822 m  after_grasp_depth=0.1391 m  item_height=-0.0569 m
2026-04-23 09:04:40,812 INFO     [FetchInput] Exiting: succeeded (item_depth=-0.0569)
2026-04-23 09:04:40,813 INFO     [DropToZone] Entering state (item_depth=-0.0569)
2026-04-23 09:04:40,813 INFO     [DropToZone] Targeting zone B
2026-04-23 09:04:40,824 INFO     [IK] pose_to_joints 'L2_INTER' depth_offset=-0.0569 → joints=[ 0.1716 -0.33    0.5521 -2.713   0.258   2.4125  1.2903]
2026-04-23 09:04:40,840 INFO     [IK] pose_to_joints 'LABEL_ZONE_2' depth_offset=-0.0469 → joints=[ 0.3504  1.4837 -0.0857 -0.5498  0.0953  2.0314  1.0858]
2026-04-23 09:04:40,841 INFO     [DropToZone] place_joints for LABEL_ZONE_2: [ 0.3504  1.4837 -0.0857 -0.5498  0.0953  2.0314  1.0858]
2026-04-23 09:04:43,238 ERROR    [DROP_TO_ZONE] Unhandled exception: Target joints in collision with virtual walls!
2026-04-23 09:04:43,239 WARNING  [ARM1 Recovery] Pausing ARM1 — showing GUI (ARM2 continues)
2026-04-23 09:04:45,411 INFO     [Service] /orio/lbl_cup/on → success=True msg='Labelling Cup ON command sent'
2026-04-23 09:04:48,725 INFO     [IK] pose_to_joints 'LABELLING_SAFE' depth_offset=0.0000 → joints=[-0.065  -1.2718  0.0356 -2.707   0.0343  1.4354  0.7355]
2026-04-23 09:04:52,023 INFO     [GetLabel] Exiting: succeeded
2026-04-23 09:06:12,153 INFO     [Recovery] Zones updated: {'A': 'EMPTY', 'B': 'EMPTY'}  busy: {'A': False, 'B': False}
2026-04-23 09:06:12,155 INFO     [ARM1 Recovery] choice=DECIDE_HUB
2026-04-23 09:06:12,156 INFO     [ARM1 Recovery] resuming
2026-04-23 09:06:12,157 DEBUG    [TaskSelector] Evaluating zone states: {'A': 'EMPTY', 'B': 'EMPTY'}  busy: {'A': False, 'B': False}
2026-04-23 09:06:12,157 INFO     [TaskSelector] → do_load (empty zone available)
2026-04-23 09:06:12,158 INFO     [FetchInput] Entering state
2026-04-23 09:06:12,311 INFO     [ApplyLabel] Entering state (zones: {'A': 'EMPTY', 'B': 'EMPTY'}  busy: {'A': False, 'B': False})
2026-04-23 09:06:12,311 DEBUG    [ApplyLabel] No zone needs label → wait
2026-04-23 09:06:12,724 INFO     [Service] /compute_grasps → success=True msg='Published 2 PnP poses.'
2026-04-23 09:06:12,724 INFO     [FetchInput] Grasp pose received: x=0.2589 y=-0.4663 z=0.1768
2026-04-23 09:06:12,724 INFO     [IK] compute_pick_joints called — task_pos=[ 0.2589 -0.4663  0.1768] label_zone=None max_attempts=10 check_collisions=False arm_number=None
2026-04-23 09:06:12,742 INFO     [IK] Arm? compute_pick_joints attempt 1/10 OK — target=([ 0.2589 -0.4663  0.1768]) pre=[-0.3101 -0.0105 -0.7523 -2.1667 -0.0086  2.159  -0.2722] final=[-0.1779  0.226  -0.8917 -2.2573  0.2566  2.3841 -0.4599] (FK err pre=0.0000 m final=0.0000 m)
2026-04-23 09:06:12,744 INFO     [FetchInput] IK pre_joints:   [-0.3101 -0.0105 -0.7523 -2.1667 -0.0086  2.159  -0.2722]
2026-04-23 09:06:12,744 INFO     [FetchInput] IK final_joints: [-0.1779  0.226  -0.8917 -2.2573  0.2566  2.3841 -0.4599]
2026-04-23 09:06:12,745 INFO     [FetchInput] Moving to pre-pick
2026-04-23 09:06:12,813 INFO     [ApplyLabel] Entering state (zones: {'A': 'EMPTY', 'B': 'EMPTY'}  busy: {'A': False, 'B': False})
2026-04-23 09:06:12,813 DEBUG    [ApplyLabel] No zone needs label → wait
2026-04-23 09:06:13,315 INFO     [ApplyLabel] Entering state (zones: {'A': 'EMPTY', 'B': 'EMPTY'}  busy: {'A': False, 'B': False})
2026-04-23 09:06:13,315 DEBUG    [ApplyLabel] No zone needs label → wait
2026-04-23 09:06:13,817 INFO     [ApplyLabel] Entering state (zones: {'A': 'EMPTY', 'B': 'EMPTY'}  busy: {'A': False, 'B': False})
2026-04-23 09:06:13,817 DEBUG    [ApplyLabel] No zone needs label → wait
2026-04-23 09:06:14,319 INFO     [ApplyLabel] Entering state (zones: {'A': 'EMPTY', 'B': 'EMPTY'}  busy: {'A': False, 'B': False})
2026-04-23 09:06:14,319 DEBUG    [ApplyLabel] No zone needs label → wait
2026-04-23 09:06:14,821 INFO     [ApplyLabel] Entering state (zones: {'A': 'EMPTY', 'B': 'EMPTY'}  busy: {'A': False, 'B': False})
2026-04-23 09:06:14,821 DEBUG    [ApplyLabel] No zone needs label → wait
2026-04-23 09:06:15,322 INFO     [ApplyLabel] Entering state (zones: {'A': 'EMPTY', 'B': 'EMPTY'}  busy: {'A': False, 'B': False})
2026-04-23 09:06:15,322 DEBUG    [ApplyLabel] No zone needs label → wait
2026-04-23 09:06:15,824 INFO     [ApplyLabel] Entering state (zones: {'A': 'EMPTY', 'B': 'EMPTY'}  busy: {'A': False, 'B': False})
2026-04-23 09:06:15,824 DEBUG    [ApplyLabel] No zone needs label → wait
2026-04-23 09:06:15,952 INFO     [FetchInput] Descending to pick
2026-04-23 09:06:16,325 INFO     [ApplyLabel] Entering state (zones: {'A': 'EMPTY', 'B': 'EMPTY'}  busy: {'A': False, 'B': False})
2026-04-23 09:06:16,325 DEBUG    [ApplyLabel] No zone needs label → wait
2026-04-23 09:06:16,827 INFO     [ApplyLabel] Entering state (zones: {'A': 'EMPTY', 'B': 'EMPTY'}  busy: {'A': False, 'B': False})
2026-04-23 09:06:16,827 DEBUG    [ApplyLabel] No zone needs label → wait
2026-04-23 09:06:17,328 INFO     [ApplyLabel] Entering state (zones: {'A': 'EMPTY', 'B': 'EMPTY'}  busy: {'A': False, 'B': False})
2026-04-23 09:06:17,329 DEBUG    [ApplyLabel] No zone needs label → wait
2026-04-23 09:06:17,830 INFO     [ApplyLabel] Entering state (zones: {'A': 'EMPTY', 'B': 'EMPTY'}  busy: {'A': False, 'B': False})
2026-04-23 09:06:17,830 DEBUG    [ApplyLabel] No zone needs label → wait
2026-04-23 09:06:18,332 INFO     [ApplyLabel] Entering state (zones: {'A': 'EMPTY', 'B': 'EMPTY'}  busy: {'A': False, 'B': False})
2026-04-23 09:06:18,332 DEBUG    [ApplyLabel] No zone needs label → wait
2026-04-23 09:06:18,382 INFO     [Service] /orio/pnp_cup/on → success=True msg='PnP Cup ON command sent'
2026-04-23 09:06:18,834 INFO     [ApplyLabel] Entering state (zones: {'A': 'EMPTY', 'B': 'EMPTY'}  busy: {'A': False, 'B': False})
2026-04-23 09:06:18,834 DEBUG    [ApplyLabel] No zone needs label → wait
2026-04-23 09:06:19,336 INFO     [ApplyLabel] Entering state (zones: {'A': 'EMPTY', 'B': 'EMPTY'}  busy: {'A': False, 'B': False})
2026-04-23 09:06:19,336 DEBUG    [ApplyLabel] No zone needs label → wait
2026-04-23 09:06:19,384 INFO     [FetchInput] Retracting to pre-pick height
2026-04-23 09:06:19,838 INFO     [ApplyLabel] Entering state (zones: {'A': 'EMPTY', 'B': 'EMPTY'}  busy: {'A': False, 'B': False})
2026-04-23 09:06:19,838 DEBUG    [ApplyLabel] No zone needs label → wait
2026-04-23 09:06:20,341 INFO     [ApplyLabel] Entering state (zones: {'A': 'EMPTY', 'B': 'EMPTY'}  busy: {'A': False, 'B': False})
2026-04-23 09:06:20,341 DEBUG    [ApplyLabel] No zone needs label → wait
2026-04-23 09:06:20,842 INFO     [ApplyLabel] Entering state (zones: {'A': 'EMPTY', 'B': 'EMPTY'}  busy: {'A': False, 'B': False})
2026-04-23 09:06:20,842 DEBUG    [ApplyLabel] No zone needs label → wait
2026-04-23 09:06:21,344 INFO     [ApplyLabel] Entering state (zones: {'A': 'EMPTY', 'B': 'EMPTY'}  busy: {'A': False, 'B': False})
2026-04-23 09:06:21,344 DEBUG    [ApplyLabel] No zone needs label → wait
2026-04-23 09:06:21,843 INFO     [IK] pose_to_joints 'FETCH_SAFE' depth_offset=0.1768 → joints=[-0.1028 -0.8336  0.0709 -2.49    0.0527  1.6575  0.7257]
2026-04-23 09:06:21,847 INFO     [ApplyLabel] Entering state (zones: {'A': 'EMPTY', 'B': 'EMPTY'}  busy: {'A': False, 'B': False})
2026-04-23 09:06:21,847 DEBUG    [ApplyLabel] No zone needs label → wait
2026-04-23 09:06:22,350 INFO     [ApplyLabel] Entering state (zones: {'A': 'EMPTY', 'B': 'EMPTY'}  busy: {'A': False, 'B': False})
2026-04-23 09:06:22,350 DEBUG    [ApplyLabel] No zone needs label → wait
2026-04-23 09:06:22,851 INFO     [ApplyLabel] Entering state (zones: {'A': 'EMPTY', 'B': 'EMPTY'}  busy: {'A': False, 'B': False})
2026-04-23 09:06:22,852 DEBUG    [ApplyLabel] No zone needs label → wait
2026-04-23 09:06:23,355 INFO     [ApplyLabel] Entering state (zones: {'A': 'EMPTY', 'B': 'EMPTY'}  busy: {'A': False, 'B': False})
2026-04-23 09:06:23,355 DEBUG    [ApplyLabel] No zone needs label → wait
2026-04-23 09:06:23,856 INFO     [ApplyLabel] Entering state (zones: {'A': 'EMPTY', 'B': 'EMPTY'}  busy: {'A': False, 'B': False})
2026-04-23 09:06:23,856 DEBUG    [ApplyLabel] No zone needs label → wait
2026-04-23 09:06:24,310 INFO     [Service] /get_depth_at_grasp → success=True msg='0.11557945635504369'
2026-04-23 09:06:24,310 INFO     [FetchInput] grasp_depth=0.1768 m  after_grasp_depth=0.1156 m  item_height=0.0612 m
2026-04-23 09:06:24,358 INFO     [ApplyLabel] Entering state (zones: {'A': 'EMPTY', 'B': 'EMPTY'}  busy: {'A': False, 'B': False})
2026-04-23 09:06:24,358 DEBUG    [ApplyLabel] No zone needs label → wait
2026-04-23 09:06:24,811 INFO     [FetchInput] Exiting: succeeded (item_depth=0.0612)
2026-04-23 09:06:24,812 INFO     [DropToZone] Entering state (item_depth=0.0612)
2026-04-23 09:06:24,813 INFO     [DropToZone] Targeting zone A
2026-04-23 09:06:24,822 INFO     [IK] pose_to_joints 'L1_INTER' depth_offset=0.0612 → joints=[-0.3188 -0.5153 -0.3481 -2.5506 -0.191   2.0537  0.2503]
2026-04-23 09:06:24,833 INFO     [IK] pose_to_joints 'LABEL_ZONE_1' depth_offset=0.0712 → joints=[-0.2339  1.1386 -0.1725 -0.8889  0.1735  2.0159  0.4034]
2026-04-23 09:06:24,833 INFO     [DropToZone] place_joints for LABEL_ZONE_1: [-0.2339  1.1386 -0.1725 -0.8889  0.1735  2.0159  0.4034]
2026-04-23 09:06:24,860 INFO     [ApplyLabel] Entering state (zones: {'A': 'EMPTY', 'B': 'EMPTY'}  busy: {'A': True, 'B': False})
2026-04-23 09:06:24,860 DEBUG    [ApplyLabel] No zone needs label → wait
2026-04-23 09:06:25,363 INFO     [ApplyLabel] Entering state (zones: {'A': 'EMPTY', 'B': 'EMPTY'}  busy: {'A': True, 'B': False})
2026-04-23 09:06:25,363 DEBUG    [ApplyLabel] No zone needs label → wait
2026-04-23 09:06:25,865 INFO     [ApplyLabel] Entering state (zones: {'A': 'EMPTY', 'B': 'EMPTY'}  busy: {'A': True, 'B': False})
2026-04-23 09:06:25,865 DEBUG    [ApplyLabel] No zone needs label → wait
2026-04-23 09:06:26,370 INFO     [ApplyLabel] Entering state (zones: {'A': 'EMPTY', 'B': 'EMPTY'}  busy: {'A': True, 'B': False})
2026-04-23 09:06:26,371 DEBUG    [ApplyLabel] No zone needs label → wait
2026-04-23 09:06:26,873 INFO     [ApplyLabel] Entering state (zones: {'A': 'EMPTY', 'B': 'EMPTY'}  busy: {'A': True, 'B': False})
2026-04-23 09:06:26,873 DEBUG    [ApplyLabel] No zone needs label → wait
2026-04-23 09:06:27,375 INFO     [ApplyLabel] Entering state (zones: {'A': 'EMPTY', 'B': 'EMPTY'}  busy: {'A': True, 'B': False})
2026-04-23 09:06:27,375 DEBUG    [ApplyLabel] No zone needs label → wait
2026-04-23 09:06:27,876 INFO     [ApplyLabel] Entering state (zones: {'A': 'EMPTY', 'B': 'EMPTY'}  busy: {'A': True, 'B': False})
2026-04-23 09:06:27,877 DEBUG    [ApplyLabel] No zone needs label → wait
2026-04-23 09:06:28,379 INFO     [ApplyLabel] Entering state (zones: {'A': 'EMPTY', 'B': 'EMPTY'}  busy: {'A': True, 'B': False})
2026-04-23 09:06:28,379 DEBUG    [ApplyLabel] No zone needs label → wait
2026-04-23 09:06:28,880 INFO     [ApplyLabel] Entering state (zones: {'A': 'EMPTY', 'B': 'EMPTY'}  busy: {'A': True, 'B': False})
2026-04-23 09:06:28,880 DEBUG    [ApplyLabel] No zone needs label → wait
2026-04-23 09:06:29,382 INFO     [ApplyLabel] Entering state (zones: {'A': 'EMPTY', 'B': 'EMPTY'}  busy: {'A': True, 'B': False})
2026-04-23 09:06:29,382 DEBUG    [ApplyLabel] No zone needs label → wait
2026-04-23 09:06:29,884 INFO     [ApplyLabel] Entering state (zones: {'A': 'EMPTY', 'B': 'EMPTY'}  busy: {'A': True, 'B': False})
2026-04-23 09:06:29,884 DEBUG    [ApplyLabel] No zone needs label → wait
2026-04-23 09:06:30,385 INFO     [ApplyLabel] Entering state (zones: {'A': 'EMPTY', 'B': 'EMPTY'}  busy: {'A': True, 'B': False})
2026-04-23 09:06:30,385 DEBUG    [ApplyLabel] No zone needs label → wait
2026-04-23 09:06:30,887 INFO     [ApplyLabel] Entering state (zones: {'A': 'EMPTY', 'B': 'EMPTY'}  busy: {'A': True, 'B': False})
2026-04-23 09:06:30,887 DEBUG    [ApplyLabel] No zone needs label → wait
2026-04-23 09:06:31,389 INFO     [ApplyLabel] Entering state (zones: {'A': 'EMPTY', 'B': 'EMPTY'}  busy: {'A': True, 'B': False})
2026-04-23 09:06:31,390 DEBUG    [ApplyLabel] No zone needs label → wait
2026-04-23 09:06:31,416 INFO     [Service] /orio/pnp_cup/off → success=True msg='PnP Cup OFF command sent'
2026-04-23 09:06:31,891 INFO     [ApplyLabel] Entering state (zones: {'A': 'EMPTY', 'B': 'EMPTY'}  busy: {'A': True, 'B': False})
2026-04-23 09:06:31,892 DEBUG    [ApplyLabel] No zone needs label → wait
2026-04-23 09:06:32,394 INFO     [ApplyLabel] Entering state (zones: {'A': 'EMPTY', 'B': 'EMPTY'}  busy: {'A': True, 'B': False})
2026-04-23 09:06:32,394 DEBUG    [ApplyLabel] No zone needs label → wait
2026-04-23 09:06:32,896 INFO     [ApplyLabel] Entering state (zones: {'A': 'EMPTY', 'B': 'EMPTY'}  busy: {'A': True, 'B': False})
2026-04-23 09:06:32,896 DEBUG    [ApplyLabel] No zone needs label → wait
2026-04-23 09:06:33,398 INFO     [ApplyLabel] Entering state (zones: {'A': 'EMPTY', 'B': 'EMPTY'}  busy: {'A': True, 'B': False})
2026-04-23 09:06:33,398 DEBUG    [ApplyLabel] No zone needs label → wait
2026-04-23 09:06:33,900 INFO     [ApplyLabel] Entering state (zones: {'A': 'EMPTY', 'B': 'EMPTY'}  busy: {'A': True, 'B': False})
2026-04-23 09:06:33,901 DEBUG    [ApplyLabel] No zone needs label → wait
2026-04-23 09:06:34,403 INFO     [ApplyLabel] Entering state (zones: {'A': 'EMPTY', 'B': 'EMPTY'}  busy: {'A': True, 'B': False})
2026-04-23 09:06:34,403 DEBUG    [ApplyLabel] No zone needs label → wait
2026-04-23 09:06:34,893 INFO     [ZoneManager] Zone A: EMPTY → NEEDS_LABEL
2026-04-23 09:06:34,893 INFO     [DropToZone] Exiting: dropped (zone A)
2026-04-23 09:06:34,896 DEBUG    [TaskSelector] Evaluating zone states: {'A': 'NEEDS_LABEL', 'B': 'EMPTY'}  busy: {'A': False, 'B': False}
2026-04-23 09:06:34,896 INFO     [TaskSelector] → do_load (empty zone available)
2026-04-23 09:06:34,897 INFO     [FetchInput] Entering state
2026-04-23 09:06:34,904 INFO     [ApplyLabel] Entering state (zones: {'A': 'NEEDS_LABEL', 'B': 'EMPTY'}  busy: {'A': False, 'B': False})
2026-04-23 09:06:34,905 INFO     [ApplyLabel] Applying label to zone A (zone_number=1, depth=0.0612)
2026-04-23 09:06:34,905 INFO     [compute_label_joints] Requesting label pose for zone 1, item_depth=0.0612
2026-04-23 09:06:35,443 INFO     [Service] /compute_grasps → success=True msg='Published 1 PnP poses.'
2026-04-23 09:06:35,443 INFO     [FetchInput] Grasp pose received: x=0.2610 y=-0.4640 z=0.1128
2026-04-23 09:06:35,443 INFO     [IK] compute_pick_joints called — task_pos=[ 0.261  -0.464   0.1128] label_zone=None max_attempts=10 check_collisions=False arm_number=None
2026-04-23 09:06:35,456 INFO     [IK] Arm? compute_pick_joints attempt 1/10 OK — target=([ 0.261  -0.464   0.1128]) pre=[-0.345   0.1026 -0.7196 -2.2401  0.0919  2.3153 -0.3389] final=[-0.6493  0.293  -0.3988 -2.2837  0.2011  2.5454 -0.4144] (FK err pre=0.0000 m final=0.0000 m)
2026-04-23 09:06:35,457 INFO     [FetchInput] IK pre_joints:   [-0.345   0.1026 -0.7196 -2.2401  0.0919  2.3153 -0.3389]
2026-04-23 09:06:35,457 INFO     [FetchInput] IK final_joints: [-0.6493  0.293  -0.3988 -2.2837  0.2011  2.5454 -0.4144]
2026-04-23 09:06:35,458 INFO     [FetchInput] Moving to pre-pick
2026-04-23 09:06:36,614 INFO     [Service] /compute_grasps_labelling → success=True msg='Zone1=OK, Zone2=FAIL'
2026-04-23 09:06:36,614 INFO     item_depth=0.0612  X=-0.1949 Y=-0.0126 Z=0.9388  pos(world)=[0.4726 0.2139 0.0412]  task_pos=[0.4726 0.2139 0.0612]  task_ori=[0.7264 0.6873 0.     0.    ]
2026-04-23 09:06:36,615 INFO     [compute_label_joints] Zone 1 received pose: x=0.4726 y=0.2139 z=0.0612  RPY r=180.00 p=0.00 y=86.83 deg
2026-04-23 09:06:36,615 INFO     [IK] compute_pick_joints called — task_pos=[0.4726 0.2139 0.0612] label_zone=1 max_attempts=10 check_collisions=True arm_number=2
2026-04-23 09:06:36,643 INFO     [IK] Arm2 compute_pick_joints attempt 1/10 OK — target=([0.4726 0.2139 0.0612]) pre=[ 0.2067  0.1379  0.2173 -2.3228 -0.0469  2.4569 -0.2718] final=[ 4.2420e-01  3.6230e-01  7.0000e-04 -2.3284e+00 -6.0000e-04  2.6907e+00
 -3.0480e-01] (FK err pre=0.0000 m final=0.0000 m)
2026-04-23 09:06:36,644 INFO     [ApplyLabel] IK pre_joints=[ 0.2067  0.1379  0.2173 -2.3228 -0.0469  2.4569 -0.2718]  final_joints=[ 4.2420e-01  3.6230e-01  7.0000e-04 -2.3284e+00 -6.0000e-04  2.6907e+00
 -3.0480e-01]
2026-04-23 09:06:36,644 INFO     [ApplyLabel] Registering label — item='rewyt' expiry='1111-11-11'
2026-04-23 09:06:38,852 INFO     [FetchInput] Descending to pick
2026-04-23 09:06:41,061 INFO     [Service] /orio/pnp_cup/on → success=True msg='PnP Cup ON command sent'
2026-04-23 09:06:41,761 ERROR    [RFID] Service call failed for /inventory/add_item: timeout exceeded while waiting for service /inventory/add_item
2026-04-23 09:06:42,062 INFO     [FetchInput] Retracting to pre-pick height
2026-04-23 09:06:44,289 INFO     [IK] pose_to_joints 'FETCH_SAFE' depth_offset=0.1128 → joints=[-0.1134 -0.8447  0.0904 -2.6584  0.0696  1.8152  0.7153]
2026-04-23 09:06:46,874 INFO     [Service] /get_depth_at_grasp → success=True msg='0.06427150894809891'
2026-04-23 09:06:46,874 INFO     [FetchInput] grasp_depth=0.1128 m  after_grasp_depth=0.0643 m  item_height=0.0485 m
2026-04-23 09:06:47,374 INFO     [FetchInput] Exiting: succeeded (item_depth=0.0485)
2026-04-23 09:06:47,375 INFO     [DropToZone] Entering state (item_depth=0.0485)
2026-04-23 09:06:47,376 INFO     [DropToZone] Targeting zone B
2026-04-23 09:06:47,387 INFO     [IK] pose_to_joints 'L2_INTER' depth_offset=0.0485 → joints=[ 0.076  -0.5615  0.5773 -2.5656  0.3348  2.0565  1.2042]
2026-04-23 09:06:47,398 INFO     [IK] pose_to_joints 'LABEL_ZONE_2' depth_offset=0.0585 → joints=[ 0.3433  1.1547 -0.0424 -0.8815  0.0434  2.0355  1.0921]
2026-04-23 09:06:47,399 INFO     [DropToZone] place_joints for LABEL_ZONE_2: [ 0.3433  1.1547 -0.0424 -0.8815  0.0434  2.0355  1.0921]
2026-04-23 09:06:51,974 INFO     [Service] /orio/lbl_cup/off → success=True msg='Labelling Cup OFF command sent'
2026-04-23 09:06:53,332 INFO     [Service] /orio/pnp_cup/off → success=True msg='PnP Cup OFF command sent'
2026-04-23 09:06:55,412 INFO     [IK] pose_to_joints 'LABELLING_SAFE' depth_offset=0.0000 → joints=[-0.065  -1.2718  0.0356 -2.707   0.0343  1.4354  0.7355]
2026-04-23 09:06:58,860 INFO     [ZoneManager] Zone A: NEEDS_LABEL → READY_FOR_PICKUP
2026-04-23 09:06:58,860 INFO     [ApplyLabel] Exiting: labeled (zone A)
2026-04-23 09:06:58,860 INFO     [ZoneManager] Zone B: EMPTY → NEEDS_LABEL
2026-04-23 09:06:58,860 INFO     [DropToZone] Exiting: dropped (zone B)
2026-04-23 09:06:58,861 INFO     [GetLabel] Entering state
2026-04-23 09:06:58,862 DEBUG    [TaskSelector] Evaluating zone states: {'A': 'READY_FOR_PICKUP', 'B': 'NEEDS_LABEL'}  busy: {'A': False, 'B': False}
2026-04-23 09:06:58,862 INFO     [TaskSelector] → do_unload (both zones occupied, ready zone exists)
2026-04-23 09:06:58,863 INFO     [RetrieveFromZone] Entering state
2026-04-23 09:06:58,864 INFO     [RetrieveFromZone] Picking from zone A (depth=0.0612)
2026-04-23 09:06:58,874 INFO     [IK] pose_to_joints 'L1_INTER' depth_offset=0.0612 → joints=[-0.3188 -0.5153 -0.3481 -2.5506 -0.191   2.0537  0.2503]
2026-04-23 09:06:58,884 INFO     [IK] pose_to_joints 'LABEL_ZONE_1' depth_offset=0.1612 → joints=[-0.2336  1.0215 -0.178  -0.8691  0.1592  1.8797  0.4094]
2026-04-23 09:06:58,895 INFO     [IK] pose_to_joints 'LABEL_ZONE_1' depth_offset=0.0512 → joints=[-0.2364  1.1759 -0.1697 -0.8721  0.1754  2.0366  0.4037]
2026-04-23 09:06:58,896 INFO     [RetrieveFromZone] A pre_pick=[-0.2336  1.0215 -0.178  -0.8691  0.1592  1.8797  0.4094] pick=[-0.2364  1.1759 -0.1697 -0.8721  0.1754  2.0366  0.4037]
2026-04-23 09:07:05,681 INFO     [Service] /orio/pnp_cup/on → success=True msg='PnP Cup ON command sent'
2026-04-23 09:07:06,682 INFO     [RetrieveFromZone] Retracting to pre-pick height
2026-04-23 09:07:09,099 INFO     [Service] /orio/lbl_cup/on → success=True msg='Labelling Cup ON command sent'
2026-04-23 09:07:12,487 INFO     [ZoneManager] Zone A: READY_FOR_PICKUP → EMPTY
2026-04-23 09:07:12,488 INFO     [RetrieveFromZone] Exiting: picked (zone A)
2026-04-23 09:07:12,496 INFO     [IK] pose_to_joints 'LABELLING_SAFE' depth_offset=0.0000 → joints=[-0.065  -1.2718  0.0356 -2.707   0.0343  1.4354  0.7355]
2026-04-23 09:07:12,498 INFO     [PlaceOutput] Entering state (retrieved_depth=0.0612)
2026-04-23 09:07:12,515 INFO     [IK] pose_to_joints 'OUTPUT1' depth_offset=0.2112 → joints=[-1.4834 -0.8499  2.7646 -0.7806  0.2803  1.5933  2.1815]
2026-04-23 09:07:12,530 INFO     [IK] pose_to_joints 'L2_INTER' depth_offset=0.0612 → joints=[ 0.0966 -0.5688  0.5482 -2.5437  0.3175  2.0238  1.2144]
2026-04-23 09:07:12,530 INFO     [PlaceOutput] drop_joints: [-1.4834 -0.8499  2.7646 -0.7806  0.2803  1.5933  2.1815]
2026-04-23 09:07:15,720 INFO     [GetLabel] Exiting: succeeded
2026-04-23 09:07:15,721 INFO     [ApplyLabel] Entering state (zones: {'A': 'EMPTY', 'B': 'NEEDS_LABEL'}  busy: {'A': False, 'B': False})
2026-04-23 09:07:15,721 INFO     [ApplyLabel] Applying label to zone B (zone_number=2, depth=0.0485)
2026-04-23 09:07:15,721 INFO     [compute_label_joints] Requesting label pose for zone 2, item_depth=0.0485
2026-04-23 09:07:17,332 INFO     [Service] /compute_grasps_labelling → success=True msg='Zone1=FAIL, Zone2=OK'
2026-04-23 09:07:17,333 INFO     item_depth=0.0485  X=0.2418 Y=-0.0355 Z=0.9515  pos(world)=[ 0.4955 -0.2228  0.0285]  task_pos=[ 0.4955 -0.2228  0.0485]  task_ori=[0.0238 0.9997 0.     0.    ]
2026-04-23 09:07:17,333 INFO     [compute_label_joints] Zone 2 received pose: x=0.4955 y=-0.2228 z=0.0485  RPY r=180.00 p=0.00 y=177.27 deg
2026-04-23 09:07:17,333 INFO     [IK] compute_pick_joints called — task_pos=[ 0.4955 -0.2228  0.0485] label_zone=2 max_attempts=10 check_collisions=True arm_number=2
2026-04-23 09:07:17,362 INFO     [IK] Arm2 compute_pick_joints attempt 1/10 OK — target=([ 0.4955 -0.2228  0.0485]) pre=[-1.47    0.4488  1.0595 -2.2123 -0.5665  2.3592 -2.341 ] final=[-1.208   0.6118  0.7422 -2.1888 -0.7439  2.531  -2.2266] (FK err pre=0.0000 m final=0.0000 m)
2026-04-23 09:07:17,363 INFO     [ApplyLabel] IK pre_joints=[-1.47    0.4488  1.0595 -2.2123 -0.5665  2.3592 -2.341 ]  final_joints=[-1.208   0.6118  0.7422 -2.1888 -0.7439  2.531  -2.2266]
2026-04-23 09:07:17,363 INFO     [ApplyLabel] Registering label — item='rewyt' expiry='1111-11-11'
2026-04-23 09:07:19,130 INFO     [Service] /orio/pnp_cup/off → success=True msg='PnP Cup OFF command sent'
2026-04-23 09:07:22,478 ERROR    [RFID] Service call failed for /inventory/add_item: timeout exceeded while waiting for service /inventory/add_item
2026-04-23 09:07:27,584 INFO     [PlaceOutput] Exiting: succeeded (total items placed: 3)
2026-04-23 09:07:27,586 INFO     [FetchInput] Entering state
2026-04-23 09:07:28,121 INFO     [Service] /compute_grasps → success=True msg='Published 1 PnP poses.'
2026-04-23 09:07:28,121 INFO     [FetchInput] Grasp pose received: x=0.2591 y=-0.4683 z=0.0615
2026-04-23 09:07:28,121 INFO     [IK] compute_pick_joints called — task_pos=[ 0.2591 -0.4683  0.0615] label_zone=None max_attempts=10 check_collisions=False arm_number=None
2026-04-23 09:07:28,142 INFO     [IK] Arm? compute_pick_joints attempt 1/10 OK — target=([ 0.2591 -0.4683  0.0615]) pre=[-0.3848  0.226  -0.6814 -2.2603  0.2166  2.4253 -0.4327] final=[-0.6666  0.4265 -0.3716 -2.2609  0.3177  2.64   -0.5029] (FK err pre=0.0000 m final=0.0000 m)
2026-04-23 09:07:28,144 INFO     [FetchInput] IK pre_joints:   [-0.3848  0.226  -0.6814 -2.2603  0.2166  2.4253 -0.4327]
2026-04-23 09:07:28,144 INFO     [FetchInput] IK final_joints: [-0.6666  0.4265 -0.3716 -2.2609  0.3177  2.64   -0.5029]
2026-04-23 09:07:28,144 INFO     [FetchInput] Moving to pre-pick
2026-04-23 09:07:31,548 INFO     [FetchInput] Descending to pick
2026-04-23 09:07:32,689 INFO     [Service] /orio/lbl_cup/off → success=True msg='Labelling Cup OFF command sent'
2026-04-23 09:07:33,753 INFO     [Service] /orio/pnp_cup/on → success=True msg='PnP Cup ON command sent'
2026-04-23 09:07:34,754 INFO     [FetchInput] Retracting to pre-pick height
2026-04-23 09:07:35,903 INFO     [IK] pose_to_joints 'LABELLING_SAFE' depth_offset=0.0000 → joints=[-0.065  -1.2718  0.0356 -2.707   0.0343  1.4354  0.7355]
2026-04-23 09:07:36,973 INFO     [IK] pose_to_joints 'FETCH_SAFE' depth_offset=0.0615 → joints=[-0.0961 -0.8225  0.0873 -2.7783  0.0691  1.9569  0.7228]
2026-04-23 09:07:39,304 INFO     [ZoneManager] Zone B: NEEDS_LABEL → READY_FOR_PICKUP
2026-04-23 09:07:39,304 INFO     [ApplyLabel] Exiting: labeled (zone B)
2026-04-23 09:07:39,305 INFO     [GetLabel] Entering state
2026-04-23 09:07:44,415 INFO     [Service] /get_depth_at_grasp → success=True msg='0.00503144868313965'
2026-04-23 09:07:44,415 INFO     [FetchInput] grasp_depth=0.0615 m  after_grasp_depth=0.0050 m  item_height=0.0565 m
2026-04-23 09:07:44,916 INFO     [FetchInput] Exiting: succeeded (item_depth=0.0565)
2026-04-23 09:07:44,917 INFO     [DropToZone] Entering state (item_depth=0.0565)
2026-04-23 09:07:44,917 INFO     [DropToZone] Targeting zone A
2026-04-23 09:07:44,928 INFO     [IK] pose_to_joints 'L1_INTER' depth_offset=0.0565 → joints=[-0.3189 -0.5104 -0.3503 -2.5592 -0.1919  2.0673  0.2501]
2026-04-23 09:07:44,938 INFO     [IK] pose_to_joints 'LABEL_ZONE_1' depth_offset=0.0665 → joints=[-0.2344  1.147  -0.1718 -0.8857  0.174   2.0211  0.4034]
2026-04-23 09:07:44,938 INFO     [DropToZone] place_joints for LABEL_ZONE_1: [-0.2344  1.147  -0.1718 -0.8857  0.174   2.0211  0.4034]
2026-04-23 09:07:49,515 INFO     [Service] /orio/lbl_cup/on → success=True msg='Labelling Cup ON command sent'
2026-04-23 09:07:51,524 INFO     [Service] /orio/pnp_cup/off → success=True msg='PnP Cup OFF command sent'
2026-04-23 09:07:52,933 INFO     [IK] pose_to_joints 'LABELLING_SAFE' depth_offset=0.0000 → joints=[-0.065  -1.2718  0.0356 -2.707   0.0343  1.4354  0.7355]
2026-04-23 09:07:56,139 INFO     [ZoneManager] Zone A: EMPTY → NEEDS_LABEL
2026-04-23 09:07:56,139 INFO     [GetLabel] Exiting: succeeded
2026-04-23 09:07:56,139 INFO     [DropToZone] Exiting: dropped (zone A)
2026-04-23 09:07:56,140 INFO     [ApplyLabel] Entering state (zones: {'A': 'NEEDS_LABEL', 'B': 'READY_FOR_PICKUP'}  busy: {'A': False, 'B': False})
2026-04-23 09:07:56,140 INFO     [ApplyLabel] Applying label to zone A (zone_number=1, depth=0.0565)
2026-04-23 09:07:56,141 INFO     [compute_label_joints] Requesting label pose for zone 1, item_depth=0.0565
2026-04-23 09:07:56,141 DEBUG    [TaskSelector] Evaluating zone states: {'A': 'NEEDS_LABEL', 'B': 'READY_FOR_PICKUP'}  busy: {'A': True, 'B': False}
2026-04-23 09:07:56,141 INFO     [TaskSelector] → do_unload (both zones occupied, ready zone exists)
2026-04-23 09:07:56,142 INFO     [RetrieveFromZone] Entering state
2026-04-23 09:07:56,142 INFO     [RetrieveFromZone] Picking from zone B (depth=0.0485)
2026-04-23 09:07:56,152 INFO     [IK] pose_to_joints 'L2_INTER' depth_offset=0.0485 → joints=[ 0.076  -0.5615  0.5773 -2.5656  0.3348  2.0565  1.2042]
2026-04-23 09:07:56,161 INFO     [IK] pose_to_joints 'LABEL_ZONE_2' depth_offset=0.1485 → joints=[ 0.3128  1.0253  0.0177 -0.8835 -0.016   1.9088  1.1127]
2026-04-23 09:07:56,176 INFO     [IK] pose_to_joints 'LABEL_ZONE_2' depth_offset=0.0385 → joints=[ 0.352   1.1956 -0.0606 -0.8591  0.0636  2.0533  1.0856]
2026-04-23 09:07:56,177 INFO     [RetrieveFromZone] B pre_pick=[ 0.3128  1.0253  0.0177 -0.8835 -0.016   1.9088  1.1127] pick=[ 0.352   1.1956 -0.0606 -0.8591  0.0636  2.0533  1.0856]
2026-04-23 09:07:57,812 INFO     [Service] /compute_grasps_labelling → success=True msg='Zone1=OK, Zone2=OK'
2026-04-23 09:07:57,813 INFO     item_depth=0.0565  X=-0.2615 Y=-0.0233 Z=0.9435  pos(world)=[0.4833 0.2805 0.0365]  task_pos=[0.4833 0.2805 0.0565]  task_ori=[0.0052 1.     0.     0.    ]
2026-04-23 09:07:57,815 INFO     [compute_label_joints] Zone 1 received pose: x=0.4833 y=0.2805 z=0.0565  RPY r=180.00 p=0.00 y=179.41 deg
2026-04-23 09:07:57,815 INFO     [IK] compute_pick_joints called — task_pos=[0.4833 0.2805 0.0565] label_zone=1 max_attempts=10 check_collisions=True arm_number=2
2026-04-23 09:07:57,838 INFO     [IK] Arm2 compute_pick_joints attempt 1/10 OK — target=([0.4833 0.2805 0.0565]) pre=[-0.2961  0.3613  0.8358 -2.1672 -0.3884  2.3768 -1.5524] final=[-0.0386  0.534   0.5382 -2.1597 -0.504   2.5708 -1.4753] (FK err pre=0.0000 m final=0.0000 m)
2026-04-23 09:07:57,838 INFO     [ApplyLabel] IK pre_joints=[-0.2961  0.3613  0.8358 -2.1672 -0.3884  2.3768 -1.5524]  final_joints=[-0.0386  0.534   0.5382 -2.1597 -0.504   2.5708 -1.4753]
2026-04-23 09:07:57,839 INFO     [ApplyLabel] Registering label — item='rewyt' expiry='1111-11-11'
2026-04-23 09:08:02,953 ERROR    [RFID] Service call failed for /inventory/add_item: timeout exceeded while waiting for service /inventory/add_item
2026-04-23 09:08:03,480 INFO     [Service] /orio/pnp_cup/on → success=True msg='PnP Cup ON command sent'
2026-04-23 09:08:04,481 INFO     [RetrieveFromZone] Retracting to pre-pick height
2026-04-23 09:08:13,163 INFO     [ZoneManager] Zone B: READY_FOR_PICKUP → EMPTY
2026-04-23 09:08:13,163 INFO     [RetrieveFromZone] Exiting: picked (zone B)
2026-04-23 09:08:13,165 INFO     [PlaceOutput] Entering state (retrieved_depth=0.0485)
2026-04-23 09:08:13,170 INFO     [Service] /orio/lbl_cup/off → success=True msg='Labelling Cup OFF command sent'
2026-04-23 09:08:13,249 INFO     [IK] pose_to_joints 'OUTPUT2' depth_offset=0.1985 → joints=[ 1.2350e+00  1.0319e+00  9.0000e-04 -4.6700e-01 -8.0000e-04  1.5022e+00
  2.0208e+00]
2026-04-23 09:08:13,257 INFO     [IK] pose_to_joints 'L2_INTER' depth_offset=0.0485 → joints=[ 0.076  -0.5615  0.5773 -2.5656  0.3348  2.0565  1.2042]
2026-04-23 09:08:13,258 INFO     [PlaceOutput] drop_joints: [ 1.2350e+00  1.0319e+00  9.0000e-04 -4.6700e-01 -8.0000e-04  1.5022e+00
  2.0208e+00]
2026-04-23 09:08:16,289 INFO     [IK] pose_to_joints 'LABELLING_SAFE' depth_offset=0.0000 → joints=[-0.065  -1.2718  0.0356 -2.707   0.0343  1.4354  0.7355]
2026-04-23 09:08:16,563 INFO     [Service] /orio/pnp_cup/off → success=True msg='PnP Cup OFF command sent'
2026-04-23 09:08:19,735 INFO     [ZoneManager] Zone A: NEEDS_LABEL → READY_FOR_PICKUP
2026-04-23 09:08:19,735 INFO     [ApplyLabel] Exiting: labeled (zone A)
2026-04-23 09:08:19,736 INFO     [GetLabel] Entering state
2026-04-23 09:08:24,840 INFO     [PlaceOutput] Exiting: succeeded (total items placed: 4)
2026-04-23 09:08:24,843 INFO     [FetchInput] Entering state
2026-04-23 09:08:25,100 INFO     [Service] /compute_grasps → success=False msg='GroundingDINO found 0 objects.'
2026-04-23 09:08:25,100 ERROR    [FETCH_INPUT] Unhandled exception: /compute_grasps service failed
2026-04-23 09:08:25,102 WARNING  [ARM1 Recovery] Pausing ARM1 — showing GUI (ARM2 continues)
2026-04-23 09:08:29,948 INFO     [Service] /orio/lbl_cup/on → success=True msg='Labelling Cup ON command sent'
2026-04-23 09:08:33,371 INFO     [IK] pose_to_joints 'LABELLING_SAFE' depth_offset=0.0000 → joints=[-0.065  -1.2718  0.0356 -2.707   0.0343  1.4354  0.7355]
2026-04-23 09:08:36,584 INFO     [GetLabel] Exiting: succeeded
2026-04-23 09:08:38,187 INFO     [Recovery] Zones updated: {'A': 'READY_FOR_PICKUP', 'B': 'EMPTY'}  busy: {'A': False, 'B': False}
2026-04-23 09:08:38,189 INFO     [ARM1 Recovery] choice=DECIDE_HUB
2026-04-23 09:08:38,189 INFO     [ARM1 Recovery] resuming
2026-04-23 09:08:38,190 DEBUG    [TaskSelector] Evaluating zone states: {'A': 'READY_FOR_PICKUP', 'B': 'EMPTY'}  busy: {'A': False, 'B': False}
2026-04-23 09:08:38,190 INFO     [TaskSelector] → do_load (empty zone available)
2026-04-23 09:08:38,191 INFO     [FetchInput] Entering state
2026-04-23 09:08:38,388 INFO     [ApplyLabel] Entering state (zones: {'A': 'READY_FOR_PICKUP', 'B': 'EMPTY'}  busy: {'A': False, 'B': False})
2026-04-23 09:08:38,388 DEBUG    [ApplyLabel] No zone needs label → wait
2026-04-23 09:08:38,743 INFO     [Service] /compute_grasps → success=True msg='Published 1 PnP poses.'
2026-04-23 09:08:38,744 INFO     [FetchInput] Grasp pose received: x=0.1893 y=-0.5558 z=0.0961
2026-04-23 09:08:38,744 INFO     [IK] compute_pick_joints called — task_pos=[ 0.1893 -0.5558  0.0961] label_zone=None max_attempts=10 check_collisions=False arm_number=None
2026-04-23 09:08:38,756 INFO     [IK] Arm? compute_pick_joints attempt 1/10 OK — target=([ 0.1893 -0.5558  0.0961]) pre=[-0.5259  0.3364 -0.7522 -2.0426  0.2992  2.2701 -0.66  ] final=[-0.7459  0.488  -0.4999 -2.0708  0.371   2.4728 -0.7063] (FK err pre=0.0000 m final=0.0000 m)
2026-04-23 09:08:38,756 INFO     [FetchInput] IK pre_joints:   [-0.5259  0.3364 -0.7522 -2.0426  0.2992  2.2701 -0.66  ]
2026-04-23 09:08:38,756 INFO     [FetchInput] IK final_joints: [-0.7459  0.488  -0.4999 -2.0708  0.371   2.4728 -0.7063]
2026-04-23 09:08:38,757 INFO     [FetchInput] Moving to pre-pick
2026-04-23 09:08:38,891 INFO     [ApplyLabel] Entering state (zones: {'A': 'READY_FOR_PICKUP', 'B': 'EMPTY'}  busy: {'A': False, 'B': False})
2026-04-23 09:08:38,891 DEBUG    [ApplyLabel] No zone needs label → wait
2026-04-23 09:08:39,393 INFO     [ApplyLabel] Entering state (zones: {'A': 'READY_FOR_PICKUP', 'B': 'EMPTY'}  busy: {'A': False, 'B': False})
2026-04-23 09:08:39,393 DEBUG    [ApplyLabel] No zone needs label → wait
2026-04-23 09:08:39,895 INFO     [ApplyLabel] Entering state (zones: {'A': 'READY_FOR_PICKUP', 'B': 'EMPTY'}  busy: {'A': False, 'B': False})
2026-04-23 09:08:39,895 DEBUG    [ApplyLabel] No zone needs label → wait
2026-04-23 09:08:40,397 INFO     [ApplyLabel] Entering state (zones: {'A': 'READY_FOR_PICKUP', 'B': 'EMPTY'}  busy: {'A': False, 'B': False})
2026-04-23 09:08:40,397 DEBUG    [ApplyLabel] No zone needs label → wait
2026-04-23 09:08:40,899 INFO     [ApplyLabel] Entering state (zones: {'A': 'READY_FOR_PICKUP', 'B': 'EMPTY'}  busy: {'A': False, 'B': False})
2026-04-23 09:08:40,899 DEBUG    [ApplyLabel] No zone needs label → wait
2026-04-23 09:08:41,403 INFO     [ApplyLabel] Entering state (zones: {'A': 'READY_FOR_PICKUP', 'B': 'EMPTY'}  busy: {'A': False, 'B': False})
2026-04-23 09:08:41,404 DEBUG    [ApplyLabel] No zone needs label → wait
2026-04-23 09:08:41,905 INFO     [ApplyLabel] Entering state (zones: {'A': 'READY_FOR_PICKUP', 'B': 'EMPTY'}  busy: {'A': False, 'B': False})
2026-04-23 09:08:41,905 DEBUG    [ApplyLabel] No zone needs label → wait
2026-04-23 09:08:42,214 INFO     [FetchInput] Descending to pick
2026-04-23 09:08:42,407 INFO     [ApplyLabel] Entering state (zones: {'A': 'READY_FOR_PICKUP', 'B': 'EMPTY'}  busy: {'A': False, 'B': False})
2026-04-23 09:08:42,408 DEBUG    [ApplyLabel] No zone needs label → wait
2026-04-23 09:08:42,909 INFO     [ApplyLabel] Entering state (zones: {'A': 'READY_FOR_PICKUP', 'B': 'EMPTY'}  busy: {'A': False, 'B': False})
2026-04-23 09:08:42,909 DEBUG    [ApplyLabel] No zone needs label → wait
2026-04-23 09:08:43,411 INFO     [ApplyLabel] Entering state (zones: {'A': 'READY_FOR_PICKUP', 'B': 'EMPTY'}  busy: {'A': False, 'B': False})
2026-04-23 09:08:43,411 DEBUG    [ApplyLabel] No zone needs label → wait
2026-04-23 09:08:43,913 INFO     [ApplyLabel] Entering state (zones: {'A': 'READY_FOR_PICKUP', 'B': 'EMPTY'}  busy: {'A': False, 'B': False})
2026-04-23 09:08:43,913 DEBUG    [ApplyLabel] No zone needs label → wait
2026-04-23 09:08:44,415 INFO     [ApplyLabel] Entering state (zones: {'A': 'READY_FOR_PICKUP', 'B': 'EMPTY'}  busy: {'A': False, 'B': False})
2026-04-23 09:08:44,415 DEBUG    [ApplyLabel] No zone needs label → wait
2026-04-23 09:08:44,421 INFO     [Service] /orio/pnp_cup/on → success=True msg='PnP Cup ON command sent'
2026-04-23 09:08:44,916 INFO     [ApplyLabel] Entering state (zones: {'A': 'READY_FOR_PICKUP', 'B': 'EMPTY'}  busy: {'A': False, 'B': False})
2026-04-23 09:08:44,917 DEBUG    [ApplyLabel] No zone needs label → wait
2026-04-23 09:08:45,418 INFO     [ApplyLabel] Entering state (zones: {'A': 'READY_FOR_PICKUP', 'B': 'EMPTY'}  busy: {'A': False, 'B': False})
2026-04-23 09:08:45,419 DEBUG    [ApplyLabel] No zone needs label → wait
2026-04-23 09:08:45,422 INFO     [FetchInput] Retracting to pre-pick height
2026-04-23 09:08:45,920 INFO     [ApplyLabel] Entering state (zones: {'A': 'READY_FOR_PICKUP', 'B': 'EMPTY'}  busy: {'A': False, 'B': False})
2026-04-23 09:08:45,920 DEBUG    [ApplyLabel] No zone needs label → wait
2026-04-23 09:08:46,423 INFO     [ApplyLabel] Entering state (zones: {'A': 'READY_FOR_PICKUP', 'B': 'EMPTY'}  busy: {'A': False, 'B': False})
2026-04-23 09:08:46,423 DEBUG    [ApplyLabel] No zone needs label → wait
2026-04-23 09:08:46,925 INFO     [ApplyLabel] Entering state (zones: {'A': 'READY_FOR_PICKUP', 'B': 'EMPTY'}  busy: {'A': False, 'B': False})
2026-04-23 09:08:46,925 DEBUG    [ApplyLabel] No zone needs label → wait
2026-04-23 09:08:47,427 INFO     [ApplyLabel] Entering state (zones: {'A': 'READY_FOR_PICKUP', 'B': 'EMPTY'}  busy: {'A': False, 'B': False})
2026-04-23 09:08:47,428 DEBUG    [ApplyLabel] No zone needs label → wait
2026-04-23 09:08:47,639 INFO     [IK] pose_to_joints 'FETCH_SAFE' depth_offset=0.0961 → joints=[-0.1058 -0.8406  0.0879 -2.6989  0.0683  1.8596  0.7188]
2026-04-23 09:08:47,929 INFO     [ApplyLabel] Entering state (zones: {'A': 'READY_FOR_PICKUP', 'B': 'EMPTY'}  busy: {'A': False, 'B': False})
2026-04-23 09:08:47,929 DEBUG    [ApplyLabel] No zone needs label → wait
2026-04-23 09:08:48,431 INFO     [ApplyLabel] Entering state (zones: {'A': 'READY_FOR_PICKUP', 'B': 'EMPTY'}  busy: {'A': False, 'B': False})
2026-04-23 09:08:48,431 DEBUG    [ApplyLabel] No zone needs label → wait
2026-04-23 09:08:48,933 INFO     [ApplyLabel] Entering state (zones: {'A': 'READY_FOR_PICKUP', 'B': 'EMPTY'}  busy: {'A': False, 'B': False})
2026-04-23 09:08:48,933 DEBUG    [ApplyLabel] No zone needs label → wait
2026-04-23 09:08:49,434 INFO     [ApplyLabel] Entering state (zones: {'A': 'READY_FOR_PICKUP', 'B': 'EMPTY'}  busy: {'A': False, 'B': False})
2026-04-23 09:08:49,434 DEBUG    [ApplyLabel] No zone needs label → wait
2026-04-23 09:08:49,936 INFO     [ApplyLabel] Entering state (zones: {'A': 'READY_FOR_PICKUP', 'B': 'EMPTY'}  busy: {'A': False, 'B': False})
2026-04-23 09:08:49,936 DEBUG    [ApplyLabel] No zone needs label → wait
2026-04-23 09:08:49,946 INFO     [Service] /get_depth_at_grasp → success=True msg='0.07841052251197222'
2026-04-23 09:08:49,946 INFO     [FetchInput] grasp_depth=0.0961 m  after_grasp_depth=0.0784 m  item_height=0.0177 m
2026-04-23 09:08:50,439 INFO     [ApplyLabel] Entering state (zones: {'A': 'READY_FOR_PICKUP', 'B': 'EMPTY'}  busy: {'A': False, 'B': False})
2026-04-23 09:08:50,439 DEBUG    [ApplyLabel] No zone needs label → wait
2026-04-23 09:08:50,447 INFO     [FetchInput] Exiting: succeeded (item_depth=0.0177)
2026-04-23 09:08:50,448 INFO     [DropToZone] Entering state (item_depth=0.0177)
2026-04-23 09:08:50,449 INFO     [DropToZone] Targeting zone B
2026-04-23 09:08:50,457 INFO     [IK] pose_to_joints 'L2_INTER' depth_offset=0.0177 → joints=[ 0.0975 -0.5114  0.5829 -2.6172  0.3285  2.1536  1.2193]
2026-04-23 09:08:50,468 INFO     [IK] pose_to_joints 'LABEL_ZONE_2' depth_offset=0.0277 → joints=[ 0.356   1.2199 -0.0697 -0.8429  0.0742  2.061   1.0824]
2026-04-23 09:08:50,468 INFO     [DropToZone] place_joints for LABEL_ZONE_2: [ 0.356   1.2199 -0.0697 -0.8429  0.0742  2.061   1.0824]
2026-04-23 09:08:50,941 INFO     [ApplyLabel] Entering state (zones: {'A': 'READY_FOR_PICKUP', 'B': 'EMPTY'}  busy: {'A': False, 'B': True})
2026-04-23 09:08:50,941 DEBUG    [ApplyLabel] No zone needs label → wait
2026-04-23 09:08:51,442 INFO     [ApplyLabel] Entering state (zones: {'A': 'READY_FOR_PICKUP', 'B': 'EMPTY'}  busy: {'A': False, 'B': True})
2026-04-23 09:08:51,442 DEBUG    [ApplyLabel] No zone needs label → wait
2026-04-23 09:08:51,944 INFO     [ApplyLabel] Entering state (zones: {'A': 'READY_FOR_PICKUP', 'B': 'EMPTY'}  busy: {'A': False, 'B': True})
2026-04-23 09:08:51,944 DEBUG    [ApplyLabel] No zone needs label → wait
2026-04-23 09:08:52,445 INFO     [ApplyLabel] Entering state (zones: {'A': 'READY_FOR_PICKUP', 'B': 'EMPTY'}  busy: {'A': False, 'B': True})
2026-04-23 09:08:52,445 DEBUG    [ApplyLabel] No zone needs label → wait
2026-04-23 09:08:52,947 INFO     [ApplyLabel] Entering state (zones: {'A': 'READY_FOR_PICKUP', 'B': 'EMPTY'}  busy: {'A': False, 'B': True})
2026-04-23 09:08:52,947 DEBUG    [ApplyLabel] No zone needs label → wait
2026-04-23 09:08:53,449 INFO     [ApplyLabel] Entering state (zones: {'A': 'READY_FOR_PICKUP', 'B': 'EMPTY'}  busy: {'A': False, 'B': True})
2026-04-23 09:08:53,449 DEBUG    [ApplyLabel] No zone needs label → wait
2026-04-23 09:08:53,951 INFO     [ApplyLabel] Entering state (zones: {'A': 'READY_FOR_PICKUP', 'B': 'EMPTY'}  busy: {'A': False, 'B': True})
2026-04-23 09:08:53,951 DEBUG    [ApplyLabel] No zone needs label → wait
2026-04-23 09:08:54,452 INFO     [ApplyLabel] Entering state (zones: {'A': 'READY_FOR_PICKUP', 'B': 'EMPTY'}  busy: {'A': False, 'B': True})
2026-04-23 09:08:54,452 DEBUG    [ApplyLabel] No zone needs label → wait
2026-04-23 09:08:54,954 INFO     [ApplyLabel] Entering state (zones: {'A': 'READY_FOR_PICKUP', 'B': 'EMPTY'}  busy: {'A': False, 'B': True})
2026-04-23 09:08:54,954 DEBUG    [ApplyLabel] No zone needs label → wait
2026-04-23 09:08:55,455 INFO     [ApplyLabel] Entering state (zones: {'A': 'READY_FOR_PICKUP', 'B': 'EMPTY'}  busy: {'A': False, 'B': True})
2026-04-23 09:08:55,455 DEBUG    [ApplyLabel] No zone needs label → wait
2026-04-23 09:08:55,957 INFO     [ApplyLabel] Entering state (zones: {'A': 'READY_FOR_PICKUP', 'B': 'EMPTY'}  busy: {'A': False, 'B': True})
2026-04-23 09:08:55,957 DEBUG    [ApplyLabel] No zone needs label → wait
2026-04-23 09:08:56,382 INFO     [Service] /orio/pnp_cup/off → success=True msg='PnP Cup OFF command sent'
2026-04-23 09:08:56,460 INFO     [ApplyLabel] Entering state (zones: {'A': 'READY_FOR_PICKUP', 'B': 'EMPTY'}  busy: {'A': False, 'B': True})
2026-04-23 09:08:56,460 DEBUG    [ApplyLabel] No zone needs label → wait
2026-04-23 09:08:56,962 INFO     [ApplyLabel] Entering state (zones: {'A': 'READY_FOR_PICKUP', 'B': 'EMPTY'}  busy: {'A': False, 'B': True})
2026-04-23 09:08:56,962 DEBUG    [ApplyLabel] No zone needs label → wait
2026-04-23 09:08:57,463 INFO     [ApplyLabel] Entering state (zones: {'A': 'READY_FOR_PICKUP', 'B': 'EMPTY'}  busy: {'A': False, 'B': True})
2026-04-23 09:08:57,463 DEBUG    [ApplyLabel] No zone needs label → wait
2026-04-23 09:08:57,968 INFO     [ApplyLabel] Entering state (zones: {'A': 'READY_FOR_PICKUP', 'B': 'EMPTY'}  busy: {'A': False, 'B': True})
2026-04-23 09:08:57,968 DEBUG    [ApplyLabel] No zone needs label → wait
2026-04-23 09:08:58,470 INFO     [ApplyLabel] Entering state (zones: {'A': 'READY_FOR_PICKUP', 'B': 'EMPTY'}  busy: {'A': False, 'B': True})
2026-04-23 09:08:58,470 DEBUG    [ApplyLabel] No zone needs label → wait
2026-04-23 09:08:58,971 INFO     [ApplyLabel] Entering state (zones: {'A': 'READY_FOR_PICKUP', 'B': 'EMPTY'}  busy: {'A': False, 'B': True})
2026-04-23 09:08:58,972 DEBUG    [ApplyLabel] No zone needs label → wait
2026-04-23 09:08:59,473 INFO     [ApplyLabel] Entering state (zones: {'A': 'READY_FOR_PICKUP', 'B': 'EMPTY'}  busy: {'A': False, 'B': True})
2026-04-23 09:08:59,473 DEBUG    [ApplyLabel] No zone needs label → wait
2026-04-23 09:08:59,874 INFO     [ZoneManager] Zone B: EMPTY → NEEDS_LABEL
2026-04-23 09:08:59,874 INFO     [DropToZone] Exiting: dropped (zone B)
2026-04-23 09:08:59,875 DEBUG    [TaskSelector] Evaluating zone states: {'A': 'READY_FOR_PICKUP', 'B': 'NEEDS_LABEL'}  busy: {'A': False, 'B': False}
2026-04-23 09:08:59,875 INFO     [TaskSelector] → do_unload (both zones occupied, ready zone exists)
2026-04-23 09:08:59,876 INFO     [RetrieveFromZone] Entering state
2026-04-23 09:08:59,876 INFO     [RetrieveFromZone] Picking from zone A (depth=0.0565)
2026-04-23 09:08:59,884 INFO     [IK] pose_to_joints 'L1_INTER' depth_offset=0.0565 → joints=[-0.3189 -0.5104 -0.3503 -2.5592 -0.1919  2.0673  0.2501]
2026-04-23 09:08:59,893 INFO     [IK] pose_to_joints 'LABEL_ZONE_1' depth_offset=0.1565 → joints=[-0.2331  1.0255 -0.1781 -0.8741  0.1602  1.8886  0.4088]
2026-04-23 09:08:59,903 INFO     [IK] pose_to_joints 'LABEL_ZONE_1' depth_offset=0.0465 → joints=[-0.2372  1.1854 -0.169  -0.8669  0.1757  2.041   0.4039]
2026-04-23 09:08:59,903 INFO     [RetrieveFromZone] A pre_pick=[-0.2331  1.0255 -0.1781 -0.8741  0.1602  1.8886  0.4088] pick=[-0.2372  1.1854 -0.169  -0.8669  0.1757  2.041   0.4039]
2026-04-23 09:08:59,976 INFO     [ApplyLabel] Entering state (zones: {'A': 'READY_FOR_PICKUP', 'B': 'NEEDS_LABEL'}  busy: {'A': True, 'B': False})
2026-04-23 09:08:59,976 INFO     [ApplyLabel] Applying label to zone B (zone_number=2, depth=0.0177)
2026-04-23 09:08:59,976 INFO     [compute_label_joints] Requesting label pose for zone 2, item_depth=0.0177
2026-04-23 09:09:01,727 INFO     [Service] /compute_grasps_labelling → success=True msg='Zone1=FAIL, Zone2=OK'
2026-04-23 09:09:01,727 INFO     item_depth=0.0177  X=0.3075 Y=-0.0711 Z=0.9823  pos(world)=[ 0.5311 -0.2885 -0.0023]  task_pos=[ 0.5311 -0.2885  0.0177]  task_ori=[0.6355 0.7721 0.     0.    ]
2026-04-23 09:09:01,728 INFO     [compute_label_joints] Zone 2 received pose: x=0.5311 y=-0.2885 z=0.0177  RPY r=180.00 p=0.00 y=101.08 deg
2026-04-23 09:09:01,728 INFO     [IK] compute_pick_joints called — task_pos=[ 0.5311 -0.2885  0.0177] label_zone=2 max_attempts=10 check_collisions=True arm_number=2
2026-04-23 09:09:01,749 INFO     [IK] Arm2 compute_pick_joints attempt 1/10 OK — target=([ 0.5311 -0.2885  0.0177]) pre=[-0.3772  0.4298 -0.1239 -2.014   0.0798  2.4393 -1.5297] final=[-0.5941  0.6384  0.0927 -1.9847 -0.1107  2.6184 -1.4024] (FK err pre=0.0000 m final=0.0000 m)
2026-04-23 09:09:01,750 INFO     [ApplyLabel] IK pre_joints=[-0.3772  0.4298 -0.1239 -2.014   0.0798  2.4393 -1.5297]  final_joints=[-0.5941  0.6384  0.0927 -1.9847 -0.1107  2.6184 -1.4024]
2026-04-23 09:09:01,750 INFO     [ApplyLabel] Registering label — item='rewyt' expiry='1111-11-11'
2026-04-23 09:09:06,721 INFO     [Service] /orio/pnp_cup/on → success=True msg='PnP Cup ON command sent'
2026-04-23 09:09:06,864 ERROR    [RFID] Service call failed for /inventory/add_item: timeout exceeded while waiting for service /inventory/add_item
2026-04-23 09:09:07,722 INFO     [RetrieveFromZone] Retracting to pre-pick height
2026-04-23 09:09:17,077 INFO     [ZoneManager] Zone A: READY_FOR_PICKUP → EMPTY
2026-04-23 09:09:17,078 INFO     [RetrieveFromZone] Exiting: picked (zone A)
2026-04-23 09:09:17,080 INFO     [PlaceOutput] Entering state (retrieved_depth=0.0565)
2026-04-23 09:09:17,098 INFO     [IK] pose_to_joints 'OUTPUT1' depth_offset=0.2065 → joints=[-1.4843 -0.8413  2.7772 -0.806   0.2692  1.6119  2.1824]
2026-04-23 09:09:17,098 INFO     [Service] /orio/lbl_cup/off → success=True msg='Labelling Cup OFF command sent'
2026-04-23 09:09:17,106 INFO     [IK] pose_to_joints 'L2_INTER' depth_offset=0.0565 → joints=[ 0.0888 -0.5663  0.5591 -2.552   0.324   2.0359  1.2105]
2026-04-23 09:09:17,106 INFO     [PlaceOutput] drop_joints: [-1.4843 -0.8413  2.7772 -0.806   0.2692  1.6119  2.1824]
2026-04-23 09:09:20,517 INFO     [IK] pose_to_joints 'LABELLING_SAFE' depth_offset=0.0000 → joints=[-0.065  -1.2718  0.0356 -2.707   0.0343  1.4354  0.7355]
2026-04-23 09:09:23,682 INFO     [Service] /orio/pnp_cup/off → success=True msg='PnP Cup OFF command sent'
2026-04-23 09:09:23,983 INFO     [ZoneManager] Zone B: NEEDS_LABEL → READY_FOR_PICKUP
2026-04-23 09:09:23,984 INFO     [ApplyLabel] Exiting: labeled (zone B)
2026-04-23 09:09:23,987 INFO     [GetLabel] Entering state
2026-04-23 09:09:29,100 INFO     [PlaceOutput] Exiting: succeeded (total items placed: 5)
2026-04-23 09:09:29,105 INFO     [FetchInput] Entering state
2026-04-23 09:09:29,691 INFO     [Service] /compute_grasps → success=True msg='Published 1 PnP poses.'
2026-04-23 09:09:29,692 INFO     [FetchInput] Grasp pose received: x=0.2008 y=-0.5369 z=0.0788
2026-04-23 09:09:29,692 INFO     [IK] compute_pick_joints called — task_pos=[ 0.2008 -0.5369  0.0788] label_zone=None max_attempts=10 check_collisions=False arm_number=None
2026-04-23 09:09:29,707 INFO     [IK] Arm? compute_pick_joints attempt 1/10 OK — target=([ 0.2008 -0.5369  0.0788]) pre=[-0.5408  0.3105 -0.6927 -2.1087  0.2728  2.3319 -0.6148] final=[-0.7774  0.4783 -0.4266 -2.1239  0.3418  2.5372 -0.6604] (FK err pre=0.0000 m final=0.0000 m)
2026-04-23 09:09:29,708 INFO     [FetchInput] IK pre_joints:   [-0.5408  0.3105 -0.6927 -2.1087  0.2728  2.3319 -0.6148]
2026-04-23 09:09:29,708 INFO     [FetchInput] IK final_joints: [-0.7774  0.4783 -0.4266 -2.1239  0.3418  2.5372 -0.6604]
2026-04-23 09:09:29,708 INFO     [FetchInput] Moving to pre-pick
2026-04-23 09:09:33,108 INFO     [FetchInput] Descending to pick
2026-04-23 09:09:34,218 INFO     [Service] /orio/lbl_cup/on → success=True msg='Labelling Cup ON command sent'
2026-04-23 09:09:35,318 INFO     [Service] /orio/pnp_cup/on → success=True msg='PnP Cup ON command sent'
2026-04-23 09:09:36,319 INFO     [FetchInput] Retracting to pre-pick height
2026-04-23 09:09:37,726 INFO     [IK] pose_to_joints 'LABELLING_SAFE' depth_offset=0.0000 → joints=[-0.065  -1.2718  0.0356 -2.707   0.0343  1.4354  0.7355]
2026-04-23 09:09:38,536 INFO     [IK] pose_to_joints 'FETCH_SAFE' depth_offset=0.0788 → joints=[-0.1001 -0.8333  0.087  -2.7396  0.0682  1.9075  0.7213]
2026-04-23 09:09:40,932 INFO     [GetLabel] Exiting: succeeded
2026-04-23 09:09:40,934 INFO     [ApplyLabel] Entering state (zones: {'A': 'EMPTY', 'B': 'READY_FOR_PICKUP'}  busy: {'A': False, 'B': False})
2026-04-23 09:09:40,934 DEBUG    [ApplyLabel] No zone needs label → wait
2026-04-23 09:09:40,936 INFO     [Service] /get_depth_at_grasp → success=True msg='0.05704378711976138'
2026-04-23 09:09:40,936 INFO     [FetchInput] grasp_depth=0.0788 m  after_grasp_depth=0.0570 m  item_height=0.0217 m
2026-04-23 09:09:41,436 INFO     [ApplyLabel] Entering state (zones: {'A': 'EMPTY', 'B': 'READY_FOR_PICKUP'}  busy: {'A': False, 'B': False})
2026-04-23 09:09:41,436 DEBUG    [ApplyLabel] No zone needs label → wait
2026-04-23 09:09:41,436 INFO     [FetchInput] Exiting: succeeded (item_depth=0.0217)
2026-04-23 09:09:41,438 INFO     [DropToZone] Entering state (item_depth=0.0217)
2026-04-23 09:09:41,438 INFO     [DropToZone] Targeting zone A
2026-04-23 09:09:41,446 INFO     [IK] pose_to_joints 'L1_INTER' depth_offset=0.0217 → joints=[-0.3196 -0.4658 -0.3666 -2.618  -0.1962  2.1702  0.247 ]
2026-04-23 09:09:41,455 INFO     [IK] pose_to_joints 'LABEL_ZONE_1' depth_offset=0.0317 → joints=[-0.2398  1.2168 -0.1667 -0.8471  0.1766  2.053   0.4048]
2026-04-23 09:09:41,455 INFO     [DropToZone] place_joints for LABEL_ZONE_1: [-0.2398  1.2168 -0.1667 -0.8471  0.1766  2.053   0.4048]
2026-04-23 09:09:41,938 INFO     [ApplyLabel] Entering state (zones: {'A': 'EMPTY', 'B': 'READY_FOR_PICKUP'}  busy: {'A': True, 'B': False})
2026-04-23 09:09:41,938 DEBUG    [ApplyLabel] No zone needs label → wait
2026-04-23 09:09:42,440 INFO     [ApplyLabel] Entering state (zones: {'A': 'EMPTY', 'B': 'READY_FOR_PICKUP'}  busy: {'A': True, 'B': False})
2026-04-23 09:09:42,440 DEBUG    [ApplyLabel] No zone needs label → wait
2026-04-23 09:09:42,942 INFO     [ApplyLabel] Entering state (zones: {'A': 'EMPTY', 'B': 'READY_FOR_PICKUP'}  busy: {'A': True, 'B': False})
2026-04-23 09:09:42,942 DEBUG    [ApplyLabel] No zone needs label → wait
2026-04-23 09:09:43,445 INFO     [ApplyLabel] Entering state (zones: {'A': 'EMPTY', 'B': 'READY_FOR_PICKUP'}  busy: {'A': True, 'B': False})
2026-04-23 09:09:43,445 DEBUG    [ApplyLabel] No zone needs label → wait
2026-04-23 09:09:43,947 INFO     [ApplyLabel] Entering state (zones: {'A': 'EMPTY', 'B': 'READY_FOR_PICKUP'}  busy: {'A': True, 'B': False})
2026-04-23 09:09:43,947 DEBUG    [ApplyLabel] No zone needs label → wait
2026-04-23 09:09:44,450 INFO     [ApplyLabel] Entering state (zones: {'A': 'EMPTY', 'B': 'READY_FOR_PICKUP'}  busy: {'A': True, 'B': False})
2026-04-23 09:09:44,450 DEBUG    [ApplyLabel] No zone needs label → wait
2026-04-23 09:09:44,952 INFO     [ApplyLabel] Entering state (zones: {'A': 'EMPTY', 'B': 'READY_FOR_PICKUP'}  busy: {'A': True, 'B': False})
2026-04-23 09:09:44,952 DEBUG    [ApplyLabel] No zone needs label → wait
2026-04-23 09:09:45,453 INFO     [ApplyLabel] Entering state (zones: {'A': 'EMPTY', 'B': 'READY_FOR_PICKUP'}  busy: {'A': True, 'B': False})
2026-04-23 09:09:45,453 DEBUG    [ApplyLabel] No zone needs label → wait
2026-04-23 09:09:45,954 INFO     [ApplyLabel] Entering state (zones: {'A': 'EMPTY', 'B': 'READY_FOR_PICKUP'}  busy: {'A': True, 'B': False})
2026-04-23 09:09:45,955 DEBUG    [ApplyLabel] No zone needs label → wait
2026-04-23 09:09:46,457 INFO     [ApplyLabel] Entering state (zones: {'A': 'EMPTY', 'B': 'READY_FOR_PICKUP'}  busy: {'A': True, 'B': False})
2026-04-23 09:09:46,457 DEBUG    [ApplyLabel] No zone needs label → wait
2026-04-23 09:09:46,958 INFO     [ApplyLabel] Entering state (zones: {'A': 'EMPTY', 'B': 'READY_FOR_PICKUP'}  busy: {'A': True, 'B': False})
2026-04-23 09:09:46,958 DEBUG    [ApplyLabel] No zone needs label → wait
2026-04-23 09:09:47,460 INFO     [ApplyLabel] Entering state (zones: {'A': 'EMPTY', 'B': 'READY_FOR_PICKUP'}  busy: {'A': True, 'B': False})
2026-04-23 09:09:47,461 DEBUG    [ApplyLabel] No zone needs label → wait
2026-04-23 09:09:47,963 INFO     [ApplyLabel] Entering state (zones: {'A': 'EMPTY', 'B': 'READY_FOR_PICKUP'}  busy: {'A': True, 'B': False})
2026-04-23 09:09:47,963 DEBUG    [ApplyLabel] No zone needs label → wait
2026-04-23 09:09:48,079 INFO     [Service] /orio/pnp_cup/off → success=True msg='PnP Cup OFF command sent'
2026-04-23 09:09:48,466 INFO     [ApplyLabel] Entering state (zones: {'A': 'EMPTY', 'B': 'READY_FOR_PICKUP'}  busy: {'A': True, 'B': False})
2026-04-23 09:09:48,466 DEBUG    [ApplyLabel] No zone needs label → wait
2026-04-23 09:09:48,970 INFO     [ApplyLabel] Entering state (zones: {'A': 'EMPTY', 'B': 'READY_FOR_PICKUP'}  busy: {'A': True, 'B': False})
2026-04-23 09:09:48,970 DEBUG    [ApplyLabel] No zone needs label → wait
2026-04-23 09:09:49,476 INFO     [ApplyLabel] Entering state (zones: {'A': 'EMPTY', 'B': 'READY_FOR_PICKUP'}  busy: {'A': True, 'B': False})
2026-04-23 09:09:49,476 DEBUG    [ApplyLabel] No zone needs label → wait
2026-04-23 09:09:49,978 INFO     [ApplyLabel] Entering state (zones: {'A': 'EMPTY', 'B': 'READY_FOR_PICKUP'}  busy: {'A': True, 'B': False})
2026-04-23 09:09:49,978 DEBUG    [ApplyLabel] No zone needs label → wait
2026-04-23 09:09:50,481 INFO     [ApplyLabel] Entering state (zones: {'A': 'EMPTY', 'B': 'READY_FOR_PICKUP'}  busy: {'A': True, 'B': False})
2026-04-23 09:09:50,482 DEBUG    [ApplyLabel] No zone needs label → wait
2026-04-23 09:09:50,983 INFO     [ApplyLabel] Entering state (zones: {'A': 'EMPTY', 'B': 'READY_FOR_PICKUP'}  busy: {'A': True, 'B': False})
2026-04-23 09:09:50,983 DEBUG    [ApplyLabel] No zone needs label → wait
2026-04-23 09:09:51,484 INFO     [ApplyLabel] Entering state (zones: {'A': 'EMPTY', 'B': 'READY_FOR_PICKUP'}  busy: {'A': True, 'B': False})
2026-04-23 09:09:51,484 DEBUG    [ApplyLabel] No zone needs label → wait
2026-04-23 09:09:51,554 INFO     [ZoneManager] Zone A: EMPTY → NEEDS_LABEL
2026-04-23 09:09:51,554 INFO     [DropToZone] Exiting: dropped (zone A)
2026-04-23 09:09:51,556 DEBUG    [TaskSelector] Evaluating zone states: {'A': 'NEEDS_LABEL', 'B': 'READY_FOR_PICKUP'}  busy: {'A': False, 'B': False}
2026-04-23 09:09:51,556 INFO     [TaskSelector] → do_unload (both zones occupied, ready zone exists)
2026-04-23 09:09:51,557 INFO     [RetrieveFromZone] Entering state
2026-04-23 09:09:51,557 INFO     [RetrieveFromZone] Picking from zone B (depth=0.0177)
2026-04-23 09:09:51,568 INFO     [IK] pose_to_joints 'L2_INTER' depth_offset=0.0177 → joints=[ 0.0975 -0.5114  0.5829 -2.6172  0.3285  2.1536  1.2193]
2026-04-23 09:09:51,576 INFO     [IK] pose_to_joints 'LABEL_ZONE_2' depth_offset=0.1177 → joints=[ 0.3206  1.0599  0.0022 -0.9002 -0.0021  1.9601  1.1079]
2026-04-23 09:09:51,585 INFO     [IK] pose_to_joints 'LABEL_ZONE_2' depth_offset=0.0077 → joints=[ 0.3603  1.2696 -0.0815 -0.804   0.0887  2.071   1.0788]
2026-04-23 09:09:51,585 INFO     [RetrieveFromZone] B pre_pick=[ 0.3206  1.0599  0.0022 -0.9002 -0.0021  1.9601  1.1079] pick=[ 0.3603  1.2696 -0.0815 -0.804   0.0887  2.071   1.0788]
2026-04-23 09:09:51,986 INFO     [ApplyLabel] Entering state (zones: {'A': 'NEEDS_LABEL', 'B': 'READY_FOR_PICKUP'}  busy: {'A': False, 'B': True})
2026-04-23 09:09:51,986 INFO     [ApplyLabel] Applying label to zone A (zone_number=1, depth=0.0217)
2026-04-23 09:09:51,986 INFO     [compute_label_joints] Requesting label pose for zone 1, item_depth=0.0217
2026-04-23 09:09:53,601 INFO     [Service] /compute_grasps_labelling → success=True msg='Zone1=FAIL, Zone2=OK'
2026-04-23 09:09:58,608 ERROR    [APPLY_LABEL] Unhandled exception: No labelling pose received for zone 1 within timeout
2026-04-23 09:09:58,610 WARNING  [ARM2 Recovery] Pausing ARM2 — showing GUI (ARM1 continues)
2026-04-23 09:09:58,946 INFO     [Service] /orio/pnp_cup/on → success=True msg='PnP Cup ON command sent'
2026-04-23 09:09:59,947 INFO     [RetrieveFromZone] Retracting to pre-pick height
2026-04-23 09:10:04,876 INFO     [ZoneManager] Zone B: READY_FOR_PICKUP → EMPTY
2026-04-23 09:10:04,876 INFO     [RetrieveFromZone] Exiting: picked (zone B)
2026-04-23 09:10:04,877 INFO     [PlaceOutput] Entering state (retrieved_depth=0.0177)
2026-04-23 09:10:04,940 INFO     [IK] pose_to_joints 'OUTPUT2' depth_offset=0.1677 → joints=[ 1.2353e+00  1.0720e+00 -2.0000e-04 -4.6700e-01  1.0000e-04  1.5412e+00
  2.0207e+00]
2026-04-23 09:10:04,948 INFO     [IK] pose_to_joints 'L2_INTER' depth_offset=0.0177 → joints=[ 0.0975 -0.5114  0.5829 -2.6172  0.3285  2.1536  1.2193]
2026-04-23 09:10:04,948 INFO     [PlaceOutput] drop_joints: [ 1.2353e+00  1.0720e+00 -2.0000e-04 -4.6700e-01  1.0000e-04  1.5412e+00
  2.0207e+00]
2026-04-23 09:10:07,441 INFO     [Recovery] Zones updated: {'A': 'NEEDS_LABEL', 'B': 'READY_FOR_PICKUP'}  busy: {'A': False, 'B': False}
2026-04-23 09:10:07,446 INFO     [ARM2 Recovery] choice=GET_LABEL
2026-04-23 09:10:07,447 INFO     [ARM2 Recovery] resuming
2026-04-23 09:10:07,448 INFO     [GetLabel] Entering state
2026-04-23 09:10:08,331 INFO     [Service] /orio/pnp_cup/off → success=True msg='PnP Cup OFF command sent'
2026-04-23 09:10:17,757 INFO     [PlaceOutput] Exiting: succeeded (total items placed: 6)
2026-04-23 09:10:17,759 INFO     [FetchInput] Entering state
2026-04-23 09:10:17,760 INFO     [Service] /orio/lbl_cup/on → success=True msg='Labelling Cup ON command sent'
2026-04-23 09:10:18,285 INFO     [Service] /compute_grasps → success=True msg='Published 1 PnP poses.'
2026-04-23 09:10:18,286 INFO     [FetchInput] Grasp pose received: x=0.1919 y=-0.5333 z=0.0599
2026-04-23 09:10:18,286 INFO     [IK] compute_pick_joints called — task_pos=[ 0.1919 -0.5333  0.0599] label_zone=None max_attempts=10 check_collisions=False arm_number=None
2026-04-23 09:10:18,298 INFO     [IK] Arm? compute_pick_joints attempt 1/10 OK — target=([ 0.1919 -0.5333  0.0599]) pre=[-0.5623  0.3281 -0.6763 -2.1417  0.2963  2.379  -0.6439] final=[-0.8063  0.5049 -0.4018 -2.1418  0.3645  2.5823 -0.6898] (FK err pre=0.0000 m final=0.0000 m)
2026-04-23 09:10:18,298 INFO     [FetchInput] IK pre_joints:   [-0.5623  0.3281 -0.6763 -2.1417  0.2963  2.379  -0.6439]
2026-04-23 09:10:18,299 INFO     [FetchInput] IK final_joints: [-0.8063  0.5049 -0.4018 -2.1418  0.3645  2.5823 -0.6898]
2026-04-23 09:10:18,299 INFO     [FetchInput] Moving to pre-pick
2026-04-23 09:10:21,237 INFO     [IK] pose_to_joints 'LABELLING_SAFE' depth_offset=0.0000 → joints=[-0.065  -1.2718  0.0356 -2.707   0.0343  1.4354  0.7355]
2026-04-23 09:10:21,761 INFO     [FetchInput] Descending to pick
2026-04-23 09:10:23,967 INFO     [Service] /orio/pnp_cup/on → success=True msg='PnP Cup ON command sent'
2026-04-23 09:10:24,445 INFO     [GetLabel] Exiting: succeeded
2026-04-23 09:10:24,446 INFO     [ApplyLabel] Entering state (zones: {'A': 'NEEDS_LABEL', 'B': 'READY_FOR_PICKUP'}  busy: {'A': False, 'B': False})
2026-04-23 09:10:24,446 INFO     [ApplyLabel] Applying label to zone A (zone_number=1, depth=0.0217)
2026-04-23 09:10:24,446 INFO     [compute_label_joints] Requesting label pose for zone 1, item_depth=0.0217
2026-04-23 09:10:24,968 INFO     [FetchInput] Retracting to pre-pick height
2026-04-23 09:10:25,936 INFO     [Service] /compute_grasps_labelling → success=True msg='Zone1=OK, Zone2=FAIL'
2026-04-23 09:10:25,936 INFO     item_depth=0.0217  X=-0.2367 Y=-0.1181 Z=0.9783  pos(world)=[0.5781 0.2557 0.0017]  task_pos=[0.5781 0.2557 0.0217]  task_ori=[0.6799 0.7333 0.     0.    ]
2026-04-23 09:10:25,937 INFO     [compute_label_joints] Zone 1 received pose: x=0.5781 y=0.2557 z=0.0217  RPY r=180.00 p=0.00 y=94.33 deg
2026-04-23 09:10:25,937 INFO     [IK] compute_pick_joints called — task_pos=[0.5781 0.2557 0.0217] label_zone=1 max_attempts=10 check_collisions=True arm_number=2
2026-04-23 09:10:25,960 INFO     [IK] Arm2 compute_pick_joints attempt 1/10 OK — target=([0.5781 0.2557 0.0217]) pre=[ 0.2074  0.4997  0.2229 -1.8969 -0.1541  2.3801 -0.3451] final=[ 4.1490e-01  6.8570e-01  1.6000e-03 -1.8731e+00 -1.9000e-03  2.5588e+00
 -4.4320e-01] (FK err pre=0.0000 m final=0.0000 m)
2026-04-23 09:10:25,962 INFO     [ApplyLabel] IK pre_joints=[ 0.2074  0.4997  0.2229 -1.8969 -0.1541  2.3801 -0.3451]  final_joints=[ 4.1490e-01  6.8570e-01  1.6000e-03 -1.8731e+00 -1.9000e-03  2.5588e+00
 -4.4320e-01]
2026-04-23 09:10:25,962 INFO     [ApplyLabel] Registering label — item='rewyt' expiry='1111-11-11'
2026-04-23 09:10:27,185 INFO     [IK] pose_to_joints 'FETCH_SAFE' depth_offset=0.0599 → joints=[-0.0957 -0.8213  0.0874 -2.7818  0.0692  1.9616  0.7229]
2026-04-23 09:10:29,615 INFO     [Service] /get_depth_at_grasp → success=True msg='0.041903534531764264'
2026-04-23 09:10:29,615 INFO     [FetchInput] grasp_depth=0.0599 m  after_grasp_depth=0.0419 m  item_height=0.0180 m
2026-04-23 09:10:30,115 INFO     [FetchInput] Exiting: succeeded (item_depth=0.0180)
2026-04-23 09:10:30,117 INFO     [DropToZone] Entering state (item_depth=0.0180)
2026-04-23 09:10:30,117 DEBUG    [DropToZone] No empty zone available → wait
2026-04-23 09:10:30,619 INFO     [DropToZone] Entering state (item_depth=0.0180)
2026-04-23 09:10:30,619 DEBUG    [DropToZone] No empty zone available → wait
2026-04-23 09:10:31,076 ERROR    [RFID] Service call failed for /inventory/add_item: timeout exceeded while waiting for service /inventory/add_item
2026-04-23 09:10:31,121 INFO     [DropToZone] Entering state (item_depth=0.0180)
2026-04-23 09:10:31,121 DEBUG    [DropToZone] No empty zone available → wait
2026-04-23 09:10:31,622 INFO     [DropToZone] Entering state (item_depth=0.0180)
2026-04-23 09:10:31,622 DEBUG    [DropToZone] No empty zone available → wait
2026-04-23 09:10:32,125 INFO     [DropToZone] Entering state (item_depth=0.0180)
2026-04-23 09:10:32,125 DEBUG    [DropToZone] No empty zone available → wait
2026-04-23 09:10:32,626 INFO     [DropToZone] Entering state (item_depth=0.0180)
2026-04-23 09:10:32,626 DEBUG    [DropToZone] No empty zone available → wait
2026-04-23 09:10:33,128 INFO     [DropToZone] Entering state (item_depth=0.0180)
2026-04-23 09:10:33,128 DEBUG    [DropToZone] No empty zone available → wait
2026-04-23 09:10:33,629 INFO     [DropToZone] Entering state (item_depth=0.0180)
2026-04-23 09:10:33,629 DEBUG    [DropToZone] No empty zone available → wait
2026-04-23 09:10:34,131 INFO     [DropToZone] Entering state (item_depth=0.0180)
2026-04-23 09:10:34,131 DEBUG    [DropToZone] No empty zone available → wait
2026-04-23 09:10:34,632 INFO     [DropToZone] Entering state (item_depth=0.0180)
2026-04-23 09:10:34,632 DEBUG    [DropToZone] No empty zone available → wait
2026-04-23 09:10:35,133 INFO     [DropToZone] Entering state (item_depth=0.0180)
2026-04-23 09:10:35,133 DEBUG    [DropToZone] No empty zone available → wait
2026-04-23 09:10:35,636 INFO     [DropToZone] Entering state (item_depth=0.0180)
2026-04-23 09:10:35,636 DEBUG    [DropToZone] No empty zone available → wait
2026-04-23 09:10:36,137 INFO     [DropToZone] Entering state (item_depth=0.0180)
2026-04-23 09:10:36,137 DEBUG    [DropToZone] No empty zone available → wait
2026-04-23 09:10:36,639 INFO     [DropToZone] Entering state (item_depth=0.0180)
2026-04-23 09:10:36,639 DEBUG    [DropToZone] No empty zone available → wait
2026-04-23 09:10:37,141 INFO     [DropToZone] Entering state (item_depth=0.0180)
2026-04-23 09:10:37,141 DEBUG    [DropToZone] No empty zone available → wait
2026-04-23 09:10:37,643 INFO     [DropToZone] Entering state (item_depth=0.0180)
2026-04-23 09:10:37,643 DEBUG    [DropToZone] No empty zone available → wait
2026-04-23 09:10:38,145 INFO     [DropToZone] Entering state (item_depth=0.0180)
2026-04-23 09:10:38,145 DEBUG    [DropToZone] No empty zone available → wait
2026-04-23 09:10:38,647 INFO     [DropToZone] Entering state (item_depth=0.0180)
2026-04-23 09:10:38,648 DEBUG    [DropToZone] No empty zone available → wait
2026-04-23 09:10:39,150 INFO     [DropToZone] Entering state (item_depth=0.0180)
2026-04-23 09:10:39,150 DEBUG    [DropToZone] No empty zone available → wait
2026-04-23 09:10:39,654 INFO     [DropToZone] Entering state (item_depth=0.0180)
2026-04-23 09:10:39,654 DEBUG    [DropToZone] No empty zone available → wait
2026-04-23 09:10:40,156 INFO     [DropToZone] Entering state (item_depth=0.0180)
2026-04-23 09:10:40,156 DEBUG    [DropToZone] No empty zone available → wait
2026-04-23 09:10:40,659 INFO     [DropToZone] Entering state (item_depth=0.0180)
2026-04-23 09:10:40,659 DEBUG    [DropToZone] No empty zone available → wait
2026-04-23 09:10:41,160 INFO     [DropToZone] Entering state (item_depth=0.0180)
2026-04-23 09:10:41,161 DEBUG    [DropToZone] No empty zone available → wait
2026-04-23 09:10:41,187 INFO     [Service] /orio/lbl_cup/off → success=True msg='Labelling Cup OFF command sent'
2026-04-23 09:10:41,663 INFO     [DropToZone] Entering state (item_depth=0.0180)
2026-04-23 09:10:41,663 DEBUG    [DropToZone] No empty zone available → wait
2026-04-23 09:10:42,165 INFO     [DropToZone] Entering state (item_depth=0.0180)
2026-04-23 09:10:42,165 DEBUG    [DropToZone] No empty zone available → wait
2026-04-23 09:10:42,668 INFO     [DropToZone] Entering state (item_depth=0.0180)
2026-04-23 09:10:42,668 DEBUG    [DropToZone] No empty zone available → wait
2026-04-23 09:10:43,169 INFO     [DropToZone] Entering state (item_depth=0.0180)
2026-04-23 09:10:43,169 DEBUG    [DropToZone] No empty zone available → wait
2026-04-23 09:10:43,672 INFO     [DropToZone] Entering state (item_depth=0.0180)
2026-04-23 09:10:43,672 DEBUG    [DropToZone] No empty zone available → wait
2026-04-23 09:10:44,173 INFO     [DropToZone] Entering state (item_depth=0.0180)
2026-04-23 09:10:44,174 DEBUG    [DropToZone] No empty zone available → wait
2026-04-23 09:10:44,302 INFO     [IK] pose_to_joints 'LABELLING_SAFE' depth_offset=0.0000 → joints=[-0.065  -1.2718  0.0356 -2.707   0.0343  1.4354  0.7355]
2026-04-23 09:10:44,676 INFO     [DropToZone] Entering state (item_depth=0.0180)
2026-04-23 09:10:44,676 DEBUG    [DropToZone] No empty zone available → wait
2026-04-23 09:10:45,178 INFO     [DropToZone] Entering state (item_depth=0.0180)
2026-04-23 09:10:45,178 DEBUG    [DropToZone] No empty zone available → wait
2026-04-23 09:10:45,680 INFO     [DropToZone] Entering state (item_depth=0.0180)
2026-04-23 09:10:45,680 DEBUG    [DropToZone] No empty zone available → wait
2026-04-23 09:10:46,181 INFO     [DropToZone] Entering state (item_depth=0.0180)
2026-04-23 09:10:46,181 DEBUG    [DropToZone] No empty zone available → wait
2026-04-23 09:10:46,683 INFO     [DropToZone] Entering state (item_depth=0.0180)
2026-04-23 09:10:46,683 DEBUG    [DropToZone] No empty zone available → wait
2026-04-23 09:10:47,184 INFO     [DropToZone] Entering state (item_depth=0.0180)
2026-04-23 09:10:47,184 DEBUG    [DropToZone] No empty zone available → wait
2026-04-23 09:10:47,687 INFO     [DropToZone] Entering state (item_depth=0.0180)
2026-04-23 09:10:47,687 DEBUG    [DropToZone] No empty zone available → wait
2026-04-23 09:10:47,744 INFO     [ZoneManager] Zone A: NEEDS_LABEL → READY_FOR_PICKUP
2026-04-23 09:10:47,745 INFO     [ApplyLabel] Exiting: labeled (zone A)
2026-04-23 09:10:47,746 INFO     [GetLabel] Entering state
2026-04-23 09:10:48,188 INFO     [DropToZone] Entering state (item_depth=0.0180)
2026-04-23 09:10:48,188 DEBUG    [DropToZone] No empty zone available → wait
2026-04-23 09:10:48,689 INFO     [DropToZone] Entering state (item_depth=0.0180)
2026-04-23 09:10:48,689 DEBUG    [DropToZone] No empty zone available → wait
2026-04-23 09:10:49,190 INFO     [DropToZone] Entering state (item_depth=0.0180)
2026-04-23 09:10:49,190 DEBUG    [DropToZone] No empty zone available → wait
2026-04-23 09:10:49,692 INFO     [DropToZone] Entering state (item_depth=0.0180)
2026-04-23 09:10:49,692 DEBUG    [DropToZone] No empty zone available → wait
2026-04-23 09:10:50,193 INFO     [DropToZone] Entering state (item_depth=0.0180)
2026-04-23 09:10:50,193 DEBUG    [DropToZone] No empty zone available → wait
2026-04-23 09:10:50,695 INFO     [DropToZone] Entering state (item_depth=0.0180)
2026-04-23 09:10:50,695 DEBUG    [DropToZone] No empty zone available → wait
2026-04-23 09:10:51,197 INFO     [DropToZone] Entering state (item_depth=0.0180)
2026-04-23 09:10:51,197 DEBUG    [DropToZone] No empty zone available → wait
2026-04-23 09:10:51,699 INFO     [DropToZone] Entering state (item_depth=0.0180)
2026-04-23 09:10:51,699 DEBUG    [DropToZone] No empty zone available → wait
2026-04-23 09:10:52,200 INFO     [DropToZone] Entering state (item_depth=0.0180)
2026-04-23 09:10:52,201 DEBUG    [DropToZone] No empty zone available → wait
2026-04-23 09:10:52,702 INFO     [DropToZone] Entering state (item_depth=0.0180)
2026-04-23 09:10:52,702 DEBUG    [DropToZone] No empty zone available → wait
2026-04-23 09:10:53,204 INFO     [DropToZone] Entering state (item_depth=0.0180)
2026-04-23 09:10:53,204 DEBUG    [DropToZone] No empty zone available → wait
2026-04-23 09:10:53,705 INFO     [DropToZone] Entering state (item_depth=0.0180)
2026-04-23 09:10:53,705 DEBUG    [DropToZone] No empty zone available → wait
2026-04-23 09:10:54,207 INFO     [DropToZone] Entering state (item_depth=0.0180)
2026-04-23 09:10:54,207 DEBUG    [DropToZone] No empty zone available → wait
2026-04-23 09:10:54,709 INFO     [DropToZone] Entering state (item_depth=0.0180)
2026-04-23 09:10:54,709 DEBUG    [DropToZone] No empty zone available → wait
2026-04-23 09:10:55,211 INFO     [DropToZone] Entering state (item_depth=0.0180)
2026-04-23 09:10:55,211 DEBUG    [DropToZone] No empty zone available → wait
2026-04-23 09:10:55,713 INFO     [DropToZone] Entering state (item_depth=0.0180)
2026-04-23 09:10:55,713 DEBUG    [DropToZone] No empty zone available → wait
2026-04-23 09:10:56,215 INFO     [DropToZone] Entering state (item_depth=0.0180)
2026-04-23 09:10:56,215 DEBUG    [DropToZone] No empty zone available → wait
2026-04-23 09:10:56,717 INFO     [DropToZone] Entering state (item_depth=0.0180)
2026-04-23 09:10:56,717 DEBUG    [DropToZone] No empty zone available → wait
2026-04-23 09:10:57,220 INFO     [DropToZone] Entering state (item_depth=0.0180)
2026-04-23 09:10:57,220 DEBUG    [DropToZone] No empty zone available → wait
2026-04-23 09:10:57,722 INFO     [DropToZone] Entering state (item_depth=0.0180)
2026-04-23 09:10:57,722 DEBUG    [DropToZone] No empty zone available → wait
2026-04-23 09:10:58,054 INFO     [Service] /orio/lbl_cup/on → success=True msg='Labelling Cup ON command sent'
2026-04-23 09:10:58,224 INFO     [DropToZone] Entering state (item_depth=0.0180)
2026-04-23 09:10:58,224 DEBUG    [DropToZone] No empty zone available → wait
2026-04-23 09:10:58,726 INFO     [DropToZone] Entering state (item_depth=0.0180)
2026-04-23 09:10:58,726 DEBUG    [DropToZone] No empty zone available → wait
2026-04-23 09:10:59,228 INFO     [DropToZone] Entering state (item_depth=0.0180)
2026-04-23 09:10:59,228 DEBUG    [DropToZone] No empty zone available → wait
2026-04-23 09:10:59,730 INFO     [DropToZone] Entering state (item_depth=0.0180)
2026-04-23 09:10:59,730 DEBUG    [DropToZone] No empty zone available → wait
2026-04-23 09:11:00,233 INFO     [DropToZone] Entering state (item_depth=0.0180)
2026-04-23 09:11:00,233 DEBUG    [DropToZone] No empty zone available → wait
2026-04-23 09:11:00,734 INFO     [DropToZone] Entering state (item_depth=0.0180)
2026-04-23 09:11:00,734 DEBUG    [DropToZone] No empty zone available → wait
2026-04-23 09:11:01,236 INFO     [DropToZone] Entering state (item_depth=0.0180)
2026-04-23 09:11:01,237 DEBUG    [DropToZone] No empty zone available → wait
2026-04-23 09:11:01,508 INFO     [IK] pose_to_joints 'LABELLING_SAFE' depth_offset=0.0000 → joints=[-0.065  -1.2718  0.0356 -2.707   0.0343  1.4354  0.7355]
2026-04-23 09:11:01,738 INFO     [DropToZone] Entering state (item_depth=0.0180)
2026-04-23 09:11:01,738 DEBUG    [DropToZone] No empty zone available → wait
2026-04-23 09:11:02,240 INFO     [DropToZone] Entering state (item_depth=0.0180)
2026-04-23 09:11:02,240 DEBUG    [DropToZone] No empty zone available → wait
2026-04-23 09:11:02,741 INFO     [DropToZone] Entering state (item_depth=0.0180)
2026-04-23 09:11:02,741 DEBUG    [DropToZone] No empty zone available → wait
2026-04-23 09:11:03,243 INFO     [DropToZone] Entering state (item_depth=0.0180)
2026-04-23 09:11:03,243 DEBUG    [DropToZone] No empty zone available → wait
2026-04-23 09:11:03,745 INFO     [DropToZone] Entering state (item_depth=0.0180)
2026-04-23 09:11:03,745 DEBUG    [DropToZone] No empty zone available → wait
2026-04-23 09:11:04,247 INFO     [DropToZone] Entering state (item_depth=0.0180)
2026-04-23 09:11:04,247 DEBUG    [DropToZone] No empty zone available → wait
2026-04-23 09:11:04,713 INFO     [GetLabel] Exiting: succeeded
2026-04-23 09:11:04,714 INFO     [ApplyLabel] Entering state (zones: {'A': 'READY_FOR_PICKUP', 'B': 'READY_FOR_PICKUP'}  busy: {'A': False, 'B': False})
2026-04-23 09:11:04,714 DEBUG    [ApplyLabel] No zone needs label → wait
2026-04-23 09:11:04,749 INFO     [DropToZone] Entering state (item_depth=0.0180)
2026-04-23 09:11:04,749 DEBUG    [DropToZone] No empty zone available → wait
2026-04-23 09:11:05,216 INFO     [ApplyLabel] Entering state (zones: {'A': 'READY_FOR_PICKUP', 'B': 'READY_FOR_PICKUP'}  busy: {'A': False, 'B': False})
2026-04-23 09:11:05,216 DEBUG    [ApplyLabel] No zone needs label → wait
2026-04-23 09:11:05,251 INFO     [DropToZone] Entering state (item_depth=0.0180)
2026-04-23 09:11:05,251 DEBUG    [DropToZone] No empty zone available → wait
2026-04-23 09:11:05,718 INFO     [ApplyLabel] Entering state (zones: {'A': 'READY_FOR_PICKUP', 'B': 'READY_FOR_PICKUP'}  busy: {'A': False, 'B': False})
2026-04-23 09:11:05,718 DEBUG    [ApplyLabel] No zone needs label → wait
2026-04-23 09:11:05,753 INFO     [DropToZone] Entering state (item_depth=0.0180)
2026-04-23 09:11:05,753 DEBUG    [DropToZone] No empty zone available → wait
2026-04-23 09:11:06,219 INFO     [ApplyLabel] Entering state (zones: {'A': 'READY_FOR_PICKUP', 'B': 'READY_FOR_PICKUP'}  busy: {'A': False, 'B': False})
2026-04-23 09:11:06,220 DEBUG    [ApplyLabel] No zone needs label → wait
2026-04-23 09:11:06,254 INFO     [DropToZone] Entering state (item_depth=0.0180)
2026-04-23 09:11:06,254 DEBUG    [DropToZone] No empty zone available → wait
2026-04-23 09:11:06,721 INFO     [ApplyLabel] Entering state (zones: {'A': 'READY_FOR_PICKUP', 'B': 'READY_FOR_PICKUP'}  busy: {'A': False, 'B': False})
2026-04-23 09:11:06,721 DEBUG    [ApplyLabel] No zone needs label → wait
2026-04-23 09:11:06,756 INFO     [DropToZone] Entering state (item_depth=0.0180)
2026-04-23 09:11:06,756 DEBUG    [DropToZone] No empty zone available → wait
2026-04-23 09:11:07,225 INFO     [ApplyLabel] Entering state (zones: {'A': 'READY_FOR_PICKUP', 'B': 'READY_FOR_PICKUP'}  busy: {'A': False, 'B': False})
2026-04-23 09:11:07,225 DEBUG    [ApplyLabel] No zone needs label → wait
2026-04-23 09:11:07,258 INFO     [DropToZone] Entering state (item_depth=0.0180)
2026-04-23 09:11:07,258 DEBUG    [DropToZone] No empty zone available → wait
2026-04-23 09:11:07,727 INFO     [ApplyLabel] Entering state (zones: {'A': 'READY_FOR_PICKUP', 'B': 'READY_FOR_PICKUP'}  busy: {'A': False, 'B': False})
2026-04-23 09:11:07,727 DEBUG    [ApplyLabel] No zone needs label → wait
2026-04-23 09:11:07,761 INFO     [DropToZone] Entering state (item_depth=0.0180)
2026-04-23 09:11:07,761 DEBUG    [DropToZone] No empty zone available → wait
2026-04-23 09:11:08,230 INFO     [ApplyLabel] Entering state (zones: {'A': 'READY_FOR_PICKUP', 'B': 'READY_FOR_PICKUP'}  busy: {'A': False, 'B': False})
2026-04-23 09:11:08,230 DEBUG    [ApplyLabel] No zone needs label → wait
2026-04-23 09:11:08,262 INFO     [DropToZone] Entering state (item_depth=0.0180)
2026-04-23 09:11:08,262 DEBUG    [DropToZone] No empty zone available → wait
2026-04-23 09:11:08,732 INFO     [ApplyLabel] Entering state (zones: {'A': 'READY_FOR_PICKUP', 'B': 'READY_FOR_PICKUP'}  busy: {'A': False, 'B': False})
2026-04-23 09:11:08,732 DEBUG    [ApplyLabel] No zone needs label → wait
2026-04-23 09:11:08,765 INFO     [DropToZone] Entering state (item_depth=0.0180)
2026-04-23 09:11:08,766 DEBUG    [DropToZone] No empty zone available → wait
2026-04-23 09:11:09,234 INFO     [ApplyLabel] Entering state (zones: {'A': 'READY_FOR_PICKUP', 'B': 'READY_FOR_PICKUP'}  busy: {'A': False, 'B': False})
2026-04-23 09:11:09,234 DEBUG    [ApplyLabel] No zone needs label → wait
2026-04-23 09:11:09,267 INFO     [DropToZone] Entering state (item_depth=0.0180)
2026-04-23 09:11:09,267 DEBUG    [DropToZone] No empty zone available → wait
2026-04-23 09:11:09,736 INFO     [ApplyLabel] Entering state (zones: {'A': 'READY_FOR_PICKUP', 'B': 'READY_FOR_PICKUP'}  busy: {'A': False, 'B': False})
2026-04-23 09:11:09,736 DEBUG    [ApplyLabel] No zone needs label → wait
2026-04-23 09:11:09,770 INFO     [DropToZone] Entering state (item_depth=0.0180)
2026-04-23 09:11:09,770 DEBUG    [DropToZone] No empty zone available → wait
2026-04-23 09:11:10,238 INFO     [ApplyLabel] Entering state (zones: {'A': 'READY_FOR_PICKUP', 'B': 'READY_FOR_PICKUP'}  busy: {'A': False, 'B': False})
2026-04-23 09:11:10,238 DEBUG    [ApplyLabel] No zone needs label → wait
2026-04-23 09:11:10,272 INFO     [DropToZone] Entering state (item_depth=0.0180)
2026-04-23 09:11:10,272 DEBUG    [DropToZone] No empty zone available → wait
2026-04-23 09:11:10,740 INFO     [ApplyLabel] Entering state (zones: {'A': 'READY_FOR_PICKUP', 'B': 'READY_FOR_PICKUP'}  busy: {'A': False, 'B': False})
2026-04-23 09:11:10,741 DEBUG    [ApplyLabel] No zone needs label → wait
2026-04-23 09:11:10,774 INFO     [DropToZone] Entering state (item_depth=0.0180)
2026-04-23 09:11:10,774 DEBUG    [DropToZone] No empty zone available → wait
2026-04-23 09:11:11,244 INFO     [ApplyLabel] Entering state (zones: {'A': 'READY_FOR_PICKUP', 'B': 'READY_FOR_PICKUP'}  busy: {'A': False, 'B': False})
2026-04-23 09:11:11,244 DEBUG    [ApplyLabel] No zone needs label → wait
2026-04-23 09:11:11,276 INFO     [DropToZone] Entering state (item_depth=0.0180)
2026-04-23 09:11:11,276 DEBUG    [DropToZone] No empty zone available → wait
2026-04-23 09:11:11,746 INFO     [ApplyLabel] Entering state (zones: {'A': 'READY_FOR_PICKUP', 'B': 'READY_FOR_PICKUP'}  busy: {'A': False, 'B': False})
2026-04-23 09:11:11,746 DEBUG    [ApplyLabel] No zone needs label → wait
2026-04-23 09:11:11,779 INFO     [DropToZone] Entering state (item_depth=0.0180)
2026-04-23 09:11:11,779 DEBUG    [DropToZone] No empty zone available → wait
2026-04-23 09:11:12,249 INFO     [ApplyLabel] Entering state (zones: {'A': 'READY_FOR_PICKUP', 'B': 'READY_FOR_PICKUP'}  busy: {'A': False, 'B': False})
2026-04-23 09:11:12,249 DEBUG    [ApplyLabel] No zone needs label → wait
2026-04-23 09:11:12,281 INFO     [DropToZone] Entering state (item_depth=0.0180)
2026-04-23 09:11:12,281 DEBUG    [DropToZone] No empty zone available → wait
2026-04-23 09:11:12,751 INFO     [ApplyLabel] Entering state (zones: {'A': 'READY_FOR_PICKUP', 'B': 'READY_FOR_PICKUP'}  busy: {'A': False, 'B': False})
2026-04-23 09:11:12,751 DEBUG    [ApplyLabel] No zone needs label → wait
2026-04-23 09:11:12,783 INFO     [DropToZone] Entering state (item_depth=0.0180)
2026-04-23 09:11:12,783 DEBUG    [DropToZone] No empty zone available → wait
2026-04-23 09:11:13,254 INFO     [ApplyLabel] Entering state (zones: {'A': 'READY_FOR_PICKUP', 'B': 'READY_FOR_PICKUP'}  busy: {'A': False, 'B': False})
2026-04-23 09:11:13,254 DEBUG    [ApplyLabel] No zone needs label → wait
2026-04-23 09:11:13,284 INFO     [DropToZone] Entering state (item_depth=0.0180)
2026-04-23 09:11:13,285 DEBUG    [DropToZone] No empty zone available → wait
2026-04-23 09:11:13,756 INFO     [ApplyLabel] Entering state (zones: {'A': 'READY_FOR_PICKUP', 'B': 'READY_FOR_PICKUP'}  busy: {'A': False, 'B': False})
2026-04-23 09:11:13,756 DEBUG    [ApplyLabel] No zone needs label → wait
2026-04-23 09:11:13,787 INFO     [DropToZone] Entering state (item_depth=0.0180)
2026-04-23 09:11:13,787 DEBUG    [DropToZone] No empty zone available → wait
2026-04-23 09:11:14,259 INFO     [ApplyLabel] Entering state (zones: {'A': 'READY_FOR_PICKUP', 'B': 'READY_FOR_PICKUP'}  busy: {'A': False, 'B': False})
2026-04-23 09:11:14,259 DEBUG    [ApplyLabel] No zone needs label → wait
2026-04-23 09:11:14,289 INFO     [DropToZone] Entering state (item_depth=0.0180)
2026-04-23 09:11:14,289 DEBUG    [DropToZone] No empty zone available → wait
2026-04-23 09:11:14,761 INFO     [ApplyLabel] Entering state (zones: {'A': 'READY_FOR_PICKUP', 'B': 'READY_FOR_PICKUP'}  busy: {'A': False, 'B': False})
2026-04-23 09:11:14,761 DEBUG    [ApplyLabel] No zone needs label → wait
2026-04-23 09:11:14,792 INFO     [DropToZone] Entering state (item_depth=0.0180)
2026-04-23 09:11:14,792 DEBUG    [DropToZone] No empty zone available → wait
2026-04-23 09:11:15,266 INFO     [ApplyLabel] Entering state (zones: {'A': 'READY_FOR_PICKUP', 'B': 'READY_FOR_PICKUP'}  busy: {'A': False, 'B': False})
2026-04-23 09:11:15,266 DEBUG    [ApplyLabel] No zone needs label → wait
2026-04-23 09:11:15,294 INFO     [DropToZone] Entering state (item_depth=0.0180)
2026-04-23 09:11:15,294 DEBUG    [DropToZone] No empty zone available → wait
2026-04-23 09:11:15,768 INFO     [ApplyLabel] Entering state (zones: {'A': 'READY_FOR_PICKUP', 'B': 'READY_FOR_PICKUP'}  busy: {'A': False, 'B': False})
2026-04-23 09:11:15,768 DEBUG    [ApplyLabel] No zone needs label → wait
2026-04-23 09:11:15,796 INFO     [DropToZone] Entering state (item_depth=0.0180)
2026-04-23 09:11:15,796 DEBUG    [DropToZone] No empty zone available → wait
2026-04-23 09:11:16,272 INFO     [ApplyLabel] Entering state (zones: {'A': 'READY_FOR_PICKUP', 'B': 'READY_FOR_PICKUP'}  busy: {'A': False, 'B': False})
2026-04-23 09:11:16,272 DEBUG    [ApplyLabel] No zone needs label → wait
2026-04-23 09:11:16,298 INFO     [DropToZone] Entering state (item_depth=0.0180)
2026-04-23 09:11:16,298 DEBUG    [DropToZone] No empty zone available → wait
2026-04-23 09:11:16,773 INFO     [ApplyLabel] Entering state (zones: {'A': 'READY_FOR_PICKUP', 'B': 'READY_FOR_PICKUP'}  busy: {'A': False, 'B': False})
2026-04-23 09:11:16,774 DEBUG    [ApplyLabel] No zone needs label → wait
2026-04-23 09:11:16,801 INFO     [DropToZone] Entering state (item_depth=0.0180)
2026-04-23 09:11:16,801 DEBUG    [DropToZone] No empty zone available → wait
2026-04-23 09:11:17,276 INFO     [ApplyLabel] Entering state (zones: {'A': 'READY_FOR_PICKUP', 'B': 'READY_FOR_PICKUP'}  busy: {'A': False, 'B': False})
2026-04-23 09:11:17,276 DEBUG    [ApplyLabel] No zone needs label → wait
2026-04-23 09:11:17,303 INFO     [DropToZone] Entering state (item_depth=0.0180)
2026-04-23 09:11:17,303 DEBUG    [DropToZone] No empty zone available → wait
2026-04-23 09:11:17,777 INFO     [ApplyLabel] Entering state (zones: {'A': 'READY_FOR_PICKUP', 'B': 'READY_FOR_PICKUP'}  busy: {'A': False, 'B': False})
2026-04-23 09:11:17,777 DEBUG    [ApplyLabel] No zone needs label → wait
2026-04-23 09:11:17,805 INFO     [DropToZone] Entering state (item_depth=0.0180)
2026-04-23 09:11:17,806 DEBUG    [DropToZone] No empty zone available → wait
2026-04-23 09:11:18,280 INFO     [ApplyLabel] Entering state (zones: {'A': 'READY_FOR_PICKUP', 'B': 'READY_FOR_PICKUP'}  busy: {'A': False, 'B': False})
2026-04-23 09:11:18,281 DEBUG    [ApplyLabel] No zone needs label → wait
2026-04-23 09:11:18,307 INFO     [DropToZone] Entering state (item_depth=0.0180)
2026-04-23 09:11:18,307 DEBUG    [DropToZone] No empty zone available → wait
2026-04-23 09:11:18,783 INFO     [ApplyLabel] Entering state (zones: {'A': 'READY_FOR_PICKUP', 'B': 'READY_FOR_PICKUP'}  busy: {'A': False, 'B': False})
2026-04-23 09:11:18,783 DEBUG    [ApplyLabel] No zone needs label → wait
2026-04-23 09:11:18,810 INFO     [DropToZone] Entering state (item_depth=0.0180)
2026-04-23 09:11:18,810 DEBUG    [DropToZone] No empty zone available → wait
2026-04-23 09:11:19,288 INFO     [ApplyLabel] Entering state (zones: {'A': 'READY_FOR_PICKUP', 'B': 'READY_FOR_PICKUP'}  busy: {'A': False, 'B': False})
2026-04-23 09:11:19,288 DEBUG    [ApplyLabel] No zone needs label → wait
2026-04-23 09:11:19,312 INFO     [DropToZone] Entering state (item_depth=0.0180)
2026-04-23 09:11:19,312 DEBUG    [DropToZone] No empty zone available → wait
2026-04-23 09:11:19,790 INFO     [ApplyLabel] Entering state (zones: {'A': 'READY_FOR_PICKUP', 'B': 'READY_FOR_PICKUP'}  busy: {'A': False, 'B': False})
2026-04-23 09:11:19,790 DEBUG    [ApplyLabel] No zone needs label → wait
2026-04-23 09:11:19,814 INFO     [DropToZone] Entering state (item_depth=0.0180)
2026-04-23 09:11:19,814 DEBUG    [DropToZone] No empty zone available → wait
2026-04-23 09:11:20,292 INFO     [ApplyLabel] Entering state (zones: {'A': 'READY_FOR_PICKUP', 'B': 'READY_FOR_PICKUP'}  busy: {'A': False, 'B': False})
2026-04-23 09:11:20,292 DEBUG    [ApplyLabel] No zone needs label → wait
2026-04-23 09:11:20,316 INFO     [DropToZone] Entering state (item_depth=0.0180)
2026-04-23 09:11:20,316 DEBUG    [DropToZone] No empty zone available → wait
2026-04-23 09:11:20,793 INFO     [ApplyLabel] Entering state (zones: {'A': 'READY_FOR_PICKUP', 'B': 'READY_FOR_PICKUP'}  busy: {'A': False, 'B': False})
2026-04-23 09:11:20,794 DEBUG    [ApplyLabel] No zone needs label → wait
2026-04-23 09:11:20,817 INFO     [DropToZone] Entering state (item_depth=0.0180)
2026-04-23 09:11:20,818 DEBUG    [DropToZone] No empty zone available → wait
2026-04-23 09:11:21,296 INFO     [ApplyLabel] Entering state (zones: {'A': 'READY_FOR_PICKUP', 'B': 'READY_FOR_PICKUP'}  busy: {'A': False, 'B': False})
2026-04-23 09:11:21,296 DEBUG    [ApplyLabel] No zone needs label → wait
2026-04-23 09:11:21,320 INFO     [DropToZone] Entering state (item_depth=0.0180)
2026-04-23 09:11:21,320 DEBUG    [DropToZone] No empty zone available → wait
2026-04-23 09:11:21,798 INFO     [ApplyLabel] Entering state (zones: {'A': 'READY_FOR_PICKUP', 'B': 'READY_FOR_PICKUP'}  busy: {'A': False, 'B': False})
2026-04-23 09:11:21,798 DEBUG    [ApplyLabel] No zone needs label → wait
2026-04-23 09:11:21,822 INFO     [DropToZone] Entering state (item_depth=0.0180)
2026-04-23 09:11:21,822 DEBUG    [DropToZone] No empty zone available → wait
2026-04-23 09:11:22,300 INFO     [ApplyLabel] Entering state (zones: {'A': 'READY_FOR_PICKUP', 'B': 'READY_FOR_PICKUP'}  busy: {'A': False, 'B': False})
2026-04-23 09:11:22,300 DEBUG    [ApplyLabel] No zone needs label → wait
2026-04-23 09:11:22,324 INFO     [DropToZone] Entering state (item_depth=0.0180)
2026-04-23 09:11:22,324 DEBUG    [DropToZone] No empty zone available → wait
2026-04-23 09:11:22,802 INFO     [ApplyLabel] Entering state (zones: {'A': 'READY_FOR_PICKUP', 'B': 'READY_FOR_PICKUP'}  busy: {'A': False, 'B': False})
2026-04-23 09:11:22,802 DEBUG    [ApplyLabel] No zone needs label → wait
2026-04-23 09:11:22,826 INFO     [DropToZone] Entering state (item_depth=0.0180)
2026-04-23 09:11:22,826 DEBUG    [DropToZone] No empty zone available → wait
2026-04-23 09:11:23,305 INFO     [ApplyLabel] Entering state (zones: {'A': 'READY_FOR_PICKUP', 'B': 'READY_FOR_PICKUP'}  busy: {'A': False, 'B': False})
2026-04-23 09:11:23,305 DEBUG    [ApplyLabel] No zone needs label → wait
2026-04-23 09:11:23,328 INFO     [DropToZone] Entering state (item_depth=0.0180)
2026-04-23 09:11:23,328 DEBUG    [DropToZone] No empty zone available → wait
2026-04-23 09:11:23,806 INFO     [ApplyLabel] Entering state (zones: {'A': 'READY_FOR_PICKUP', 'B': 'READY_FOR_PICKUP'}  busy: {'A': False, 'B': False})
2026-04-23 09:11:23,807 DEBUG    [ApplyLabel] No zone needs label → wait
2026-04-23 09:11:23,830 INFO     [DropToZone] Entering state (item_depth=0.0180)
2026-04-23 09:11:23,830 DEBUG    [DropToZone] No empty zone available → wait
2026-04-23 09:11:24,052 WARNING  [Main] Shutting down: turning off both vacuums
2026-04-23 09:11:24,052 INFO     [Main] Total items placed at output: 6
2026-04-23 09:11:24,056 INFO     [Service] /orio/pnp_cup/off → success=True msg='PnP Cup OFF command sent'
2026-04-23 09:11:24,059 INFO     [Service] /orio/lbl_cup/off → success=True msg='Labelling Cup OFF command sent'
