2026-04-16 01:15:51,887 INFO     [Logger] File log started: /home/ros_ws/src/devel_packages/orio/logs/orio_run_20260416_011551.log
2026-04-16 01:15:51,887 INFO     [Main] Node started. Log file: /home/ros_ws/src/devel_packages/orio/logs/orio_run_20260416_011551.log
2026-04-16 01:16:06,738 INFO     [Main] Operator input — item='Dummy1'  expiry='2028-01-01'
2026-04-16 01:16:06,739 INFO     [Hardware] Initializing Robot Hardware...
2026-04-16 01:16:07,305 INFO     [Hardware] Resetting both arms to home joints
2026-04-16 01:16:13,912 INFO     [Hardware] Poses loaded from joint_angles.json
2026-04-16 01:16:13,930 INFO     [Hardware] Initialization complete
2026-04-16 01:16:13,942 INFO     [Main] Starting state machine execution
2026-04-16 01:16:13,944 INFO     [GetLabel] Entering state
2026-04-16 01:16:13,948 DEBUG    [TaskSelector] Evaluating zone states: {'A': 'EMPTY', 'B': 'EMPTY'}  busy: {'A': False, 'B': False}
2026-04-16 01:16:13,948 INFO     [TaskSelector] → do_load (zone A empty)
2026-04-16 01:16:13,950 INFO     [FetchInput] Entering state
2026-04-16 01:16:15,193 INFO     [Service] /compute_grasps → success=True msg='Published 3 PnP poses.'
2026-04-16 01:16:15,194 INFO     [FetchInput] Grasp pose received: x=0.1616 y=-0.3388 z=0.0626
2026-04-16 01:16:15,195 INFO     [IK] compute_pick_joints called — task_pos=[ 0.1616 -0.3388  0.0626] label_zone=None max_attempts=10 check_collisions=False arm_number=None
2026-04-16 01:16:15,233 INFO     [IK] Arm? compute_pick_joints attempt 1/10 OK — target=([ 0.1616 -0.3388  0.0626]) pre=[-0.4639 -0.323  -0.7223 -2.7769 -0.3581  2.4998 -0.0833] final=[-0.1222  0.154  -0.9007 -2.7804  0.4329  2.851  -0.6485] (FK err pre=0.0000 m final=0.0000 m)
2026-04-16 01:16:15,235 INFO     [FetchInput] IK pre_joints:   [-0.4639 -0.323  -0.7223 -2.7769 -0.3581  2.4998 -0.0833]
2026-04-16 01:16:15,236 INFO     [FetchInput] IK final_joints: [-0.1222  0.154  -0.9007 -2.7804  0.4329  2.851  -0.6485]
2026-04-16 01:16:15,237 INFO     [FetchInput] Moving to pre-pick
2026-04-16 01:16:18,356 INFO     [FetchInput] Descending to pick
2026-04-16 01:16:20,843 INFO     [Service] /orio/pnp_cup/on → success=True msg='PnP Cup ON command sent'
2026-04-16 01:16:21,844 INFO     [FetchInput] Retracting to pre-pick height
2026-04-16 01:16:24,164 INFO     [Service] /orio/lbl_cup/on → success=True msg='Labelling Cup ON command sent'
2026-04-16 01:16:24,586 INFO     [FetchInput] Exiting: succeeded (item_depth=0.0626)
2026-04-16 01:16:24,591 INFO     [DropToZone] Entering state (item_depth=0.0626)
2026-04-16 01:16:24,591 INFO     [DropToZone] Targeting zone A
2026-04-16 01:16:24,604 INFO     [IK] pose_to_joints 'L1_INTER' depth_offset=0.0626 → joints=[-0.3187 -0.5167 -0.3475 -2.548  -0.1907  2.0498  0.2504]
2026-04-16 01:16:24,612 INFO     [IK] pose_to_joints 'LABEL_ZONE_1' depth_offset=0.0726 → joints=[-0.2337  1.1362 -0.1727 -0.8898  0.1734  2.0143  0.4033]
2026-04-16 01:16:24,612 INFO     [DropToZone] place_joints for LABEL_ZONE_1: [-0.2337  1.1362 -0.1727 -0.8898  0.1734  2.0143  0.4033]
2026-04-16 01:16:27,606 INFO     [IK] pose_to_joints 'LABELLING_SAFE' depth_offset=0.0000 → joints=[-0.065  -1.2718  0.0356 -2.707   0.0343  1.4354  0.7355]
2026-04-16 01:16:31,120 INFO     [GetLabel] Exiting: succeeded
2026-04-16 01:16:31,121 INFO     [ApplyLabel] Entering state (zones: {'A': 'EMPTY', 'B': 'EMPTY'}  busy: {'A': True, 'B': False})
2026-04-16 01:16:31,121 DEBUG    [ApplyLabel] No zone needs label → wait
2026-04-16 01:16:31,205 INFO     [Service] /orio/pnp_cup/off → success=True msg='PnP Cup OFF command sent'
2026-04-16 01:16:31,625 INFO     [ApplyLabel] Entering state (zones: {'A': 'EMPTY', 'B': 'EMPTY'}  busy: {'A': True, 'B': False})
2026-04-16 01:16:31,625 DEBUG    [ApplyLabel] No zone needs label → wait
2026-04-16 01:16:32,127 INFO     [ApplyLabel] Entering state (zones: {'A': 'EMPTY', 'B': 'EMPTY'}  busy: {'A': True, 'B': False})
2026-04-16 01:16:32,128 DEBUG    [ApplyLabel] No zone needs label → wait
2026-04-16 01:16:32,636 INFO     [ApplyLabel] Entering state (zones: {'A': 'EMPTY', 'B': 'EMPTY'}  busy: {'A': True, 'B': False})
2026-04-16 01:16:32,637 DEBUG    [ApplyLabel] No zone needs label → wait
2026-04-16 01:16:33,140 INFO     [ApplyLabel] Entering state (zones: {'A': 'EMPTY', 'B': 'EMPTY'}  busy: {'A': True, 'B': False})
2026-04-16 01:16:33,140 DEBUG    [ApplyLabel] No zone needs label → wait
2026-04-16 01:16:33,646 INFO     [ApplyLabel] Entering state (zones: {'A': 'EMPTY', 'B': 'EMPTY'}  busy: {'A': True, 'B': False})
2026-04-16 01:16:33,646 DEBUG    [ApplyLabel] No zone needs label → wait
2026-04-16 01:16:34,149 INFO     [ApplyLabel] Entering state (zones: {'A': 'EMPTY', 'B': 'EMPTY'}  busy: {'A': True, 'B': False})
2026-04-16 01:16:34,149 DEBUG    [ApplyLabel] No zone needs label → wait
2026-04-16 01:16:34,653 INFO     [ApplyLabel] Entering state (zones: {'A': 'EMPTY', 'B': 'EMPTY'}  busy: {'A': True, 'B': False})
2026-04-16 01:16:34,653 DEBUG    [ApplyLabel] No zone needs label → wait
2026-04-16 01:16:34,984 INFO     [ZoneManager] Zone A: EMPTY → NEEDS_LABEL
2026-04-16 01:16:34,985 INFO     [DropToZone] Exiting: dropped (zone A)
2026-04-16 01:16:34,987 DEBUG    [TaskSelector] Evaluating zone states: {'A': 'NEEDS_LABEL', 'B': 'EMPTY'}  busy: {'A': False, 'B': False}
2026-04-16 01:16:34,988 INFO     [TaskSelector] → do_load (zone B empty)
2026-04-16 01:16:34,993 INFO     [FetchInput] Entering state
2026-04-16 01:16:35,156 INFO     [ApplyLabel] Entering state (zones: {'A': 'NEEDS_LABEL', 'B': 'EMPTY'}  busy: {'A': False, 'B': False})
2026-04-16 01:16:35,156 INFO     [ApplyLabel] Applying label to zone A (zone_number=1, depth=0.0626)
2026-04-16 01:16:35,156 INFO     [compute_label_joints] Requesting label pose for zone 1, item_depth=0.0626
2026-04-16 01:16:36,072 INFO     [Service] /compute_grasps → success=True msg='Published 2 PnP poses.'
2026-04-16 01:16:36,072 INFO     [FetchInput] Grasp pose received: x=0.3938 y=-0.3176 z=0.0773
2026-04-16 01:16:36,073 INFO     [IK] compute_pick_joints called — task_pos=[ 0.3938 -0.3176  0.0773] label_zone=None max_attempts=10 check_collisions=False arm_number=None
2026-04-16 01:16:36,098 INFO     [IK] Arm? compute_pick_joints attempt 1/10 OK — target=([ 0.3938 -0.3176  0.0773]) pre=[-0.2964  0.0758 -0.3817 -2.3589  0.0431  2.4288  0.0756] final=[-0.5431  0.2986 -0.1265 -2.3771  0.0821  2.6721  0.0481] (FK err pre=0.0000 m final=0.0000 m)
2026-04-16 01:16:36,099 INFO     [FetchInput] IK pre_joints:   [-0.2964  0.0758 -0.3817 -2.3589  0.0431  2.4288  0.0756]
2026-04-16 01:16:36,099 INFO     [FetchInput] IK final_joints: [-0.5431  0.2986 -0.1265 -2.3771  0.0821  2.6721  0.0481]
2026-04-16 01:16:36,100 INFO     [FetchInput] Moving to pre-pick
2026-04-16 01:16:37,632 INFO     [Service] /compute_grasps_labelling → success=True msg='Zone1=FAIL, Zone2=OK'
2026-04-16 01:16:39,531 INFO     [FetchInput] Descending to pick
2026-04-16 01:16:41,990 INFO     [Service] /orio/pnp_cup/on → success=True msg='PnP Cup ON command sent'
2026-04-16 01:16:42,645 ERROR    [APPLY_LABEL] Unhandled exception: No labelling pose received for zone 1 within timeout
2026-04-16 01:16:42,649 WARNING  [ARM2 Recovery] Pausing ARM2 — showing GUI (ARM1 continues)
2026-04-16 01:16:42,991 INFO     [FetchInput] Retracting to pre-pick height
2026-04-16 01:16:45,725 INFO     [FetchInput] Exiting: succeeded (item_depth=0.0773)
2026-04-16 01:16:45,730 INFO     [DropToZone] Entering state (item_depth=0.0773)
2026-04-16 01:16:45,730 INFO     [DropToZone] Targeting zone B
2026-04-16 01:16:45,742 INFO     [IK] pose_to_joints 'L1_INTER' depth_offset=0.0773 → joints=[-0.312  -0.5314 -0.3462 -2.5198 -0.1909  2.0076  0.2535]
2026-04-16 01:16:45,754 INFO     [IK] pose_to_joints 'L2_INTER' depth_offset=0.0773 → joints=[ 0.1281 -0.574   0.5079 -2.5144  0.2925  1.9839  1.2304]
2026-04-16 01:16:45,764 INFO     [IK] pose_to_joints 'LABEL_ZONE_2' depth_offset=0.0873 → joints=[ 0.3304  1.104  -0.0167 -0.899   0.0164  2.0028  1.1014]
2026-04-16 01:16:45,764 INFO     [DropToZone] place_joints for LABEL_ZONE_2: [ 0.3304  1.104  -0.0167 -0.899   0.0164  2.0028  1.1014]
2026-04-16 01:16:54,140 INFO     [Service] /orio/pnp_cup/off → success=True msg='PnP Cup OFF command sent'
2026-04-16 01:16:55,633 INFO     [Recovery] Zones updated: {'A': 'NEEDS_LABEL', 'B': 'EMPTY'}  busy: {'A': False, 'B': False}
2026-04-16 01:16:55,640 INFO     [ARM2 Recovery] choice=APPLY
2026-04-16 01:16:55,641 INFO     [ARM2 Recovery] resuming
2026-04-16 01:16:55,645 INFO     [ApplyLabel] Entering state (zones: {'A': 'NEEDS_LABEL', 'B': 'EMPTY'}  busy: {'A': False, 'B': False})
2026-04-16 01:16:55,646 INFO     [ApplyLabel] Applying label to zone A (zone_number=1, depth=0.0626)
2026-04-16 01:16:55,646 INFO     [compute_label_joints] Requesting label pose for zone 1, item_depth=0.0626
2026-04-16 01:16:57,334 INFO     [Service] /compute_grasps_labelling → success=True msg='Zone1=OK, Zone2=FAIL'
2026-04-16 01:16:57,334 INFO     item_depth=0.0626  X=-0.2486 Y=-0.0107 Z=0.9374  pos(world)=[0.4707 0.2676 0.0426]  task_pos=[0.4707 0.2676 0.0626]  task_ori=[0.5552 0.8317 0.     0.    ]
2026-04-16 01:16:57,336 INFO     [compute_label_joints] Zone 1 received pose: x=0.4707 y=0.2676 z=0.0626  RPY r=180.00 p=0.00 y=112.55 deg
2026-04-16 01:16:57,336 INFO     [IK] compute_pick_joints called — task_pos=[0.4707 0.2676 0.0626] label_zone=1 max_attempts=10 check_collisions=True arm_number=2
2026-04-16 01:16:57,360 INFO     Arm2: cached 8 obstacles from '/home/ros_ws/src/devel_packages/orio/obstacles_files/obs_arm2_free.p'
2026-04-16 01:16:57,370 INFO     [IK] Arm2 compute_pick_joints attempt 1/10 OK — target=([0.4707 0.2676 0.0626]) pre=[ 0.2358  0.1963  0.2818 -2.241  -0.083   2.428  -0.6036] final=[ 0.4576  0.4049  0.0555 -2.2478 -0.0464  2.6516 -0.6294] (FK err pre=0.0000 m final=0.0000 m)
2026-04-16 01:16:57,371 INFO     [ApplyLabel] IK pre_joints=[ 0.2358  0.1963  0.2818 -2.241  -0.083   2.428  -0.6036]  final_joints=[ 0.4576  0.4049  0.0555 -2.2478 -0.0464  2.6516 -0.6294]
2026-04-16 01:16:57,371 INFO     [ApplyLabel] Registering label — item='Dummy1' expiry='2028-01-01'
2026-04-16 01:16:57,912 INFO     [ZoneManager] Zone B: EMPTY → NEEDS_LABEL
2026-04-16 01:16:57,912 INFO     [DropToZone] Exiting: dropped (zone B)
2026-04-16 01:16:57,914 DEBUG    [TaskSelector] Evaluating zone states: {'A': 'NEEDS_LABEL', 'B': 'NEEDS_LABEL'}  busy: {'A': True, 'B': False}
2026-04-16 01:16:57,914 DEBUG    [TaskSelector] → wait (no actionable zones)
2026-04-16 01:16:58,420 DEBUG    [TaskSelector] Evaluating zone states: {'A': 'NEEDS_LABEL', 'B': 'NEEDS_LABEL'}  busy: {'A': True, 'B': False}
2026-04-16 01:16:58,421 DEBUG    [TaskSelector] → wait (no actionable zones)
2026-04-16 01:16:58,923 DEBUG    [TaskSelector] Evaluating zone states: {'A': 'NEEDS_LABEL', 'B': 'NEEDS_LABEL'}  busy: {'A': True, 'B': False}
2026-04-16 01:16:58,923 DEBUG    [TaskSelector] → wait (no actionable zones)
2026-04-16 01:16:59,426 DEBUG    [TaskSelector] Evaluating zone states: {'A': 'NEEDS_LABEL', 'B': 'NEEDS_LABEL'}  busy: {'A': True, 'B': False}
2026-04-16 01:16:59,427 DEBUG    [TaskSelector] → wait (no actionable zones)
2026-04-16 01:16:59,930 DEBUG    [TaskSelector] Evaluating zone states: {'A': 'NEEDS_LABEL', 'B': 'NEEDS_LABEL'}  busy: {'A': True, 'B': False}
2026-04-16 01:16:59,930 DEBUG    [TaskSelector] → wait (no actionable zones)
2026-04-16 01:17:00,434 DEBUG    [TaskSelector] Evaluating zone states: {'A': 'NEEDS_LABEL', 'B': 'NEEDS_LABEL'}  busy: {'A': True, 'B': False}
2026-04-16 01:17:00,435 DEBUG    [TaskSelector] → wait (no actionable zones)
2026-04-16 01:17:00,938 DEBUG    [TaskSelector] Evaluating zone states: {'A': 'NEEDS_LABEL', 'B': 'NEEDS_LABEL'}  busy: {'A': True, 'B': False}
2026-04-16 01:17:00,938 DEBUG    [TaskSelector] → wait (no actionable zones)
2026-04-16 01:17:01,372 INFO     [RFID] Registered label — item='Dummy1' expiry='2028-01-01' msg='Item added successfully.'
2026-04-16 01:17:01,441 DEBUG    [TaskSelector] Evaluating zone states: {'A': 'NEEDS_LABEL', 'B': 'NEEDS_LABEL'}  busy: {'A': True, 'B': False}
2026-04-16 01:17:01,442 DEBUG    [TaskSelector] → wait (no actionable zones)
2026-04-16 01:17:01,944 DEBUG    [TaskSelector] Evaluating zone states: {'A': 'NEEDS_LABEL', 'B': 'NEEDS_LABEL'}  busy: {'A': True, 'B': False}
2026-04-16 01:17:01,944 DEBUG    [TaskSelector] → wait (no actionable zones)
2026-04-16 01:17:02,447 DEBUG    [TaskSelector] Evaluating zone states: {'A': 'NEEDS_LABEL', 'B': 'NEEDS_LABEL'}  busy: {'A': True, 'B': False}
2026-04-16 01:17:02,447 DEBUG    [TaskSelector] → wait (no actionable zones)
2026-04-16 01:17:02,949 DEBUG    [TaskSelector] Evaluating zone states: {'A': 'NEEDS_LABEL', 'B': 'NEEDS_LABEL'}  busy: {'A': True, 'B': False}
2026-04-16 01:17:02,950 DEBUG    [TaskSelector] → wait (no actionable zones)
2026-04-16 01:17:03,455 DEBUG    [TaskSelector] Evaluating zone states: {'A': 'NEEDS_LABEL', 'B': 'NEEDS_LABEL'}  busy: {'A': True, 'B': False}
2026-04-16 01:17:03,455 DEBUG    [TaskSelector] → wait (no actionable zones)
2026-04-16 01:17:03,957 DEBUG    [TaskSelector] Evaluating zone states: {'A': 'NEEDS_LABEL', 'B': 'NEEDS_LABEL'}  busy: {'A': True, 'B': False}
2026-04-16 01:17:03,957 DEBUG    [TaskSelector] → wait (no actionable zones)
2026-04-16 01:17:04,461 DEBUG    [TaskSelector] Evaluating zone states: {'A': 'NEEDS_LABEL', 'B': 'NEEDS_LABEL'}  busy: {'A': True, 'B': False}
2026-04-16 01:17:04,461 DEBUG    [TaskSelector] → wait (no actionable zones)
2026-04-16 01:17:04,963 DEBUG    [TaskSelector] Evaluating zone states: {'A': 'NEEDS_LABEL', 'B': 'NEEDS_LABEL'}  busy: {'A': True, 'B': False}
2026-04-16 01:17:04,963 DEBUG    [TaskSelector] → wait (no actionable zones)
2026-04-16 01:17:05,469 DEBUG    [TaskSelector] Evaluating zone states: {'A': 'NEEDS_LABEL', 'B': 'NEEDS_LABEL'}  busy: {'A': True, 'B': False}
2026-04-16 01:17:05,470 DEBUG    [TaskSelector] → wait (no actionable zones)
2026-04-16 01:17:05,974 DEBUG    [TaskSelector] Evaluating zone states: {'A': 'NEEDS_LABEL', 'B': 'NEEDS_LABEL'}  busy: {'A': True, 'B': False}
2026-04-16 01:17:05,974 DEBUG    [TaskSelector] → wait (no actionable zones)
2026-04-16 01:17:06,477 DEBUG    [TaskSelector] Evaluating zone states: {'A': 'NEEDS_LABEL', 'B': 'NEEDS_LABEL'}  busy: {'A': True, 'B': False}
2026-04-16 01:17:06,477 DEBUG    [TaskSelector] → wait (no actionable zones)
2026-04-16 01:17:06,980 DEBUG    [TaskSelector] Evaluating zone states: {'A': 'NEEDS_LABEL', 'B': 'NEEDS_LABEL'}  busy: {'A': True, 'B': False}
2026-04-16 01:17:06,980 DEBUG    [TaskSelector] → wait (no actionable zones)
2026-04-16 01:17:07,485 DEBUG    [TaskSelector] Evaluating zone states: {'A': 'NEEDS_LABEL', 'B': 'NEEDS_LABEL'}  busy: {'A': True, 'B': False}
2026-04-16 01:17:07,486 DEBUG    [TaskSelector] → wait (no actionable zones)
2026-04-16 01:17:07,989 DEBUG    [TaskSelector] Evaluating zone states: {'A': 'NEEDS_LABEL', 'B': 'NEEDS_LABEL'}  busy: {'A': True, 'B': False}
2026-04-16 01:17:07,989 DEBUG    [TaskSelector] → wait (no actionable zones)
2026-04-16 01:17:08,493 DEBUG    [TaskSelector] Evaluating zone states: {'A': 'NEEDS_LABEL', 'B': 'NEEDS_LABEL'}  busy: {'A': True, 'B': False}
2026-04-16 01:17:08,494 DEBUG    [TaskSelector] → wait (no actionable zones)
2026-04-16 01:17:08,997 DEBUG    [TaskSelector] Evaluating zone states: {'A': 'NEEDS_LABEL', 'B': 'NEEDS_LABEL'}  busy: {'A': True, 'B': False}
2026-04-16 01:17:08,997 DEBUG    [TaskSelector] → wait (no actionable zones)
2026-04-16 01:17:09,502 DEBUG    [TaskSelector] Evaluating zone states: {'A': 'NEEDS_LABEL', 'B': 'NEEDS_LABEL'}  busy: {'A': True, 'B': False}
2026-04-16 01:17:09,502 DEBUG    [TaskSelector] → wait (no actionable zones)
2026-04-16 01:17:10,006 DEBUG    [TaskSelector] Evaluating zone states: {'A': 'NEEDS_LABEL', 'B': 'NEEDS_LABEL'}  busy: {'A': True, 'B': False}
2026-04-16 01:17:10,006 DEBUG    [TaskSelector] → wait (no actionable zones)
2026-04-16 01:17:10,509 DEBUG    [TaskSelector] Evaluating zone states: {'A': 'NEEDS_LABEL', 'B': 'NEEDS_LABEL'}  busy: {'A': True, 'B': False}
2026-04-16 01:17:10,509 DEBUG    [TaskSelector] → wait (no actionable zones)
2026-04-16 01:17:11,010 DEBUG    [TaskSelector] Evaluating zone states: {'A': 'NEEDS_LABEL', 'B': 'NEEDS_LABEL'}  busy: {'A': True, 'B': False}
2026-04-16 01:17:11,011 DEBUG    [TaskSelector] → wait (no actionable zones)
2026-04-16 01:17:11,515 DEBUG    [TaskSelector] Evaluating zone states: {'A': 'NEEDS_LABEL', 'B': 'NEEDS_LABEL'}  busy: {'A': True, 'B': False}
2026-04-16 01:17:11,516 DEBUG    [TaskSelector] → wait (no actionable zones)
2026-04-16 01:17:11,591 INFO     [Service] /orio/lbl_cup/off → success=True msg='Labelling Cup OFF command sent'
2026-04-16 01:17:12,020 DEBUG    [TaskSelector] Evaluating zone states: {'A': 'NEEDS_LABEL', 'B': 'NEEDS_LABEL'}  busy: {'A': True, 'B': False}
2026-04-16 01:17:12,021 DEBUG    [TaskSelector] → wait (no actionable zones)
2026-04-16 01:17:12,523 DEBUG    [TaskSelector] Evaluating zone states: {'A': 'NEEDS_LABEL', 'B': 'NEEDS_LABEL'}  busy: {'A': True, 'B': False}
2026-04-16 01:17:12,523 DEBUG    [TaskSelector] → wait (no actionable zones)
2026-04-16 01:17:13,025 DEBUG    [TaskSelector] Evaluating zone states: {'A': 'NEEDS_LABEL', 'B': 'NEEDS_LABEL'}  busy: {'A': True, 'B': False}
2026-04-16 01:17:13,026 DEBUG    [TaskSelector] → wait (no actionable zones)
2026-04-16 01:17:13,528 DEBUG    [TaskSelector] Evaluating zone states: {'A': 'NEEDS_LABEL', 'B': 'NEEDS_LABEL'}  busy: {'A': True, 'B': False}
2026-04-16 01:17:13,528 DEBUG    [TaskSelector] → wait (no actionable zones)
2026-04-16 01:17:14,032 DEBUG    [TaskSelector] Evaluating zone states: {'A': 'NEEDS_LABEL', 'B': 'NEEDS_LABEL'}  busy: {'A': True, 'B': False}
2026-04-16 01:17:14,032 DEBUG    [TaskSelector] → wait (no actionable zones)
2026-04-16 01:17:14,534 DEBUG    [TaskSelector] Evaluating zone states: {'A': 'NEEDS_LABEL', 'B': 'NEEDS_LABEL'}  busy: {'A': True, 'B': False}
2026-04-16 01:17:14,534 DEBUG    [TaskSelector] → wait (no actionable zones)
2026-04-16 01:17:15,014 INFO     [IK] pose_to_joints 'LABELLING_SAFE' depth_offset=0.0000 → joints=[-0.065  -1.2718  0.0356 -2.707   0.0343  1.4354  0.7355]
2026-04-16 01:17:15,038 DEBUG    [TaskSelector] Evaluating zone states: {'A': 'NEEDS_LABEL', 'B': 'NEEDS_LABEL'}  busy: {'A': True, 'B': False}
2026-04-16 01:17:15,038 DEBUG    [TaskSelector] → wait (no actionable zones)
2026-04-16 01:17:15,540 DEBUG    [TaskSelector] Evaluating zone states: {'A': 'NEEDS_LABEL', 'B': 'NEEDS_LABEL'}  busy: {'A': True, 'B': False}
2026-04-16 01:17:15,540 DEBUG    [TaskSelector] → wait (no actionable zones)
2026-04-16 01:17:16,043 DEBUG    [TaskSelector] Evaluating zone states: {'A': 'NEEDS_LABEL', 'B': 'NEEDS_LABEL'}  busy: {'A': True, 'B': False}
2026-04-16 01:17:16,043 DEBUG    [TaskSelector] → wait (no actionable zones)
2026-04-16 01:17:16,547 DEBUG    [TaskSelector] Evaluating zone states: {'A': 'NEEDS_LABEL', 'B': 'NEEDS_LABEL'}  busy: {'A': True, 'B': False}
2026-04-16 01:17:16,547 DEBUG    [TaskSelector] → wait (no actionable zones)
2026-04-16 01:17:17,050 DEBUG    [TaskSelector] Evaluating zone states: {'A': 'NEEDS_LABEL', 'B': 'NEEDS_LABEL'}  busy: {'A': True, 'B': False}
2026-04-16 01:17:17,050 DEBUG    [TaskSelector] → wait (no actionable zones)
2026-04-16 01:17:17,552 DEBUG    [TaskSelector] Evaluating zone states: {'A': 'NEEDS_LABEL', 'B': 'NEEDS_LABEL'}  busy: {'A': True, 'B': False}
2026-04-16 01:17:17,552 DEBUG    [TaskSelector] → wait (no actionable zones)
2026-04-16 01:17:18,055 DEBUG    [TaskSelector] Evaluating zone states: {'A': 'NEEDS_LABEL', 'B': 'NEEDS_LABEL'}  busy: {'A': True, 'B': False}
2026-04-16 01:17:18,055 DEBUG    [TaskSelector] → wait (no actionable zones)
2026-04-16 01:17:18,557 DEBUG    [TaskSelector] Evaluating zone states: {'A': 'NEEDS_LABEL', 'B': 'NEEDS_LABEL'}  busy: {'A': True, 'B': False}
2026-04-16 01:17:18,557 DEBUG    [TaskSelector] → wait (no actionable zones)
2026-04-16 01:17:18,767 INFO     [ZoneManager] Zone A: NEEDS_LABEL → READY_FOR_PICKUP
2026-04-16 01:17:18,767 INFO     [ApplyLabel] Exiting: labeled (zone A)
2026-04-16 01:17:18,770 INFO     [GetLabel] Entering state
2026-04-16 01:17:19,061 DEBUG    [TaskSelector] Evaluating zone states: {'A': 'READY_FOR_PICKUP', 'B': 'NEEDS_LABEL'}  busy: {'A': False, 'B': False}
2026-04-16 01:17:19,062 INFO     [TaskSelector] → do_unload (zone A ready)
2026-04-16 01:17:19,066 INFO     [RetrieveFromZone] Entering state
2026-04-16 01:17:19,067 INFO     [RetrieveFromZone] Picking from zone A (depth=0.0626)
2026-04-16 01:17:19,093 INFO     [IK] pose_to_joints 'L1_INTER' depth_offset=0.0626 → joints=[-0.3187 -0.5167 -0.3475 -2.548  -0.1907  2.0498  0.2504]
2026-04-16 01:17:19,107 INFO     [IK] pose_to_joints 'LABEL_ZONE_1' depth_offset=0.1626 → joints=[-0.2338  1.0204 -0.178  -0.8675  0.1589  1.8771  0.4095]
2026-04-16 01:17:19,120 INFO     [IK] pose_to_joints 'LABEL_ZONE_1' depth_offset=0.0526 → joints=[-0.2362  1.1732 -0.1699 -0.8735  0.1753  2.0353  0.4037]
2026-04-16 01:17:19,121 INFO     [RetrieveFromZone] A pre_pick=[-0.2338  1.0204 -0.178  -0.8675  0.1589  1.8771  0.4095] pick=[-0.2362  1.1732 -0.1699 -0.8735  0.1753  2.0353  0.4037]
2026-04-16 01:17:27,943 INFO     [Service] /orio/pnp_cup/on → success=True msg='PnP Cup ON command sent'
2026-04-16 01:17:28,944 INFO     [RetrieveFromZone] Retracting to pre-pick height
2026-04-16 01:17:28,993 INFO     [Service] /orio/lbl_cup/on → success=True msg='Labelling Cup ON command sent'
2026-04-16 01:17:32,423 INFO     [IK] pose_to_joints 'LABELLING_SAFE' depth_offset=0.0000 → joints=[-0.065  -1.2718  0.0356 -2.707   0.0343  1.4354  0.7355]
2026-04-16 01:17:35,939 INFO     [ZoneManager] Zone A: READY_FOR_PICKUP → EMPTY
2026-04-16 01:17:35,939 INFO     [GetLabel] Exiting: succeeded
2026-04-16 01:17:35,940 INFO     [RetrieveFromZone] Exiting: picked (zone A)
2026-04-16 01:17:35,942 INFO     [ApplyLabel] Entering state (zones: {'A': 'EMPTY', 'B': 'NEEDS_LABEL'}  busy: {'A': False, 'B': False})
2026-04-16 01:17:35,942 INFO     [ApplyLabel] Applying label to zone B (zone_number=2, depth=0.0773)
2026-04-16 01:17:35,942 INFO     [compute_label_joints] Requesting label pose for zone 2, item_depth=0.0773
2026-04-16 01:17:35,942 INFO     [PlaceOutput] Entering state (retrieved_depth=0.0626)
2026-04-16 01:17:35,963 INFO     [IK] pose_to_joints 'OUTPUT1' depth_offset=0.2126 → joints=[-1.4165 -0.8807  2.5982 -0.7657  0.4101  1.5693  2.144 ]
2026-04-16 01:17:35,978 INFO     [IK] pose_to_joints 'L2_INTER' depth_offset=0.0626 → joints=[ 0.0989 -0.5694  0.545  -2.5412  0.3155  2.0203  1.2155]
2026-04-16 01:17:35,980 INFO     [PlaceOutput] drop_joints: [-1.4165 -0.8807  2.5982 -0.7657  0.4101  1.5693  2.144 ]
2026-04-16 01:17:37,741 INFO     [Service] /compute_grasps_labelling → success=True msg='Zone1=FAIL, Zone2=OK'
2026-04-16 01:17:37,742 INFO     item_depth=0.0773  X=0.2345 Y=-0.0265 Z=0.9227  pos(world)=[ 0.4865 -0.2155  0.0573]  task_pos=[ 0.4865 -0.2155  0.0773]  task_ori=[0.1904 0.9817 0.     0.    ]
2026-04-16 01:17:37,746 INFO     [compute_label_joints] Zone 2 received pose: x=0.4865 y=-0.2155 z=0.0773  RPY r=180.00 p=0.00 y=158.05 deg
2026-04-16 01:17:37,746 INFO     [IK] compute_pick_joints called — task_pos=[ 0.4865 -0.2155  0.0773] label_zone=2 max_attempts=10 check_collisions=True arm_number=2
2026-04-16 01:17:37,787 INFO     [IK] Arm2 compute_pick_joints attempt 1/10 OK — target=([ 0.4865 -0.2155  0.0773]) pre=[-0.7579  0.1458  0.342  -2.2672 -0.0725  2.4034 -2.3387] final=[-0.5238  0.3517  0.1008 -2.2854 -0.0714  2.6344 -2.3398] (FK err pre=0.0000 m final=0.0000 m)
2026-04-16 01:17:37,788 INFO     [ApplyLabel] IK pre_joints=[-0.7579  0.1458  0.342  -2.2672 -0.0725  2.4034 -2.3387]  final_joints=[-0.5238  0.3517  0.1008 -2.2854 -0.0714  2.6344 -2.3398]
2026-04-16 01:17:37,788 INFO     [ApplyLabel] Registering label — item='Dummy1' expiry='2028-01-01'
2026-04-16 01:17:42,614 INFO     [Service] /orio/pnp_cup/off → success=True msg='PnP Cup OFF command sent'
2026-04-16 01:17:43,445 INFO     [RFID] Registered label — item='Dummy1' expiry='2028-01-01' msg='Item added successfully.'
2026-04-16 01:17:48,952 INFO     [PlaceOutput] Exiting: succeeded (total items placed: 1)
2026-04-16 01:17:48,955 DEBUG    [TaskSelector] Evaluating zone states: {'A': 'EMPTY', 'B': 'NEEDS_LABEL'}  busy: {'A': False, 'B': True}
2026-04-16 01:17:48,955 INFO     [TaskSelector] → do_load (zone A empty)
2026-04-16 01:17:48,956 INFO     [FetchInput] Entering state
2026-04-16 01:17:49,653 INFO     [Service] /compute_grasps → success=True msg='Published 2 PnP poses.'
2026-04-16 01:17:49,653 INFO     [FetchInput] Grasp pose received: x=0.3749 y=-0.5941 z=0.0233
2026-04-16 01:17:49,653 INFO     [IK] compute_pick_joints called — task_pos=[ 0.3749 -0.5941  0.0233] label_zone=None max_attempts=10 check_collisions=False arm_number=None
2026-04-16 01:17:49,681 INFO     [IK] Arm? compute_pick_joints attempt 1/10 OK — target=([ 0.3749 -0.5941  0.0233]) pre=[-0.4865  0.8095 -0.6624 -1.5388  0.5615  2.1513 -0.527 ] final=[-0.6503  0.9238 -0.4354 -1.5172  0.4836  2.3324 -0.486 ] (FK err pre=0.0000 m final=0.0000 m)
2026-04-16 01:17:49,683 INFO     [FetchInput] IK pre_joints:   [-0.4865  0.8095 -0.6624 -1.5388  0.5615  2.1513 -0.527 ]
2026-04-16 01:17:49,684 INFO     [FetchInput] IK final_joints: [-0.6503  0.9238 -0.4354 -1.5172  0.4836  2.3324 -0.486 ]
2026-04-16 01:17:49,684 INFO     [FetchInput] Moving to pre-pick
2026-04-16 01:17:53,127 INFO     [FetchInput] Descending to pick
2026-04-16 01:17:53,663 INFO     [Service] /orio/lbl_cup/off → success=True msg='Labelling Cup OFF command sent'
2026-04-16 01:17:55,338 INFO     [Service] /orio/pnp_cup/on → success=True msg='PnP Cup ON command sent'
2026-04-16 01:17:56,339 INFO     [FetchInput] Retracting to pre-pick height
2026-04-16 01:17:56,796 INFO     [IK] pose_to_joints 'LABELLING_SAFE' depth_offset=0.0000 → joints=[-0.065  -1.2718  0.0356 -2.707   0.0343  1.4354  0.7355]
2026-04-16 01:18:00,306 INFO     [FetchInput] Exiting: succeeded (item_depth=0.0233)
2026-04-16 01:18:00,306 INFO     [ZoneManager] Zone B: NEEDS_LABEL → READY_FOR_PICKUP
2026-04-16 01:18:00,307 INFO     [ApplyLabel] Exiting: labeled (zone B)
2026-04-16 01:18:00,310 INFO     [DropToZone] Entering state (item_depth=0.0233)
2026-04-16 01:18:00,310 INFO     [DropToZone] Targeting zone A
2026-04-16 01:18:00,313 INFO     [GetLabel] Entering state
2026-04-16 01:18:00,342 INFO     [IK] pose_to_joints 'L1_INTER' depth_offset=0.0233 → joints=[-0.3196 -0.4682 -0.3659 -2.6156 -0.1961  2.1654  0.2473]
2026-04-16 01:18:00,355 INFO     [IK] pose_to_joints 'LABEL_ZONE_1' depth_offset=0.0333 → joints=[-0.2395  1.2134 -0.1669 -0.8495  0.1765  2.0518  0.4047]
2026-04-16 01:18:00,356 INFO     [DropToZone] place_joints for LABEL_ZONE_1: [-0.2395  1.2134 -0.1669 -0.8495  0.1765  2.0518  0.4047]
2026-04-16 01:18:07,285 INFO     [Service] /orio/pnp_cup/off → success=True msg='PnP Cup OFF command sent'
2026-04-16 01:18:10,566 INFO     [Service] /orio/lbl_cup/on → success=True msg='Labelling Cup ON command sent'
2026-04-16 01:18:11,062 INFO     [ZoneManager] Zone A: EMPTY → NEEDS_LABEL
2026-04-16 01:18:11,063 INFO     [DropToZone] Exiting: dropped (zone A)
2026-04-16 01:18:11,068 DEBUG    [TaskSelector] Evaluating zone states: {'A': 'NEEDS_LABEL', 'B': 'READY_FOR_PICKUP'}  busy: {'A': False, 'B': False}
2026-04-16 01:18:11,068 INFO     [TaskSelector] → do_unload (zone B ready)
2026-04-16 01:18:11,072 INFO     [RetrieveFromZone] Entering state
2026-04-16 01:18:11,073 INFO     [RetrieveFromZone] Picking from zone B (depth=0.0773)
2026-04-16 01:18:11,085 INFO     [IK] pose_to_joints 'L2_INTER' depth_offset=0.0773 → joints=[ 0.1281 -0.574   0.5079 -2.5144  0.2925  1.9839  1.2304]
2026-04-16 01:18:11,094 INFO     [IK] pose_to_joints 'LABEL_ZONE_2' depth_offset=0.1773 → joints=[ 0.3035  1.0033  0.0375 -0.8499 -0.0329  1.8527  1.1182]
2026-04-16 01:18:11,105 INFO     [IK] pose_to_joints 'LABEL_ZONE_2' depth_offset=0.0673 → joints=[ 0.3386  1.1382 -0.033  -0.8886  0.0333  2.0264  1.0955]
2026-04-16 01:18:11,106 INFO     [RetrieveFromZone] B pre_pick=[ 0.3035  1.0033  0.0375 -0.8499 -0.0329  1.8527  1.1182] pick=[ 0.3386  1.1382 -0.033  -0.8886  0.0333  2.0264  1.0955]
2026-04-16 01:18:14,096 INFO     [IK] pose_to_joints 'LABELLING_SAFE' depth_offset=0.0000 → joints=[-0.065  -1.2718  0.0356 -2.707   0.0343  1.4354  0.7355]
2026-04-16 01:18:17,504 INFO     [GetLabel] Exiting: succeeded
2026-04-16 01:18:17,511 INFO     [ApplyLabel] Entering state (zones: {'A': 'NEEDS_LABEL', 'B': 'READY_FOR_PICKUP'}  busy: {'A': False, 'B': True})
2026-04-16 01:18:17,511 INFO     [ApplyLabel] Applying label to zone A (zone_number=1, depth=0.0233)
2026-04-16 01:18:17,511 INFO     [compute_label_joints] Requesting label pose for zone 1, item_depth=0.0233
2026-04-16 01:18:19,216 INFO     [Service] /compute_grasps_labelling → success=True msg='Zone1=OK, Zone2=FAIL'
2026-04-16 01:18:19,216 INFO     item_depth=0.0233  X=-0.2234 Y=-0.0403 Z=0.9767  pos(world)=[0.5003 0.2424 0.0033]  task_pos=[0.5003 0.2424 0.0233]  task_ori=[0.6559 0.7549 0.     0.    ]
2026-04-16 01:18:19,218 INFO     [compute_label_joints] Zone 1 received pose: x=0.5003 y=0.2424 z=0.0233  RPY r=180.00 p=0.00 y=98.03 deg
2026-04-16 01:18:19,218 INFO     [IK] compute_pick_joints called — task_pos=[0.5003 0.2424 0.0233] label_zone=1 max_attempts=10 check_collisions=True arm_number=2
2026-04-16 01:18:19,254 INFO     [IK] Arm2 compute_pick_joints attempt 1/10 OK — target=([0.5003 0.2424 0.0233]) pre=[ 0.2096  0.3098  0.2398 -2.1994 -0.1208  2.4973 -0.3904] final=[ 0.4364  0.5278  0.0134 -2.176  -0.0159  2.7037 -0.4632] (FK err pre=0.0000 m final=0.0000 m)
2026-04-16 01:18:19,255 INFO     [ApplyLabel] IK pre_joints=[ 0.2096  0.3098  0.2398 -2.1994 -0.1208  2.4973 -0.3904]  final_joints=[ 0.4364  0.5278  0.0134 -2.176  -0.0159  2.7037 -0.4632]
2026-04-16 01:18:19,256 INFO     [ApplyLabel] Registering label — item='Dummy1' expiry='2028-01-01'
2026-04-16 01:18:19,879 INFO     [Service] /orio/pnp_cup/on → success=True msg='PnP Cup ON command sent'
2026-04-16 01:18:20,880 INFO     [RetrieveFromZone] Retracting to pre-pick height
2026-04-16 01:18:22,512 INFO     [RFID] Registered label — item='Dummy1' expiry='2028-01-01' msg='Item added successfully.'
2026-04-16 01:18:27,929 INFO     [ZoneManager] Zone B: READY_FOR_PICKUP → EMPTY
2026-04-16 01:18:27,930 INFO     [RetrieveFromZone] Exiting: picked (zone B)
2026-04-16 01:18:27,931 INFO     [PlaceOutput] Entering state (retrieved_depth=0.0773)
2026-04-16 01:18:28,078 INFO     [IK] pose_to_joints 'OUTPUT2' depth_offset=0.2273 → joints=[ 1.2351e+00  9.9540e-01  6.0000e-04 -4.6700e-01 -5.0000e-04  1.4666e+00
  2.0208e+00]
2026-04-16 01:18:28,095 INFO     [IK] pose_to_joints 'L2_INTER' depth_offset=0.0773 → joints=[ 0.1281 -0.574   0.5079 -2.5144  0.2925  1.9839  1.2304]
2026-04-16 01:18:28,096 INFO     [PlaceOutput] drop_joints: [ 1.2351e+00  9.9540e-01  6.0000e-04 -4.6700e-01 -5.0000e-04  1.4666e+00
  2.0208e+00]
2026-04-16 01:18:32,643 INFO     [Service] /orio/lbl_cup/off → success=True msg='Labelling Cup OFF command sent'
2026-04-16 01:18:34,007 INFO     [Service] /orio/pnp_cup/off → success=True msg='PnP Cup OFF command sent'
2026-04-16 01:18:36,046 INFO     [IK] pose_to_joints 'LABELLING_SAFE' depth_offset=0.0000 → joints=[-0.065  -1.2718  0.0356 -2.707   0.0343  1.4354  0.7355]
2026-04-16 01:18:39,801 INFO     [PlaceOutput] Exiting: succeeded (total items placed: 2)
2026-04-16 01:18:39,801 INFO     [ZoneManager] Zone A: NEEDS_LABEL → READY_FOR_PICKUP
2026-04-16 01:18:39,802 INFO     [ApplyLabel] Exiting: labeled (zone A)
2026-04-16 01:18:39,803 DEBUG    [TaskSelector] Evaluating zone states: {'A': 'READY_FOR_PICKUP', 'B': 'EMPTY'}  busy: {'A': False, 'B': False}
2026-04-16 01:18:39,803 INFO     [TaskSelector] → do_unload (zone A ready)
2026-04-16 01:18:39,805 INFO     [GetLabel] Entering state
2026-04-16 01:18:39,807 INFO     [RetrieveFromZone] Entering state
2026-04-16 01:18:39,808 INFO     [RetrieveFromZone] Picking from zone A (depth=0.0233)
2026-04-16 01:18:39,823 INFO     [IK] pose_to_joints 'L1_INTER' depth_offset=0.0233 → joints=[-0.3196 -0.4682 -0.3659 -2.6156 -0.1961  2.1654  0.2473]
2026-04-16 01:18:39,841 INFO     [IK] pose_to_joints 'LABEL_ZONE_1' depth_offset=0.1233 → joints=[-0.2312  1.0606 -0.1776 -0.8963  0.1665  1.9454  0.4054]
2026-04-16 01:18:39,860 INFO     [IK] pose_to_joints 'LABEL_ZONE_1' depth_offset=0.0133 → joints=[-0.2438  1.2605 -0.1637 -0.8141  0.1771  2.0641  0.4067]
2026-04-16 01:18:39,861 INFO     [RetrieveFromZone] A pre_pick=[-0.2312  1.0606 -0.1776 -0.8963  0.1665  1.9454  0.4054] pick=[-0.2438  1.2605 -0.1637 -0.8141  0.1771  2.0641  0.4067]
2026-04-16 01:18:48,916 INFO     [Service] /orio/pnp_cup/on → success=True msg='PnP Cup ON command sent'
2026-04-16 01:18:49,917 INFO     [RetrieveFromZone] Retracting to pre-pick height
2026-04-16 01:18:50,054 INFO     [Service] /orio/lbl_cup/on → success=True msg='Labelling Cup ON command sent'
2026-04-16 01:18:53,562 INFO     [IK] pose_to_joints 'LABELLING_SAFE' depth_offset=0.0000 → joints=[-0.065  -1.2718  0.0356 -2.707   0.0343  1.4354  0.7355]
2026-04-16 01:18:57,069 INFO     [ZoneManager] Zone A: READY_FOR_PICKUP → EMPTY
2026-04-16 01:18:57,070 INFO     [GetLabel] Exiting: succeeded
2026-04-16 01:18:57,070 INFO     [RetrieveFromZone] Exiting: picked (zone A)
2026-04-16 01:18:57,076 INFO     [ApplyLabel] Entering state (zones: {'A': 'EMPTY', 'B': 'EMPTY'}  busy: {'A': False, 'B': False})
2026-04-16 01:18:57,076 DEBUG    [ApplyLabel] No zone needs label → wait
2026-04-16 01:18:57,079 INFO     [PlaceOutput] Entering state (retrieved_depth=0.0233)
2026-04-16 01:18:57,099 INFO     [IK] pose_to_joints 'OUTPUT1' depth_offset=0.1733 → joints=[-1.381  -0.8477  2.6148 -0.9302  0.3897  1.6953  2.1277]
2026-04-16 01:18:57,116 INFO     [IK] pose_to_joints 'L2_INTER' depth_offset=0.0233 → joints=[ 0.0849 -0.5241  0.5904 -2.6081  0.3358  2.1341  1.2117]
2026-04-16 01:18:57,116 INFO     [PlaceOutput] drop_joints: [-1.381  -0.8477  2.6148 -0.9302  0.3897  1.6953  2.1277]
2026-04-16 01:18:57,581 INFO     [ApplyLabel] Entering state (zones: {'A': 'EMPTY', 'B': 'EMPTY'}  busy: {'A': False, 'B': False})
2026-04-16 01:18:57,582 DEBUG    [ApplyLabel] No zone needs label → wait
2026-04-16 01:18:58,086 INFO     [ApplyLabel] Entering state (zones: {'A': 'EMPTY', 'B': 'EMPTY'}  busy: {'A': False, 'B': False})
2026-04-16 01:18:58,086 DEBUG    [ApplyLabel] No zone needs label → wait
2026-04-16 01:18:58,588 INFO     [ApplyLabel] Entering state (zones: {'A': 'EMPTY', 'B': 'EMPTY'}  busy: {'A': False, 'B': False})
2026-04-16 01:18:58,588 DEBUG    [ApplyLabel] No zone needs label → wait
2026-04-16 01:18:59,091 INFO     [ApplyLabel] Entering state (zones: {'A': 'EMPTY', 'B': 'EMPTY'}  busy: {'A': False, 'B': False})
2026-04-16 01:18:59,091 DEBUG    [ApplyLabel] No zone needs label → wait
2026-04-16 01:18:59,595 INFO     [ApplyLabel] Entering state (zones: {'A': 'EMPTY', 'B': 'EMPTY'}  busy: {'A': False, 'B': False})
2026-04-16 01:18:59,595 DEBUG    [ApplyLabel] No zone needs label → wait
2026-04-16 01:19:00,099 INFO     [ApplyLabel] Entering state (zones: {'A': 'EMPTY', 'B': 'EMPTY'}  busy: {'A': False, 'B': False})
2026-04-16 01:19:00,099 DEBUG    [ApplyLabel] No zone needs label → wait
2026-04-16 01:19:00,602 INFO     [ApplyLabel] Entering state (zones: {'A': 'EMPTY', 'B': 'EMPTY'}  busy: {'A': False, 'B': False})
2026-04-16 01:19:00,602 DEBUG    [ApplyLabel] No zone needs label → wait
2026-04-16 01:19:01,105 INFO     [ApplyLabel] Entering state (zones: {'A': 'EMPTY', 'B': 'EMPTY'}  busy: {'A': False, 'B': False})
2026-04-16 01:19:01,105 DEBUG    [ApplyLabel] No zone needs label → wait
2026-04-16 01:19:01,608 INFO     [ApplyLabel] Entering state (zones: {'A': 'EMPTY', 'B': 'EMPTY'}  busy: {'A': False, 'B': False})
2026-04-16 01:19:01,608 DEBUG    [ApplyLabel] No zone needs label → wait
2026-04-16 01:19:02,110 INFO     [ApplyLabel] Entering state (zones: {'A': 'EMPTY', 'B': 'EMPTY'}  busy: {'A': False, 'B': False})
2026-04-16 01:19:02,110 DEBUG    [ApplyLabel] No zone needs label → wait
2026-04-16 01:19:02,615 INFO     [ApplyLabel] Entering state (zones: {'A': 'EMPTY', 'B': 'EMPTY'}  busy: {'A': False, 'B': False})
2026-04-16 01:19:02,615 DEBUG    [ApplyLabel] No zone needs label → wait
2026-04-16 01:19:03,117 INFO     [ApplyLabel] Entering state (zones: {'A': 'EMPTY', 'B': 'EMPTY'}  busy: {'A': False, 'B': False})
2026-04-16 01:19:03,117 DEBUG    [ApplyLabel] No zone needs label → wait
2026-04-16 01:19:03,620 INFO     [ApplyLabel] Entering state (zones: {'A': 'EMPTY', 'B': 'EMPTY'}  busy: {'A': False, 'B': False})
2026-04-16 01:19:03,620 DEBUG    [ApplyLabel] No zone needs label → wait
2026-04-16 01:19:03,684 INFO     [Service] /orio/pnp_cup/off → success=True msg='PnP Cup OFF command sent'
2026-04-16 01:19:04,124 INFO     [ApplyLabel] Entering state (zones: {'A': 'EMPTY', 'B': 'EMPTY'}  busy: {'A': False, 'B': False})
2026-04-16 01:19:04,124 DEBUG    [ApplyLabel] No zone needs label → wait
2026-04-16 01:19:04,627 INFO     [ApplyLabel] Entering state (zones: {'A': 'EMPTY', 'B': 'EMPTY'}  busy: {'A': False, 'B': False})
2026-04-16 01:19:04,627 DEBUG    [ApplyLabel] No zone needs label → wait
2026-04-16 01:19:05,134 INFO     [ApplyLabel] Entering state (zones: {'A': 'EMPTY', 'B': 'EMPTY'}  busy: {'A': False, 'B': False})
2026-04-16 01:19:05,134 DEBUG    [ApplyLabel] No zone needs label → wait
2026-04-16 01:19:05,638 INFO     [ApplyLabel] Entering state (zones: {'A': 'EMPTY', 'B': 'EMPTY'}  busy: {'A': False, 'B': False})
2026-04-16 01:19:05,638 DEBUG    [ApplyLabel] No zone needs label → wait
2026-04-16 01:19:06,142 INFO     [ApplyLabel] Entering state (zones: {'A': 'EMPTY', 'B': 'EMPTY'}  busy: {'A': False, 'B': False})
2026-04-16 01:19:06,142 DEBUG    [ApplyLabel] No zone needs label → wait
2026-04-16 01:19:06,644 INFO     [ApplyLabel] Entering state (zones: {'A': 'EMPTY', 'B': 'EMPTY'}  busy: {'A': False, 'B': False})
2026-04-16 01:19:06,644 DEBUG    [ApplyLabel] No zone needs label → wait
2026-04-16 01:19:07,146 INFO     [ApplyLabel] Entering state (zones: {'A': 'EMPTY', 'B': 'EMPTY'}  busy: {'A': False, 'B': False})
2026-04-16 01:19:07,146 DEBUG    [ApplyLabel] No zone needs label → wait
2026-04-16 01:19:07,649 INFO     [ApplyLabel] Entering state (zones: {'A': 'EMPTY', 'B': 'EMPTY'}  busy: {'A': False, 'B': False})
2026-04-16 01:19:07,649 DEBUG    [ApplyLabel] No zone needs label → wait
2026-04-16 01:19:08,153 INFO     [ApplyLabel] Entering state (zones: {'A': 'EMPTY', 'B': 'EMPTY'}  busy: {'A': False, 'B': False})
2026-04-16 01:19:08,153 DEBUG    [ApplyLabel] No zone needs label → wait
2026-04-16 01:19:08,447 INFO     [PlaceOutput] Exiting: succeeded (total items placed: 3)
2026-04-16 01:19:08,451 DEBUG    [TaskSelector] Evaluating zone states: {'A': 'EMPTY', 'B': 'EMPTY'}  busy: {'A': False, 'B': False}
2026-04-16 01:19:08,452 INFO     [TaskSelector] → do_load (zone A empty)
2026-04-16 01:19:08,453 INFO     [FetchInput] Entering state
2026-04-16 01:19:08,658 INFO     [ApplyLabel] Entering state (zones: {'A': 'EMPTY', 'B': 'EMPTY'}  busy: {'A': False, 'B': False})
2026-04-16 01:19:08,658 DEBUG    [ApplyLabel] No zone needs label → wait
2026-04-16 01:19:09,126 INFO     [Service] /compute_grasps → success=True msg='Published 1 PnP poses.'
2026-04-16 01:19:09,127 INFO     [FetchInput] Grasp pose received: x=0.0229 y=-0.6227 z=0.0213
2026-04-16 01:19:09,128 INFO     [IK] compute_pick_joints called — task_pos=[ 0.0229 -0.6227  0.0213] label_zone=None max_attempts=10 check_collisions=False arm_number=None
2026-04-16 01:19:09,149 INFO     [IK] Arm? compute_pick_joints attempt 1/10 OK — target=([ 0.0229 -0.6227  0.0213]) pre=[-0.9718  0.5569 -0.601  -1.9209  0.4322  2.3471 -1.0261] final=[-1.18    0.7107 -0.3564 -1.8962  0.4107  2.535  -1.0132] (FK err pre=0.0000 m final=0.0000 m)
2026-04-16 01:19:09,152 INFO     [FetchInput] IK pre_joints:   [-0.9718  0.5569 -0.601  -1.9209  0.4322  2.3471 -1.0261]
2026-04-16 01:19:09,152 INFO     [FetchInput] IK final_joints: [-1.18    0.7107 -0.3564 -1.8962  0.4107  2.535  -1.0132]
2026-04-16 01:19:09,153 INFO     [FetchInput] Moving to pre-pick
2026-04-16 01:19:09,162 INFO     [ApplyLabel] Entering state (zones: {'A': 'EMPTY', 'B': 'EMPTY'}  busy: {'A': False, 'B': False})
2026-04-16 01:19:09,163 DEBUG    [ApplyLabel] No zone needs label → wait
2026-04-16 01:19:09,665 INFO     [ApplyLabel] Entering state (zones: {'A': 'EMPTY', 'B': 'EMPTY'}  busy: {'A': False, 'B': False})
2026-04-16 01:19:09,665 DEBUG    [ApplyLabel] No zone needs label → wait
2026-04-16 01:19:10,170 INFO     [ApplyLabel] Entering state (zones: {'A': 'EMPTY', 'B': 'EMPTY'}  busy: {'A': False, 'B': False})
2026-04-16 01:19:10,171 DEBUG    [ApplyLabel] No zone needs label → wait
2026-04-16 01:19:10,674 INFO     [ApplyLabel] Entering state (zones: {'A': 'EMPTY', 'B': 'EMPTY'}  busy: {'A': False, 'B': False})
2026-04-16 01:19:10,674 DEBUG    [ApplyLabel] No zone needs label → wait
2026-04-16 01:19:11,182 INFO     [ApplyLabel] Entering state (zones: {'A': 'EMPTY', 'B': 'EMPTY'}  busy: {'A': False, 'B': False})
2026-04-16 01:19:11,182 DEBUG    [ApplyLabel] No zone needs label → wait
2026-04-16 01:19:11,684 INFO     [ApplyLabel] Entering state (zones: {'A': 'EMPTY', 'B': 'EMPTY'}  busy: {'A': False, 'B': False})
2026-04-16 01:19:11,684 DEBUG    [ApplyLabel] No zone needs label → wait
2026-04-16 01:19:12,189 INFO     [ApplyLabel] Entering state (zones: {'A': 'EMPTY', 'B': 'EMPTY'}  busy: {'A': False, 'B': False})
2026-04-16 01:19:12,189 DEBUG    [ApplyLabel] No zone needs label → wait
2026-04-16 01:19:12,609 INFO     [FetchInput] Descending to pick
2026-04-16 01:19:12,692 INFO     [ApplyLabel] Entering state (zones: {'A': 'EMPTY', 'B': 'EMPTY'}  busy: {'A': False, 'B': False})
2026-04-16 01:19:12,692 DEBUG    [ApplyLabel] No zone needs label → wait
2026-04-16 01:19:13,201 INFO     [ApplyLabel] Entering state (zones: {'A': 'EMPTY', 'B': 'EMPTY'}  busy: {'A': False, 'B': False})
2026-04-16 01:19:13,202 DEBUG    [ApplyLabel] No zone needs label → wait
2026-04-16 01:19:13,704 INFO     [ApplyLabel] Entering state (zones: {'A': 'EMPTY', 'B': 'EMPTY'}  busy: {'A': False, 'B': False})
2026-04-16 01:19:13,705 DEBUG    [ApplyLabel] No zone needs label → wait
2026-04-16 01:19:14,209 INFO     [ApplyLabel] Entering state (zones: {'A': 'EMPTY', 'B': 'EMPTY'}  busy: {'A': False, 'B': False})
2026-04-16 01:19:14,210 DEBUG    [ApplyLabel] No zone needs label → wait
2026-04-16 01:19:14,712 INFO     [ApplyLabel] Entering state (zones: {'A': 'EMPTY', 'B': 'EMPTY'}  busy: {'A': False, 'B': False})
2026-04-16 01:19:14,712 DEBUG    [ApplyLabel] No zone needs label → wait
2026-04-16 01:19:14,816 INFO     [Service] /orio/pnp_cup/on → success=True msg='PnP Cup ON command sent'
2026-04-16 01:19:15,217 INFO     [ApplyLabel] Entering state (zones: {'A': 'EMPTY', 'B': 'EMPTY'}  busy: {'A': False, 'B': False})
2026-04-16 01:19:15,218 DEBUG    [ApplyLabel] No zone needs label → wait
2026-04-16 01:19:15,723 INFO     [ApplyLabel] Entering state (zones: {'A': 'EMPTY', 'B': 'EMPTY'}  busy: {'A': False, 'B': False})
2026-04-16 01:19:15,723 DEBUG    [ApplyLabel] No zone needs label → wait
2026-04-16 01:19:15,818 INFO     [FetchInput] Retracting to pre-pick height
2026-04-16 01:19:16,227 INFO     [ApplyLabel] Entering state (zones: {'A': 'EMPTY', 'B': 'EMPTY'}  busy: {'A': False, 'B': False})
2026-04-16 01:19:16,227 DEBUG    [ApplyLabel] No zone needs label → wait
2026-04-16 01:19:16,731 INFO     [ApplyLabel] Entering state (zones: {'A': 'EMPTY', 'B': 'EMPTY'}  busy: {'A': False, 'B': False})
2026-04-16 01:19:16,731 DEBUG    [ApplyLabel] No zone needs label → wait
2026-04-16 01:19:17,236 INFO     [ApplyLabel] Entering state (zones: {'A': 'EMPTY', 'B': 'EMPTY'}  busy: {'A': False, 'B': False})
2026-04-16 01:19:17,237 DEBUG    [ApplyLabel] No zone needs label → wait
2026-04-16 01:19:17,739 INFO     [ApplyLabel] Entering state (zones: {'A': 'EMPTY', 'B': 'EMPTY'}  busy: {'A': False, 'B': False})
2026-04-16 01:19:17,739 DEBUG    [ApplyLabel] No zone needs label → wait
2026-04-16 01:19:18,243 INFO     [ApplyLabel] Entering state (zones: {'A': 'EMPTY', 'B': 'EMPTY'}  busy: {'A': False, 'B': False})
2026-04-16 01:19:18,243 DEBUG    [ApplyLabel] No zone needs label → wait
2026-04-16 01:19:18,326 INFO     [FetchInput] Exiting: succeeded (item_depth=0.0213)
2026-04-16 01:19:18,327 INFO     [DropToZone] Entering state (item_depth=0.0213)
2026-04-16 01:19:18,328 INFO     [DropToZone] Targeting zone A
2026-04-16 01:19:18,338 INFO     [IK] pose_to_joints 'L1_INTER' depth_offset=0.0213 → joints=[-0.3196 -0.4652 -0.3668 -2.6187 -0.1963  2.1714  0.247 ]
2026-04-16 01:19:18,352 INFO     [IK] pose_to_joints 'LABEL_ZONE_1' depth_offset=0.0313 → joints=[-0.2399  1.2178 -0.1666 -0.8465  0.1766  2.0533  0.4048]
2026-04-16 01:19:18,354 INFO     [DropToZone] place_joints for LABEL_ZONE_1: [-0.2399  1.2178 -0.1666 -0.8465  0.1766  2.0533  0.4048]
2026-04-16 01:19:18,747 INFO     [ApplyLabel] Entering state (zones: {'A': 'EMPTY', 'B': 'EMPTY'}  busy: {'A': True, 'B': False})
2026-04-16 01:19:18,747 DEBUG    [ApplyLabel] No zone needs label → wait
2026-04-16 01:19:19,249 INFO     [ApplyLabel] Entering state (zones: {'A': 'EMPTY', 'B': 'EMPTY'}  busy: {'A': True, 'B': False})
2026-04-16 01:19:19,250 DEBUG    [ApplyLabel] No zone needs label → wait
2026-04-16 01:19:19,753 INFO     [ApplyLabel] Entering state (zones: {'A': 'EMPTY', 'B': 'EMPTY'}  busy: {'A': True, 'B': False})
2026-04-16 01:19:19,754 DEBUG    [ApplyLabel] No zone needs label → wait
2026-04-16 01:19:20,256 INFO     [ApplyLabel] Entering state (zones: {'A': 'EMPTY', 'B': 'EMPTY'}  busy: {'A': True, 'B': False})
2026-04-16 01:19:20,256 DEBUG    [ApplyLabel] No zone needs label → wait
2026-04-16 01:19:20,762 INFO     [ApplyLabel] Entering state (zones: {'A': 'EMPTY', 'B': 'EMPTY'}  busy: {'A': True, 'B': False})
2026-04-16 01:19:20,763 DEBUG    [ApplyLabel] No zone needs label → wait
2026-04-16 01:19:21,265 INFO     [ApplyLabel] Entering state (zones: {'A': 'EMPTY', 'B': 'EMPTY'}  busy: {'A': True, 'B': False})
2026-04-16 01:19:21,266 DEBUG    [ApplyLabel] No zone needs label → wait
2026-04-16 01:19:21,767 INFO     [ApplyLabel] Entering state (zones: {'A': 'EMPTY', 'B': 'EMPTY'}  busy: {'A': True, 'B': False})
2026-04-16 01:19:21,768 DEBUG    [ApplyLabel] No zone needs label → wait
2026-04-16 01:19:22,271 INFO     [ApplyLabel] Entering state (zones: {'A': 'EMPTY', 'B': 'EMPTY'}  busy: {'A': True, 'B': False})
2026-04-16 01:19:22,271 DEBUG    [ApplyLabel] No zone needs label → wait
2026-04-16 01:19:22,773 INFO     [ApplyLabel] Entering state (zones: {'A': 'EMPTY', 'B': 'EMPTY'}  busy: {'A': True, 'B': False})
2026-04-16 01:19:22,773 DEBUG    [ApplyLabel] No zone needs label → wait
2026-04-16 01:19:23,277 INFO     [ApplyLabel] Entering state (zones: {'A': 'EMPTY', 'B': 'EMPTY'}  busy: {'A': True, 'B': False})
2026-04-16 01:19:23,277 DEBUG    [ApplyLabel] No zone needs label → wait
2026-04-16 01:19:23,782 INFO     [ApplyLabel] Entering state (zones: {'A': 'EMPTY', 'B': 'EMPTY'}  busy: {'A': True, 'B': False})
2026-04-16 01:19:23,783 DEBUG    [ApplyLabel] No zone needs label → wait
2026-04-16 01:19:24,284 INFO     [ApplyLabel] Entering state (zones: {'A': 'EMPTY', 'B': 'EMPTY'}  busy: {'A': True, 'B': False})
2026-04-16 01:19:24,284 DEBUG    [ApplyLabel] No zone needs label → wait
2026-04-16 01:19:24,786 INFO     [ApplyLabel] Entering state (zones: {'A': 'EMPTY', 'B': 'EMPTY'}  busy: {'A': True, 'B': False})
2026-04-16 01:19:24,786 DEBUG    [ApplyLabel] No zone needs label → wait
2026-04-16 01:19:25,245 INFO     [Service] /orio/pnp_cup/off → success=True msg='PnP Cup OFF command sent'
2026-04-16 01:19:25,288 INFO     [ApplyLabel] Entering state (zones: {'A': 'EMPTY', 'B': 'EMPTY'}  busy: {'A': True, 'B': False})
2026-04-16 01:19:25,288 DEBUG    [ApplyLabel] No zone needs label → wait
2026-04-16 01:19:25,794 INFO     [ApplyLabel] Entering state (zones: {'A': 'EMPTY', 'B': 'EMPTY'}  busy: {'A': True, 'B': False})
2026-04-16 01:19:25,794 DEBUG    [ApplyLabel] No zone needs label → wait
2026-04-16 01:19:26,296 INFO     [ApplyLabel] Entering state (zones: {'A': 'EMPTY', 'B': 'EMPTY'}  busy: {'A': True, 'B': False})
2026-04-16 01:19:26,296 DEBUG    [ApplyLabel] No zone needs label → wait
2026-04-16 01:19:26,798 INFO     [ApplyLabel] Entering state (zones: {'A': 'EMPTY', 'B': 'EMPTY'}  busy: {'A': True, 'B': False})
2026-04-16 01:19:26,799 DEBUG    [ApplyLabel] No zone needs label → wait
2026-04-16 01:19:27,302 INFO     [ApplyLabel] Entering state (zones: {'A': 'EMPTY', 'B': 'EMPTY'}  busy: {'A': True, 'B': False})
2026-04-16 01:19:27,303 DEBUG    [ApplyLabel] No zone needs label → wait
2026-04-16 01:19:27,806 INFO     [ApplyLabel] Entering state (zones: {'A': 'EMPTY', 'B': 'EMPTY'}  busy: {'A': True, 'B': False})
2026-04-16 01:19:27,807 DEBUG    [ApplyLabel] No zone needs label → wait
2026-04-16 01:19:28,309 INFO     [ApplyLabel] Entering state (zones: {'A': 'EMPTY', 'B': 'EMPTY'}  busy: {'A': True, 'B': False})
2026-04-16 01:19:28,310 DEBUG    [ApplyLabel] No zone needs label → wait
2026-04-16 01:19:28,812 INFO     [ApplyLabel] Entering state (zones: {'A': 'EMPTY', 'B': 'EMPTY'}  busy: {'A': True, 'B': False})
2026-04-16 01:19:28,812 DEBUG    [ApplyLabel] No zone needs label → wait
2026-04-16 01:19:29,033 INFO     [ZoneManager] Zone A: EMPTY → NEEDS_LABEL
2026-04-16 01:19:29,033 INFO     [DropToZone] Exiting: dropped (zone A)
2026-04-16 01:19:29,037 DEBUG    [TaskSelector] Evaluating zone states: {'A': 'NEEDS_LABEL', 'B': 'EMPTY'}  busy: {'A': False, 'B': False}
2026-04-16 01:19:29,037 INFO     [TaskSelector] → do_load (zone B empty)
2026-04-16 01:19:29,039 INFO     [FetchInput] Entering state
2026-04-16 01:19:29,315 INFO     [ApplyLabel] Entering state (zones: {'A': 'NEEDS_LABEL', 'B': 'EMPTY'}  busy: {'A': False, 'B': False})
2026-04-16 01:19:29,315 INFO     [ApplyLabel] Applying label to zone A (zone_number=1, depth=0.0213)
2026-04-16 01:19:29,315 INFO     [compute_label_joints] Requesting label pose for zone 1, item_depth=0.0213
2026-04-16 01:19:29,831 INFO     [Service] /compute_grasps → success=True msg='Published 2 PnP poses.'
2026-04-16 01:19:29,832 INFO     [FetchInput] Grasp pose received: x=0.3186 y=-0.3040 z=0.0643
2026-04-16 01:19:29,832 INFO     [IK] compute_pick_joints called — task_pos=[ 0.3186 -0.304   0.0643] label_zone=None max_attempts=10 check_collisions=False arm_number=None
2026-04-16 01:19:29,852 INFO     [IK] Arm? compute_pick_joints attempt 1/10 OK — target=([ 0.3186 -0.304   0.0643]) pre=[-0.2748 -0.0825 -0.4939 -2.5834 -0.0662  2.5097  0.0715] final=[-0.2665  0.2292 -0.4447 -2.5855  0.2799  2.7801 -0.1783] (FK err pre=0.0000 m final=0.0000 m)
2026-04-16 01:19:29,853 INFO     [FetchInput] IK pre_joints:   [-0.2748 -0.0825 -0.4939 -2.5834 -0.0662  2.5097  0.0715]
2026-04-16 01:19:29,853 INFO     [FetchInput] IK final_joints: [-0.2665  0.2292 -0.4447 -2.5855  0.2799  2.7801 -0.1783]
2026-04-16 01:19:29,854 INFO     [FetchInput] Moving to pre-pick
2026-04-16 01:19:31,479 INFO     [Service] /compute_grasps_labelling → success=True msg='Zone1=OK, Zone2=FAIL'
2026-04-16 01:19:31,479 INFO     item_depth=0.0213  X=-0.2005 Y=-0.1026 Z=0.9787  pos(world)=[0.5626 0.2195 0.0013]  task_pos=[0.5626 0.2195 0.0213]  task_ori=[0.1418 0.9899 0.     0.    ]
2026-04-16 01:19:31,481 INFO     [compute_label_joints] Zone 1 received pose: x=0.5626 y=0.2195 z=0.0213  RPY r=180.00 p=0.00 y=163.69 deg
2026-04-16 01:19:31,481 INFO     [IK] compute_pick_joints called — task_pos=[0.5626 0.2195 0.0213] label_zone=1 max_attempts=10 check_collisions=True arm_number=2
2026-04-16 01:19:31,517 INFO     [IK] Arm2 compute_pick_joints attempt 1/10 OK — target=([0.5626 0.2195 0.0213]) pre=[-0.1571  0.4881  0.55   -2.004  -0.369   2.3944 -1.4559] final=[ 0.0634  0.6567  0.2999 -1.9791 -0.3493  2.5864 -1.4679] (FK err pre=0.0000 m final=0.0000 m)
2026-04-16 01:19:31,518 INFO     [ApplyLabel] IK pre_joints=[-0.1571  0.4881  0.55   -2.004  -0.369   2.3944 -1.4559]  final_joints=[ 0.0634  0.6567  0.2999 -1.9791 -0.3493  2.5864 -1.4679]
2026-04-16 01:19:31,519 INFO     [ApplyLabel] Registering label — item='Dummy1' expiry='2028-01-01'
2026-04-16 01:19:33,062 INFO     [FetchInput] Descending to pick
2026-04-16 01:19:35,458 INFO     [Service] /orio/pnp_cup/on → success=True msg='PnP Cup ON command sent'
2026-04-16 01:19:36,460 INFO     [FetchInput] Retracting to pre-pick height
2026-04-16 01:19:36,587 INFO     [RFID] Registered label — item='Dummy1' expiry='2028-01-01' msg='Item added successfully.'
2026-04-16 01:19:42,096 INFO     [FetchInput] Exiting: succeeded (item_depth=0.0643)
2026-04-16 01:19:42,100 INFO     [DropToZone] Entering state (item_depth=0.0643)
2026-04-16 01:19:42,101 INFO     [DropToZone] Targeting zone B
2026-04-16 01:19:42,133 INFO     [IK] pose_to_joints 'L1_INTER' depth_offset=0.0643 → joints=[-0.3187 -0.5184 -0.3467 -2.5448 -0.1904  2.0449  0.2504]
2026-04-16 01:19:42,146 INFO     [IK] pose_to_joints 'L2_INTER' depth_offset=0.0643 → joints=[ 0.1019 -0.5702  0.541  -2.5382  0.3131  2.0159  1.217 ]
2026-04-16 01:19:42,160 INFO     [IK] pose_to_joints 'LABEL_ZONE_2' depth_offset=0.0743 → joints=[ 0.3343  1.1257 -0.0244 -0.8931  0.0244  2.0186  1.0986]
2026-04-16 01:19:42,161 INFO     [DropToZone] place_joints for LABEL_ZONE_2: [ 0.3343  1.1257 -0.0244 -0.8931  0.0244  2.0186  1.0986]
2026-04-16 01:19:46,804 INFO     [Service] /orio/lbl_cup/off → success=True msg='Labelling Cup OFF command sent'
2026-04-16 01:19:49,930 INFO     [IK] pose_to_joints 'LABELLING_SAFE' depth_offset=0.0000 → joints=[-0.065  -1.2718  0.0356 -2.707   0.0343  1.4354  0.7355]
2026-04-16 01:19:50,508 INFO     [Service] /orio/pnp_cup/off → success=True msg='PnP Cup OFF command sent'
2026-04-16 01:19:53,539 INFO     [ZoneManager] Zone A: NEEDS_LABEL → READY_FOR_PICKUP
2026-04-16 01:19:53,539 INFO     [ApplyLabel] Exiting: labeled (zone A)
2026-04-16 01:19:53,542 INFO     [GetLabel] Entering state
2026-04-16 01:19:59,051 INFO     [ZoneManager] Zone B: EMPTY → NEEDS_LABEL
2026-04-16 01:19:59,052 INFO     [DropToZone] Exiting: dropped (zone B)
2026-04-16 01:19:59,053 DEBUG    [TaskSelector] Evaluating zone states: {'A': 'READY_FOR_PICKUP', 'B': 'NEEDS_LABEL'}  busy: {'A': False, 'B': False}
2026-04-16 01:19:59,053 INFO     [TaskSelector] → do_unload (zone A ready)
2026-04-16 01:19:59,054 INFO     [RetrieveFromZone] Entering state
2026-04-16 01:19:59,054 INFO     [RetrieveFromZone] Picking from zone A (depth=0.0213)
2026-04-16 01:19:59,069 INFO     [IK] pose_to_joints 'L1_INTER' depth_offset=0.0213 → joints=[-0.3196 -0.4652 -0.3668 -2.6187 -0.1963  2.1714  0.247 ]
2026-04-16 01:19:59,091 INFO     [IK] pose_to_joints 'LABEL_ZONE_1' depth_offset=0.1213 → joints=[-0.2311  1.0631 -0.1776 -0.897   0.1668  1.9485  0.4052]
2026-04-16 01:19:59,110 INFO     [IK] pose_to_joints 'LABEL_ZONE_1' depth_offset=0.0113 → joints=[-0.2443  1.2655 -0.1633 -0.8099  0.1771  2.065   0.4069]
2026-04-16 01:19:59,110 INFO     [RetrieveFromZone] A pre_pick=[-0.2311  1.0631 -0.1776 -0.897   0.1668  1.9485  0.4052] pick=[-0.2443  1.2655 -0.1633 -0.8099  0.1771  2.065   0.4069]
2026-04-16 01:20:03,861 INFO     [Service] /orio/lbl_cup/on → success=True msg='Labelling Cup ON command sent'
2026-04-16 01:20:07,313 INFO     [IK] pose_to_joints 'LABELLING_SAFE' depth_offset=0.0000 → joints=[-0.065  -1.2718  0.0356 -2.707   0.0343  1.4354  0.7355]
2026-04-16 01:20:08,153 INFO     [Service] /orio/pnp_cup/on → success=True msg='PnP Cup ON command sent'
2026-04-16 01:20:09,154 INFO     [RetrieveFromZone] Retracting to pre-pick height
2026-04-16 01:20:10,821 INFO     [GetLabel] Exiting: succeeded
2026-04-16 01:20:10,824 INFO     [ApplyLabel] Entering state (zones: {'A': 'READY_FOR_PICKUP', 'B': 'NEEDS_LABEL'}  busy: {'A': True, 'B': False})
2026-04-16 01:20:10,825 INFO     [ApplyLabel] Applying label to zone B (zone_number=2, depth=0.0643)
2026-04-16 01:20:10,825 INFO     [compute_label_joints] Requesting label pose for zone 2, item_depth=0.0643
2026-04-16 01:20:12,673 INFO     [Service] /compute_grasps_labelling → success=True msg='Zone1=FAIL, Zone2=OK'
2026-04-16 01:20:12,675 INFO     item_depth=0.0643  X=0.2397 Y=-0.0330 Z=0.9357  pos(world)=[ 0.493  -0.2207  0.0443]  task_pos=[ 0.493  -0.2207  0.0643]  task_ori=[0.6831 0.7303 0.     0.    ]
2026-04-16 01:20:12,677 INFO     [compute_label_joints] Zone 2 received pose: x=0.4930 y=-0.2207 z=0.0643  RPY r=180.00 p=0.00 y=93.83 deg
2026-04-16 01:20:12,677 INFO     [IK] compute_pick_joints called — task_pos=[ 0.493  -0.2207  0.0643] label_zone=2 max_attempts=10 check_collisions=True arm_number=2
2026-04-16 01:20:12,710 INFO     [IK] Arm2 compute_pick_joints attempt 1/10 OK — target=([ 0.493  -0.2207  0.0643]) pre=[-0.2275  0.1855 -0.1938 -2.2453  0.0542  2.4267 -1.3113] final=[-0.4362  0.3974  0.0143 -2.2533 -0.0118  2.6507 -1.2648] (FK err pre=0.0000 m final=0.0000 m)
2026-04-16 01:20:12,712 INFO     [ApplyLabel] IK pre_joints=[-0.2275  0.1855 -0.1938 -2.2453  0.0542  2.4267 -1.3113]  final_joints=[-0.4362  0.3974  0.0143 -2.2533 -0.0118  2.6507 -1.2648]
2026-04-16 01:20:12,712 INFO     [ApplyLabel] Registering label — item='Dummy1' expiry='2028-01-01'
2026-04-16 01:20:14,376 INFO     [ZoneManager] Zone A: READY_FOR_PICKUP → EMPTY
2026-04-16 01:20:14,377 INFO     [RetrieveFromZone] Exiting: picked (zone A)
2026-04-16 01:20:14,383 INFO     [PlaceOutput] Entering state (retrieved_depth=0.0213)
2026-04-16 01:20:14,487 INFO     [IK] pose_to_joints 'OUTPUT2' depth_offset=0.1713 → joints=[ 1.2351e+00  1.0673e+00  5.0000e-04 -4.6700e-01 -5.0000e-04  1.5367e+00
  2.0208e+00]
2026-04-16 01:20:14,498 INFO     [IK] pose_to_joints 'L2_INTER' depth_offset=0.0213 → joints=[ 0.0896 -0.5195  0.5876 -2.6114  0.3331  2.1411  1.2145]
2026-04-16 01:20:14,499 INFO     [PlaceOutput] drop_joints: [ 1.2351e+00  1.0673e+00  5.0000e-04 -4.6700e-01 -5.0000e-04  1.5367e+00
  2.0208e+00]
2026-04-16 01:20:18,662 INFO     [RFID] Registered label — item='Dummy1' expiry='2028-01-01' msg='Item added successfully.'
2026-04-16 01:20:21,110 INFO     [Service] /orio/pnp_cup/off → success=True msg='PnP Cup OFF command sent'
2026-04-16 01:20:28,792 INFO     [Service] /orio/lbl_cup/off → success=True msg='Labelling Cup OFF command sent'
2026-04-16 01:20:29,090 INFO     [PlaceOutput] Exiting: succeeded (total items placed: 4)
2026-04-16 01:20:29,092 DEBUG    [TaskSelector] Evaluating zone states: {'A': 'EMPTY', 'B': 'NEEDS_LABEL'}  busy: {'A': False, 'B': True}
2026-04-16 01:20:29,092 INFO     [TaskSelector] → do_load (zone A empty)
2026-04-16 01:20:29,093 INFO     [FetchInput] Entering state
2026-04-16 01:20:29,697 INFO     [Service] /compute_grasps → success=True msg='Published 1 PnP poses.'
2026-04-16 01:20:29,698 INFO     [FetchInput] Grasp pose received: x=0.3222 y=-0.5742 z=0.0254
2026-04-16 01:20:29,698 INFO     [IK] compute_pick_joints called — task_pos=[ 0.3222 -0.5742  0.0254] label_zone=None max_attempts=10 check_collisions=False arm_number=None
2026-04-16 01:20:29,714 INFO     [IK] Arm? compute_pick_joints attempt 1/10 OK — target=([ 0.3222 -0.5742  0.0254]) pre=[-0.4969  0.664  -0.6415 -1.7612  0.497   2.2573 -0.5743] final=[-0.6858  0.7956 -0.4052 -1.7409  0.4529  2.4425 -0.5486] (FK err pre=0.0000 m final=0.0000 m)
2026-04-16 01:20:29,716 INFO     [FetchInput] IK pre_joints:   [-0.4969  0.664  -0.6415 -1.7612  0.497   2.2573 -0.5743]
2026-04-16 01:20:29,717 INFO     [FetchInput] IK final_joints: [-0.6858  0.7956 -0.4052 -1.7409  0.4529  2.4425 -0.5486]
2026-04-16 01:20:29,717 INFO     [FetchInput] Moving to pre-pick
2026-04-16 01:20:32,192 INFO     [IK] pose_to_joints 'LABELLING_SAFE' depth_offset=0.0000 → joints=[-0.065  -1.2718  0.0356 -2.707   0.0343  1.4354  0.7355]
2026-04-16 01:20:33,136 INFO     [FetchInput] Descending to pick
2026-04-16 01:20:35,350 INFO     [Service] /orio/pnp_cup/on → success=True msg='PnP Cup ON command sent'
2026-04-16 01:20:35,940 INFO     [ZoneManager] Zone B: NEEDS_LABEL → READY_FOR_PICKUP
2026-04-16 01:20:35,941 INFO     [ApplyLabel] Exiting: labeled (zone B)
2026-04-16 01:20:35,943 INFO     [GetLabel] Entering state
2026-04-16 01:20:36,351 INFO     [FetchInput] Retracting to pre-pick height
2026-04-16 01:20:41,353 INFO     [FetchInput] Exiting: succeeded (item_depth=0.0254)
2026-04-16 01:20:41,361 INFO     [DropToZone] Entering state (item_depth=0.0254)
2026-04-16 01:20:41,361 INFO     [DropToZone] Targeting zone A
2026-04-16 01:20:41,374 INFO     [IK] pose_to_joints 'L1_INTER' depth_offset=0.0254 → joints=[-0.3195 -0.4713 -0.3649 -2.6122 -0.196   2.1589  0.2475]
2026-04-16 01:20:41,388 INFO     [IK] pose_to_joints 'LABEL_ZONE_1' depth_offset=0.0354 → joints=[-0.2391  1.2087 -0.1672 -0.8526  0.1763  2.0502  0.4046]
2026-04-16 01:20:41,389 INFO     [DropToZone] place_joints for LABEL_ZONE_1: [-0.2391  1.2087 -0.1672 -0.8526  0.1763  2.0502  0.4046]
2026-04-16 01:20:46,160 INFO     [Service] /orio/lbl_cup/on → success=True msg='Labelling Cup ON command sent'
2026-04-16 01:20:48,327 INFO     [Service] /orio/pnp_cup/off → success=True msg='PnP Cup OFF command sent'
2026-04-16 01:20:49,592 INFO     [IK] pose_to_joints 'LABELLING_SAFE' depth_offset=0.0000 → joints=[-0.065  -1.2718  0.0356 -2.707   0.0343  1.4354  0.7355]
2026-04-16 01:20:53,103 INFO     [GetLabel] Exiting: succeeded
2026-04-16 01:20:53,104 INFO     [ZoneManager] Zone A: EMPTY → NEEDS_LABEL
2026-04-16 01:20:53,104 INFO     [DropToZone] Exiting: dropped (zone A)
2026-04-16 01:20:53,106 INFO     [ApplyLabel] Entering state (zones: {'A': 'NEEDS_LABEL', 'B': 'READY_FOR_PICKUP'}  busy: {'A': False, 'B': False})
2026-04-16 01:20:53,106 INFO     [ApplyLabel] Applying label to zone A (zone_number=1, depth=0.0254)
2026-04-16 01:20:53,106 INFO     [compute_label_joints] Requesting label pose for zone 1, item_depth=0.0254
2026-04-16 01:20:53,107 DEBUG    [TaskSelector] Evaluating zone states: {'A': 'NEEDS_LABEL', 'B': 'READY_FOR_PICKUP'}  busy: {'A': True, 'B': False}
2026-04-16 01:20:53,107 INFO     [TaskSelector] → do_unload (zone B ready)
2026-04-16 01:20:53,110 INFO     [RetrieveFromZone] Entering state
2026-04-16 01:20:53,110 INFO     [RetrieveFromZone] Picking from zone B (depth=0.0643)
2026-04-16 01:20:53,127 INFO     [IK] pose_to_joints 'L2_INTER' depth_offset=0.0643 → joints=[ 0.1019 -0.5702  0.541  -2.5382  0.3131  2.0159  1.217 ]
2026-04-16 01:20:53,139 INFO     [IK] pose_to_joints 'LABEL_ZONE_2' depth_offset=0.1643 → joints=[ 0.3074  1.0119  0.0289 -0.8675 -0.0257  1.8791  1.1159]
2026-04-16 01:20:53,160 INFO     [IK] pose_to_joints 'LABEL_ZONE_2' depth_offset=0.0543 → joints=[ 0.3453  1.163  -0.0464 -0.8775  0.0478  2.0396  1.0907]
2026-04-16 01:20:53,161 INFO     [RetrieveFromZone] B pre_pick=[ 0.3074  1.0119  0.0289 -0.8675 -0.0257  1.8791  1.1159] pick=[ 0.3453  1.163  -0.0464 -0.8775  0.0478  2.0396  1.0907]
2026-04-16 01:20:54,972 INFO     [Service] /compute_grasps_labelling → success=True msg='Zone1=OK, Zone2=OK'
2026-04-16 01:20:54,973 INFO     item_depth=0.0254  X=-0.2436 Y=-0.0789 Z=0.9746  pos(world)=[0.5389 0.2626 0.0054]  task_pos=[0.5389 0.2626 0.0254]  task_ori=[0.7357 0.6773 0.     0.    ]
2026-04-16 01:20:54,975 INFO     [compute_label_joints] Zone 1 received pose: x=0.5389 y=0.2626 z=0.0254  RPY r=180.00 p=0.00 y=85.27 deg
2026-04-16 01:20:54,975 INFO     [IK] compute_pick_joints called — task_pos=[0.5389 0.2626 0.0254] label_zone=1 max_attempts=10 check_collisions=True arm_number=2
2026-04-16 01:20:55,006 INFO     [IK] Arm2 compute_pick_joints attempt 1/10 OK — target=([0.5389 0.2626 0.0254]) pre=[ 0.242   0.4097  0.2172 -2.0317 -0.1316  2.4285 -0.1613] final=[ 0.4566  0.6079 -0.0031 -2.0106  0.0035  2.6185 -0.2518] (FK err pre=0.0000 m final=0.0000 m)
2026-04-16 01:20:55,008 INFO     [ApplyLabel] IK pre_joints=[ 0.242   0.4097  0.2172 -2.0317 -0.1316  2.4285 -0.1613]  final_joints=[ 0.4566  0.6079 -0.0031 -2.0106  0.0035  2.6185 -0.2518]
2026-04-16 01:20:55,009 INFO     [ApplyLabel] Registering label — item='Dummy1' expiry='2028-01-01'
2026-04-16 01:21:00,741 INFO     [RFID] Registered label — item='Dummy1' expiry='2028-01-01' msg='Item added successfully.'
2026-04-16 01:21:01,937 INFO     [Service] /orio/pnp_cup/on → success=True msg='PnP Cup ON command sent'
2026-04-16 01:21:02,937 INFO     [RetrieveFromZone] Retracting to pre-pick height
2026-04-16 01:21:10,964 INFO     [Service] /orio/lbl_cup/off → success=True msg='Labelling Cup OFF command sent'
2026-04-16 01:21:11,259 INFO     [ZoneManager] Zone B: READY_FOR_PICKUP → EMPTY
2026-04-16 01:21:11,259 INFO     [RetrieveFromZone] Exiting: picked (zone B)
2026-04-16 01:21:11,261 INFO     [PlaceOutput] Entering state (retrieved_depth=0.0643)
2026-04-16 01:21:11,278 INFO     [IK] pose_to_joints 'OUTPUT1' depth_offset=0.2143 → joints=[-1.422  -0.882   2.6053 -0.7559  0.4055  1.5636  2.1468]
2026-04-16 01:21:11,292 INFO     [IK] pose_to_joints 'L2_INTER' depth_offset=0.0643 → joints=[ 0.1019 -0.5702  0.541  -2.5382  0.3131  2.0159  1.217 ]
2026-04-16 01:21:11,293 INFO     [PlaceOutput] drop_joints: [-1.422  -0.882   2.6053 -0.7559  0.4055  1.5636  2.1468]
2026-04-16 01:21:14,453 INFO     [IK] pose_to_joints 'LABELLING_SAFE' depth_offset=0.0000 → joints=[-0.065  -1.2718  0.0356 -2.707   0.0343  1.4354  0.7355]
2026-04-16 01:21:17,186 INFO     [Service] /orio/pnp_cup/off → success=True msg='PnP Cup OFF command sent'
2026-04-16 01:21:18,204 INFO     [ZoneManager] Zone A: NEEDS_LABEL → READY_FOR_PICKUP
2026-04-16 01:21:18,205 INFO     [ApplyLabel] Exiting: labeled (zone A)
2026-04-16 01:21:18,207 INFO     [GetLabel] Entering state
2026-04-16 01:21:23,616 INFO     [PlaceOutput] Exiting: succeeded (total items placed: 5)
2026-04-16 01:21:23,618 DEBUG    [TaskSelector] Evaluating zone states: {'A': 'READY_FOR_PICKUP', 'B': 'EMPTY'}  busy: {'A': False, 'B': False}
2026-04-16 01:21:23,618 INFO     [TaskSelector] → do_unload (zone A ready)
2026-04-16 01:21:23,620 INFO     [RetrieveFromZone] Entering state
2026-04-16 01:21:23,621 INFO     [RetrieveFromZone] Picking from zone A (depth=0.0254)
2026-04-16 01:21:23,642 INFO     [IK] pose_to_joints 'L1_INTER' depth_offset=0.0254 → joints=[-0.3195 -0.4713 -0.3649 -2.6122 -0.196   2.1589  0.2475]
2026-04-16 01:21:23,655 INFO     [IK] pose_to_joints 'LABEL_ZONE_1' depth_offset=0.1254 → joints=[-0.2312  1.058  -0.1777 -0.8955  0.1661  1.942   0.4056]
2026-04-16 01:21:23,669 INFO     [IK] pose_to_joints 'LABEL_ZONE_1' depth_offset=0.0154 → joints=[-0.2433  1.2551 -0.164  -0.8185  0.1771  2.063   0.4064]
2026-04-16 01:21:23,669 INFO     [RetrieveFromZone] A pre_pick=[-0.2312  1.058  -0.1777 -0.8955  0.1661  1.942   0.4056] pick=[-0.2433  1.2551 -0.164  -0.8185  0.1771  2.063   0.4064]
2026-04-16 01:21:28,423 INFO     [Service] /orio/lbl_cup/on → success=True msg='Labelling Cup ON command sent'
2026-04-16 01:21:31,843 INFO     [IK] pose_to_joints 'LABELLING_SAFE' depth_offset=0.0000 → joints=[-0.065  -1.2718  0.0356 -2.707   0.0343  1.4354  0.7355]
2026-04-16 01:21:32,716 INFO     [Service] /orio/pnp_cup/on → success=True msg='PnP Cup ON command sent'
2026-04-16 01:21:33,716 INFO     [RetrieveFromZone] Retracting to pre-pick height
2026-04-16 01:21:35,348 INFO     [GetLabel] Exiting: succeeded
2026-04-16 01:21:35,351 INFO     [ApplyLabel] Entering state (zones: {'A': 'READY_FOR_PICKUP', 'B': 'EMPTY'}  busy: {'A': True, 'B': False})
2026-04-16 01:21:35,352 DEBUG    [ApplyLabel] No zone needs label → wait
2026-04-16 01:21:35,854 INFO     [ApplyLabel] Entering state (zones: {'A': 'READY_FOR_PICKUP', 'B': 'EMPTY'}  busy: {'A': True, 'B': False})
2026-04-16 01:21:35,854 DEBUG    [ApplyLabel] No zone needs label → wait
2026-04-16 01:21:36,356 INFO     [ApplyLabel] Entering state (zones: {'A': 'READY_FOR_PICKUP', 'B': 'EMPTY'}  busy: {'A': True, 'B': False})
2026-04-16 01:21:36,356 DEBUG    [ApplyLabel] No zone needs label → wait
2026-04-16 01:21:36,859 INFO     [ApplyLabel] Entering state (zones: {'A': 'READY_FOR_PICKUP', 'B': 'EMPTY'}  busy: {'A': True, 'B': False})
2026-04-16 01:21:36,859 DEBUG    [ApplyLabel] No zone needs label → wait
2026-04-16 01:21:37,363 INFO     [ApplyLabel] Entering state (zones: {'A': 'READY_FOR_PICKUP', 'B': 'EMPTY'}  busy: {'A': True, 'B': False})
2026-04-16 01:21:37,363 DEBUG    [ApplyLabel] No zone needs label → wait
2026-04-16 01:21:37,866 INFO     [ApplyLabel] Entering state (zones: {'A': 'READY_FOR_PICKUP', 'B': 'EMPTY'}  busy: {'A': True, 'B': False})
2026-04-16 01:21:37,866 DEBUG    [ApplyLabel] No zone needs label → wait
2026-04-16 01:21:38,369 INFO     [ApplyLabel] Entering state (zones: {'A': 'READY_FOR_PICKUP', 'B': 'EMPTY'}  busy: {'A': True, 'B': False})
2026-04-16 01:21:38,369 DEBUG    [ApplyLabel] No zone needs label → wait
2026-04-16 01:21:38,873 INFO     [ApplyLabel] Entering state (zones: {'A': 'READY_FOR_PICKUP', 'B': 'EMPTY'}  busy: {'A': True, 'B': False})
2026-04-16 01:21:38,874 DEBUG    [ApplyLabel] No zone needs label → wait
2026-04-16 01:21:38,948 INFO     [ZoneManager] Zone A: READY_FOR_PICKUP → EMPTY
2026-04-16 01:21:38,948 INFO     [RetrieveFromZone] Exiting: picked (zone A)
2026-04-16 01:21:38,950 INFO     [PlaceOutput] Entering state (retrieved_depth=0.0254)
2026-04-16 01:21:39,062 INFO     [IK] pose_to_joints 'OUTPUT2' depth_offset=0.1754 → joints=[ 1.2352e+00  1.0619e+00  3.0000e-04 -4.6700e-01 -3.0000e-04  1.5314e+00
  2.0207e+00]
2026-04-16 01:21:39,073 INFO     [IK] pose_to_joints 'L2_INTER' depth_offset=0.0254 → joints=[ 0.0796 -0.5291  0.5936 -2.6044  0.3388  2.1265  1.2086]
2026-04-16 01:21:39,075 INFO     [PlaceOutput] drop_joints: [ 1.2352e+00  1.0619e+00  3.0000e-04 -4.6700e-01 -3.0000e-04  1.5314e+00
  2.0207e+00]
2026-04-16 01:21:39,376 INFO     [ApplyLabel] Entering state (zones: {'A': 'EMPTY', 'B': 'EMPTY'}  busy: {'A': False, 'B': False})
2026-04-16 01:21:39,377 DEBUG    [ApplyLabel] No zone needs label → wait
2026-04-16 01:21:39,883 INFO     [ApplyLabel] Entering state (zones: {'A': 'EMPTY', 'B': 'EMPTY'}  busy: {'A': False, 'B': False})
2026-04-16 01:21:39,883 DEBUG    [ApplyLabel] No zone needs label → wait
2026-04-16 01:21:40,386 INFO     [ApplyLabel] Entering state (zones: {'A': 'EMPTY', 'B': 'EMPTY'}  busy: {'A': False, 'B': False})
2026-04-16 01:21:40,386 DEBUG    [ApplyLabel] No zone needs label → wait
2026-04-16 01:21:40,888 INFO     [ApplyLabel] Entering state (zones: {'A': 'EMPTY', 'B': 'EMPTY'}  busy: {'A': False, 'B': False})
2026-04-16 01:21:40,888 DEBUG    [ApplyLabel] No zone needs label → wait
2026-04-16 01:21:41,390 INFO     [ApplyLabel] Entering state (zones: {'A': 'EMPTY', 'B': 'EMPTY'}  busy: {'A': False, 'B': False})
2026-04-16 01:21:41,390 DEBUG    [ApplyLabel] No zone needs label → wait
2026-04-16 01:21:41,892 INFO     [ApplyLabel] Entering state (zones: {'A': 'EMPTY', 'B': 'EMPTY'}  busy: {'A': False, 'B': False})
2026-04-16 01:21:41,893 DEBUG    [ApplyLabel] No zone needs label → wait
2026-04-16 01:21:42,395 INFO     [ApplyLabel] Entering state (zones: {'A': 'EMPTY', 'B': 'EMPTY'}  busy: {'A': False, 'B': False})
2026-04-16 01:21:42,395 DEBUG    [ApplyLabel] No zone needs label → wait
2026-04-16 01:21:42,898 INFO     [ApplyLabel] Entering state (zones: {'A': 'EMPTY', 'B': 'EMPTY'}  busy: {'A': False, 'B': False})
2026-04-16 01:21:42,899 DEBUG    [ApplyLabel] No zone needs label → wait
2026-04-16 01:21:43,401 INFO     [ApplyLabel] Entering state (zones: {'A': 'EMPTY', 'B': 'EMPTY'}  busy: {'A': False, 'B': False})
2026-04-16 01:21:43,401 DEBUG    [ApplyLabel] No zone needs label → wait
2026-04-16 01:21:43,903 INFO     [ApplyLabel] Entering state (zones: {'A': 'EMPTY', 'B': 'EMPTY'}  busy: {'A': False, 'B': False})
2026-04-16 01:21:43,903 DEBUG    [ApplyLabel] No zone needs label → wait
2026-04-16 01:21:44,405 INFO     [ApplyLabel] Entering state (zones: {'A': 'EMPTY', 'B': 'EMPTY'}  busy: {'A': False, 'B': False})
2026-04-16 01:21:44,406 DEBUG    [ApplyLabel] No zone needs label → wait
2026-04-16 01:21:44,908 INFO     [ApplyLabel] Entering state (zones: {'A': 'EMPTY', 'B': 'EMPTY'}  busy: {'A': False, 'B': False})
2026-04-16 01:21:44,908 DEBUG    [ApplyLabel] No zone needs label → wait
2026-04-16 01:21:45,410 INFO     [ApplyLabel] Entering state (zones: {'A': 'EMPTY', 'B': 'EMPTY'}  busy: {'A': False, 'B': False})
2026-04-16 01:21:45,410 DEBUG    [ApplyLabel] No zone needs label → wait
2026-04-16 01:21:45,675 INFO     [Service] /orio/pnp_cup/off → success=True msg='PnP Cup OFF command sent'
2026-04-16 01:21:45,914 INFO     [ApplyLabel] Entering state (zones: {'A': 'EMPTY', 'B': 'EMPTY'}  busy: {'A': False, 'B': False})
2026-04-16 01:21:45,915 DEBUG    [ApplyLabel] No zone needs label → wait
2026-04-16 01:21:46,417 INFO     [ApplyLabel] Entering state (zones: {'A': 'EMPTY', 'B': 'EMPTY'}  busy: {'A': False, 'B': False})
2026-04-16 01:21:46,417 DEBUG    [ApplyLabel] No zone needs label → wait
2026-04-16 01:21:46,920 INFO     [ApplyLabel] Entering state (zones: {'A': 'EMPTY', 'B': 'EMPTY'}  busy: {'A': False, 'B': False})
2026-04-16 01:21:46,920 DEBUG    [ApplyLabel] No zone needs label → wait
2026-04-16 01:21:47,424 INFO     [ApplyLabel] Entering state (zones: {'A': 'EMPTY', 'B': 'EMPTY'}  busy: {'A': False, 'B': False})
2026-04-16 01:21:47,424 DEBUG    [ApplyLabel] No zone needs label → wait
2026-04-16 01:21:47,925 INFO     [ApplyLabel] Entering state (zones: {'A': 'EMPTY', 'B': 'EMPTY'}  busy: {'A': False, 'B': False})
2026-04-16 01:21:47,926 DEBUG    [ApplyLabel] No zone needs label → wait
2026-04-16 01:21:48,428 INFO     [ApplyLabel] Entering state (zones: {'A': 'EMPTY', 'B': 'EMPTY'}  busy: {'A': False, 'B': False})
2026-04-16 01:21:48,428 DEBUG    [ApplyLabel] No zone needs label → wait
2026-04-16 01:21:48,930 INFO     [ApplyLabel] Entering state (zones: {'A': 'EMPTY', 'B': 'EMPTY'}  busy: {'A': False, 'B': False})
2026-04-16 01:21:48,930 DEBUG    [ApplyLabel] No zone needs label → wait
2026-04-16 01:21:49,434 INFO     [ApplyLabel] Entering state (zones: {'A': 'EMPTY', 'B': 'EMPTY'}  busy: {'A': False, 'B': False})
2026-04-16 01:21:49,434 DEBUG    [ApplyLabel] No zone needs label → wait
2026-04-16 01:21:49,937 INFO     [ApplyLabel] Entering state (zones: {'A': 'EMPTY', 'B': 'EMPTY'}  busy: {'A': False, 'B': False})
2026-04-16 01:21:49,938 DEBUG    [ApplyLabel] No zone needs label → wait
2026-04-16 01:21:50,435 INFO     [PlaceOutput] Exiting: succeeded (total items placed: 6)
2026-04-16 01:21:50,437 DEBUG    [TaskSelector] Evaluating zone states: {'A': 'EMPTY', 'B': 'EMPTY'}  busy: {'A': False, 'B': False}
2026-04-16 01:21:50,437 INFO     [TaskSelector] → do_load (zone A empty)
2026-04-16 01:21:50,440 INFO     [FetchInput] Entering state
2026-04-16 01:21:50,441 INFO     [ApplyLabel] Entering state (zones: {'A': 'EMPTY', 'B': 'EMPTY'}  busy: {'A': False, 'B': False})
2026-04-16 01:21:50,442 DEBUG    [ApplyLabel] No zone needs label → wait
2026-04-16 01:21:50,947 INFO     [ApplyLabel] Entering state (zones: {'A': 'EMPTY', 'B': 'EMPTY'}  busy: {'A': False, 'B': False})
2026-04-16 01:21:50,947 DEBUG    [ApplyLabel] No zone needs label → wait
2026-04-16 01:21:51,147 INFO     [Service] /compute_grasps → success=True msg='Published 1 PnP poses.'
2026-04-16 01:21:51,148 INFO     [FetchInput] Grasp pose received: x=0.0327 y=-0.5964 z=0.0205
2026-04-16 01:21:51,148 INFO     [IK] compute_pick_joints called — task_pos=[ 0.0327 -0.5964  0.0205] label_zone=None max_attempts=10 check_collisions=False arm_number=None
2026-04-16 01:21:51,169 INFO     [IK] Arm? compute_pick_joints attempt 1/10 OK — target=([ 0.0327 -0.5964  0.0205]) pre=[-0.7646  0.5611 -0.7857 -2.0158  0.5585  2.3517 -1.0966] final=[-0.9838  0.7096 -0.5211 -1.9844  0.6066  2.5363 -1.1276] (FK err pre=0.0000 m final=0.0000 m)
2026-04-16 01:21:51,170 INFO     [FetchInput] IK pre_joints:   [-0.7646  0.5611 -0.7857 -2.0158  0.5585  2.3517 -1.0966]
2026-04-16 01:21:51,170 INFO     [FetchInput] IK final_joints: [-0.9838  0.7096 -0.5211 -1.9844  0.6066  2.5363 -1.1276]
2026-04-16 01:21:51,170 INFO     [FetchInput] Moving to pre-pick
2026-04-16 01:21:51,451 INFO     [ApplyLabel] Entering state (zones: {'A': 'EMPTY', 'B': 'EMPTY'}  busy: {'A': False, 'B': False})
2026-04-16 01:21:51,451 DEBUG    [ApplyLabel] No zone needs label → wait
2026-04-16 01:21:51,954 INFO     [ApplyLabel] Entering state (zones: {'A': 'EMPTY', 'B': 'EMPTY'}  busy: {'A': False, 'B': False})
2026-04-16 01:21:51,955 DEBUG    [ApplyLabel] No zone needs label → wait
2026-04-16 01:21:52,459 INFO     [ApplyLabel] Entering state (zones: {'A': 'EMPTY', 'B': 'EMPTY'}  busy: {'A': False, 'B': False})
2026-04-16 01:21:52,459 DEBUG    [ApplyLabel] No zone needs label → wait
2026-04-16 01:21:52,961 INFO     [ApplyLabel] Entering state (zones: {'A': 'EMPTY', 'B': 'EMPTY'}  busy: {'A': False, 'B': False})
2026-04-16 01:21:52,961 DEBUG    [ApplyLabel] No zone needs label → wait
2026-04-16 01:21:53,464 INFO     [ApplyLabel] Entering state (zones: {'A': 'EMPTY', 'B': 'EMPTY'}  busy: {'A': False, 'B': False})
2026-04-16 01:21:53,464 DEBUG    [ApplyLabel] No zone needs label → wait
2026-04-16 01:21:53,967 INFO     [ApplyLabel] Entering state (zones: {'A': 'EMPTY', 'B': 'EMPTY'}  busy: {'A': False, 'B': False})
2026-04-16 01:21:53,967 DEBUG    [ApplyLabel] No zone needs label → wait
2026-04-16 01:21:54,469 INFO     [ApplyLabel] Entering state (zones: {'A': 'EMPTY', 'B': 'EMPTY'}  busy: {'A': False, 'B': False})
2026-04-16 01:21:54,469 DEBUG    [ApplyLabel] No zone needs label → wait
2026-04-16 01:21:54,606 INFO     [FetchInput] Descending to pick
2026-04-16 01:21:54,971 INFO     [ApplyLabel] Entering state (zones: {'A': 'EMPTY', 'B': 'EMPTY'}  busy: {'A': False, 'B': False})
2026-04-16 01:21:54,971 DEBUG    [ApplyLabel] No zone needs label → wait
2026-04-16 01:21:55,475 INFO     [ApplyLabel] Entering state (zones: {'A': 'EMPTY', 'B': 'EMPTY'}  busy: {'A': False, 'B': False})
2026-04-16 01:21:55,475 DEBUG    [ApplyLabel] No zone needs label → wait
2026-04-16 01:21:55,977 INFO     [ApplyLabel] Entering state (zones: {'A': 'EMPTY', 'B': 'EMPTY'}  busy: {'A': False, 'B': False})
2026-04-16 01:21:55,978 DEBUG    [ApplyLabel] No zone needs label → wait
2026-04-16 01:21:56,479 INFO     [ApplyLabel] Entering state (zones: {'A': 'EMPTY', 'B': 'EMPTY'}  busy: {'A': False, 'B': False})
2026-04-16 01:21:56,480 DEBUG    [ApplyLabel] No zone needs label → wait
2026-04-16 01:21:56,817 INFO     [Service] /orio/pnp_cup/on → success=True msg='PnP Cup ON command sent'
2026-04-16 01:21:56,982 INFO     [ApplyLabel] Entering state (zones: {'A': 'EMPTY', 'B': 'EMPTY'}  busy: {'A': False, 'B': False})
2026-04-16 01:21:56,983 DEBUG    [ApplyLabel] No zone needs label → wait
2026-04-16 01:21:57,486 INFO     [ApplyLabel] Entering state (zones: {'A': 'EMPTY', 'B': 'EMPTY'}  busy: {'A': False, 'B': False})
2026-04-16 01:21:57,486 DEBUG    [ApplyLabel] No zone needs label → wait
2026-04-16 01:21:57,818 INFO     [FetchInput] Retracting to pre-pick height
2026-04-16 01:21:57,988 INFO     [ApplyLabel] Entering state (zones: {'A': 'EMPTY', 'B': 'EMPTY'}  busy: {'A': False, 'B': False})
2026-04-16 01:21:57,988 DEBUG    [ApplyLabel] No zone needs label → wait
2026-04-16 01:21:58,491 INFO     [ApplyLabel] Entering state (zones: {'A': 'EMPTY', 'B': 'EMPTY'}  busy: {'A': False, 'B': False})
2026-04-16 01:21:58,491 DEBUG    [ApplyLabel] No zone needs label → wait
2026-04-16 01:21:58,994 INFO     [ApplyLabel] Entering state (zones: {'A': 'EMPTY', 'B': 'EMPTY'}  busy: {'A': False, 'B': False})
2026-04-16 01:21:58,994 DEBUG    [ApplyLabel] No zone needs label → wait
2026-04-16 01:21:59,499 INFO     [ApplyLabel] Entering state (zones: {'A': 'EMPTY', 'B': 'EMPTY'}  busy: {'A': False, 'B': False})
2026-04-16 01:21:59,500 DEBUG    [ApplyLabel] No zone needs label → wait
2026-04-16 01:22:00,001 INFO     [ApplyLabel] Entering state (zones: {'A': 'EMPTY', 'B': 'EMPTY'}  busy: {'A': False, 'B': False})
2026-04-16 01:22:00,001 DEBUG    [ApplyLabel] No zone needs label → wait
2026-04-16 01:22:00,327 INFO     [FetchInput] Exiting: succeeded (item_depth=0.0205)
2026-04-16 01:22:00,329 INFO     [DropToZone] Entering state (item_depth=0.0205)
2026-04-16 01:22:00,329 INFO     [DropToZone] Targeting zone A
2026-04-16 01:22:00,337 INFO     [IK] pose_to_joints 'L1_INTER' depth_offset=0.0205 → joints=[-0.3196 -0.464  -0.3671 -2.6199 -0.1963  2.1739  0.2469]
2026-04-16 01:22:00,347 INFO     [IK] pose_to_joints 'LABEL_ZONE_1' depth_offset=0.0305 → joints=[-0.24    1.2196 -0.1665 -0.8453  0.1766  2.0538  0.4049]
2026-04-16 01:22:00,348 INFO     [DropToZone] place_joints for LABEL_ZONE_1: [-0.24    1.2196 -0.1665 -0.8453  0.1766  2.0538  0.4049]
2026-04-16 01:22:00,503 INFO     [ApplyLabel] Entering state (zones: {'A': 'EMPTY', 'B': 'EMPTY'}  busy: {'A': True, 'B': False})
2026-04-16 01:22:00,504 DEBUG    [ApplyLabel] No zone needs label → wait
2026-04-16 01:22:01,005 INFO     [ApplyLabel] Entering state (zones: {'A': 'EMPTY', 'B': 'EMPTY'}  busy: {'A': True, 'B': False})
2026-04-16 01:22:01,005 DEBUG    [ApplyLabel] No zone needs label → wait
2026-04-16 01:22:01,509 INFO     [ApplyLabel] Entering state (zones: {'A': 'EMPTY', 'B': 'EMPTY'}  busy: {'A': True, 'B': False})
2026-04-16 01:22:01,509 DEBUG    [ApplyLabel] No zone needs label → wait
2026-04-16 01:22:02,011 INFO     [ApplyLabel] Entering state (zones: {'A': 'EMPTY', 'B': 'EMPTY'}  busy: {'A': True, 'B': False})
2026-04-16 01:22:02,011 DEBUG    [ApplyLabel] No zone needs label → wait
2026-04-16 01:22:02,513 INFO     [ApplyLabel] Entering state (zones: {'A': 'EMPTY', 'B': 'EMPTY'}  busy: {'A': True, 'B': False})
2026-04-16 01:22:02,514 DEBUG    [ApplyLabel] No zone needs label → wait
2026-04-16 01:22:03,018 INFO     [ApplyLabel] Entering state (zones: {'A': 'EMPTY', 'B': 'EMPTY'}  busy: {'A': True, 'B': False})
2026-04-16 01:22:03,018 DEBUG    [ApplyLabel] No zone needs label → wait
2026-04-16 01:22:03,520 INFO     [ApplyLabel] Entering state (zones: {'A': 'EMPTY', 'B': 'EMPTY'}  busy: {'A': True, 'B': False})
2026-04-16 01:22:03,521 DEBUG    [ApplyLabel] No zone needs label → wait
2026-04-16 01:22:04,026 INFO     [ApplyLabel] Entering state (zones: {'A': 'EMPTY', 'B': 'EMPTY'}  busy: {'A': True, 'B': False})
2026-04-16 01:22:04,026 DEBUG    [ApplyLabel] No zone needs label → wait
2026-04-16 01:22:04,530 INFO     [ApplyLabel] Entering state (zones: {'A': 'EMPTY', 'B': 'EMPTY'}  busy: {'A': True, 'B': False})
2026-04-16 01:22:04,531 DEBUG    [ApplyLabel] No zone needs label → wait
2026-04-16 01:22:05,036 INFO     [ApplyLabel] Entering state (zones: {'A': 'EMPTY', 'B': 'EMPTY'}  busy: {'A': True, 'B': False})
2026-04-16 01:22:05,036 DEBUG    [ApplyLabel] No zone needs label → wait
2026-04-16 01:22:05,541 INFO     [ApplyLabel] Entering state (zones: {'A': 'EMPTY', 'B': 'EMPTY'}  busy: {'A': True, 'B': False})
2026-04-16 01:22:05,541 DEBUG    [ApplyLabel] No zone needs label → wait
2026-04-16 01:22:06,043 INFO     [ApplyLabel] Entering state (zones: {'A': 'EMPTY', 'B': 'EMPTY'}  busy: {'A': True, 'B': False})
2026-04-16 01:22:06,043 DEBUG    [ApplyLabel] No zone needs label → wait
2026-04-16 01:22:06,545 INFO     [ApplyLabel] Entering state (zones: {'A': 'EMPTY', 'B': 'EMPTY'}  busy: {'A': True, 'B': False})
2026-04-16 01:22:06,545 DEBUG    [ApplyLabel] No zone needs label → wait
2026-04-16 01:22:07,048 INFO     [ApplyLabel] Entering state (zones: {'A': 'EMPTY', 'B': 'EMPTY'}  busy: {'A': True, 'B': False})
2026-04-16 01:22:07,049 DEBUG    [ApplyLabel] No zone needs label → wait
2026-04-16 01:22:07,253 INFO     [Service] /orio/pnp_cup/off → success=True msg='PnP Cup OFF command sent'
2026-04-16 01:22:07,552 INFO     [ApplyLabel] Entering state (zones: {'A': 'EMPTY', 'B': 'EMPTY'}  busy: {'A': True, 'B': False})
2026-04-16 01:22:07,552 DEBUG    [ApplyLabel] No zone needs label → wait
2026-04-16 01:22:08,054 INFO     [ApplyLabel] Entering state (zones: {'A': 'EMPTY', 'B': 'EMPTY'}  busy: {'A': True, 'B': False})
2026-04-16 01:22:08,054 DEBUG    [ApplyLabel] No zone needs label → wait
2026-04-16 01:22:08,556 INFO     [ApplyLabel] Entering state (zones: {'A': 'EMPTY', 'B': 'EMPTY'}  busy: {'A': True, 'B': False})
2026-04-16 01:22:08,557 DEBUG    [ApplyLabel] No zone needs label → wait
2026-04-16 01:22:09,060 INFO     [ApplyLabel] Entering state (zones: {'A': 'EMPTY', 'B': 'EMPTY'}  busy: {'A': True, 'B': False})
2026-04-16 01:22:09,060 DEBUG    [ApplyLabel] No zone needs label → wait
2026-04-16 01:22:09,564 INFO     [ApplyLabel] Entering state (zones: {'A': 'EMPTY', 'B': 'EMPTY'}  busy: {'A': True, 'B': False})
2026-04-16 01:22:09,565 DEBUG    [ApplyLabel] No zone needs label → wait
2026-04-16 01:22:10,067 INFO     [ApplyLabel] Entering state (zones: {'A': 'EMPTY', 'B': 'EMPTY'}  busy: {'A': True, 'B': False})
2026-04-16 01:22:10,067 DEBUG    [ApplyLabel] No zone needs label → wait
2026-04-16 01:22:10,570 INFO     [ApplyLabel] Entering state (zones: {'A': 'EMPTY', 'B': 'EMPTY'}  busy: {'A': True, 'B': False})
2026-04-16 01:22:10,570 DEBUG    [ApplyLabel] No zone needs label → wait
2026-04-16 01:22:11,029 INFO     [ZoneManager] Zone A: EMPTY → NEEDS_LABEL
2026-04-16 01:22:11,030 INFO     [DropToZone] Exiting: dropped (zone A)
2026-04-16 01:22:11,034 DEBUG    [TaskSelector] Evaluating zone states: {'A': 'NEEDS_LABEL', 'B': 'EMPTY'}  busy: {'A': False, 'B': False}
2026-04-16 01:22:11,034 INFO     [TaskSelector] → do_load (zone B empty)
2026-04-16 01:22:11,036 INFO     [FetchInput] Entering state
2026-04-16 01:22:11,073 INFO     [ApplyLabel] Entering state (zones: {'A': 'NEEDS_LABEL', 'B': 'EMPTY'}  busy: {'A': False, 'B': False})
2026-04-16 01:22:11,074 INFO     [ApplyLabel] Applying label to zone A (zone_number=1, depth=0.0205)
2026-04-16 01:22:11,074 INFO     [compute_label_joints] Requesting label pose for zone 1, item_depth=0.0205
2026-04-16 01:22:11,480 INFO     [Service] /compute_grasps → success=False msg='GroundingDINO found 0 objects.'
2026-04-16 01:22:11,481 ERROR    [FETCH_INPUT] Unhandled exception: /compute_grasps service failed
2026-04-16 01:22:11,483 WARNING  [ARM1 Recovery] Pausing ARM1 — showing GUI (ARM2 continues)
2026-04-16 01:22:11,560 INFO     [Service] /compute_grasps_labelling → success=False msg='GroundingDINO found 0 objects.'
2026-04-16 01:22:11,560 ERROR    [APPLY_LABEL] Unhandled exception: Service /compute_grasps_labelling failed
2026-04-16 01:22:11,563 WARNING  [ARM2 Recovery] Pausing ARM2 — showing GUI (ARM1 continues)
2026-04-16 01:22:30,490 INFO     [Recovery] Zones updated: {'A': 'NEEDS_LABEL', 'B': 'EMPTY'}  busy: {'A': False, 'B': False}
2026-04-16 01:22:30,500 INFO     [ARM1 Recovery] choice=DECIDE_HUB
2026-04-16 01:22:30,585 INFO     [ARM1 Recovery] resuming
2026-04-16 01:22:39,828 INFO     [Recovery] Zones updated: {'A': 'NEEDS_LABEL', 'B': 'EMPTY'}  busy: {'A': False, 'B': False}
2026-04-16 01:22:39,842 INFO     [ARM2 Recovery] choice=APPLY
2026-04-16 01:22:39,842 INFO     [ARM2 Recovery] resuming
2026-04-16 01:22:39,845 INFO     [ApplyLabel] Entering state (zones: {'A': 'NEEDS_LABEL', 'B': 'EMPTY'}  busy: {'A': False, 'B': False})
2026-04-16 01:22:39,845 INFO     [ApplyLabel] Applying label to zone A (zone_number=1, depth=0.0205)
2026-04-16 01:22:39,845 INFO     [compute_label_joints] Requesting label pose for zone 1, item_depth=0.0205
2026-04-16 01:22:39,998 DEBUG    [TaskSelector] Evaluating zone states: {'A': 'NEEDS_LABEL', 'B': 'EMPTY'}  busy: {'A': True, 'B': False}
2026-04-16 01:22:39,998 INFO     [TaskSelector] → do_load (zone B empty)
2026-04-16 01:22:40,000 INFO     [FetchInput] Entering state
2026-04-16 01:22:41,127 INFO     [Service] /compute_grasps → success=True msg='Published 1 PnP poses.'
2026-04-16 01:22:41,127 INFO     [FetchInput] Grasp pose received: x=0.0072 y=-0.3801 z=0.0069
2026-04-16 01:22:41,128 INFO     [IK] compute_pick_joints called — task_pos=[ 0.0072 -0.3801  0.0069] label_zone=None max_attempts=10 check_collisions=False arm_number=None
2026-04-16 01:22:41,164 INFO     [IK] Arm? compute_pick_joints attempt 1/10 OK — target=([ 0.0072 -0.3801  0.0069]) pre=[-0.2221 -0.3156 -1.4646 -2.7532 -0.6689  2.6206 -0.2949] final=[ 0.7269 -0.4319 -2.5041 -2.6459 -1.0709  2.8538  0.0159] (FK err pre=0.0000 m final=0.0000 m)
2026-04-16 01:22:41,165 INFO     [FetchInput] IK pre_joints:   [-0.2221 -0.3156 -1.4646 -2.7532 -0.6689  2.6206 -0.2949]
2026-04-16 01:22:41,166 INFO     [FetchInput] IK final_joints: [ 0.7269 -0.4319 -2.5041 -2.6459 -1.0709  2.8538  0.0159]
2026-04-16 01:22:41,166 INFO     [FetchInput] Moving to pre-pick
2026-04-16 01:22:41,836 INFO     [Service] /compute_grasps_labelling → success=True msg='Zone1=OK, Zone2=FAIL'
2026-04-16 01:22:41,838 INFO     item_depth=0.0205  X=-0.2215 Y=0.0530 Z=0.9795  pos(world)=[0.407  0.2405 0.0005]  task_pos=[0.407  0.2405 0.0205]  task_ori=[0.6965 0.7175 0.     0.    ]
2026-04-16 01:22:41,840 INFO     [compute_label_joints] Zone 1 received pose: x=0.4070 y=0.2405 z=0.0205  RPY r=180.00 p=0.00 y=91.70 deg
2026-04-16 01:22:41,840 INFO     [IK] compute_pick_joints called — task_pos=[0.407  0.2405 0.0205] label_zone=1 max_attempts=10 check_collisions=True arm_number=2
2026-04-16 01:22:41,879 INFO     [IK] Arm2 compute_pick_joints attempt 1/10 OK — target=([0.407  0.2405 0.0205]) pre=[ 0.2578  0.1196  0.2688 -2.4921 -0.0622  2.6066 -0.2368] final=[ 0.5154  0.391   0.0148 -2.4631 -0.0199  2.8539 -0.2669] (FK err pre=0.0000 m final=0.0000 m)
2026-04-16 01:22:41,880 INFO     [ApplyLabel] IK pre_joints=[ 0.2578  0.1196  0.2688 -2.4921 -0.0622  2.6066 -0.2368]  final_joints=[ 0.5154  0.391   0.0148 -2.4631 -0.0199  2.8539 -0.2669]
2026-04-16 01:22:41,881 INFO     [ApplyLabel] Registering label — item='Dummy1' expiry='2028-01-01'
2026-04-16 01:22:44,603 INFO     [FetchInput] Descending to pick
2026-04-16 01:22:46,814 INFO     [RFID] Registered label — item='Dummy1' expiry='2028-01-01' msg='Item added successfully.'
2026-04-16 01:22:47,083 INFO     [Service] /orio/pnp_cup/on → success=True msg='PnP Cup ON command sent'
2026-04-16 01:22:48,084 INFO     [FetchInput] Retracting to pre-pick height
2026-04-16 01:22:53,329 ERROR    [FETCH_INPUT] Unhandled exception: PNP vacuum failed to pick up item (expected=True, actual=False)
2026-04-16 01:22:53,336 WARNING  [ARM1 Recovery] Pausing ARM1 — showing GUI (ARM2 continues)
2026-04-16 01:22:57,035 INFO     [Service] /orio/lbl_cup/off → success=True msg='Labelling Cup OFF command sent'
2026-04-16 01:23:00,429 INFO     [IK] pose_to_joints 'LABELLING_SAFE' depth_offset=0.0000 → joints=[-0.065  -1.2718  0.0356 -2.707   0.0343  1.4354  0.7355]
2026-04-16 01:23:04,175 INFO     [ZoneManager] Zone A: NEEDS_LABEL → READY_FOR_PICKUP
2026-04-16 01:23:04,176 INFO     [ApplyLabel] Exiting: labeled (zone A)
2026-04-16 01:23:04,179 INFO     [GetLabel] Entering state
2026-04-16 01:23:14,205 INFO     [Recovery] Zones updated: {'A': 'NEEDS_LABEL', 'B': 'EMPTY'}  busy: {'A': False, 'B': False}
2026-04-16 01:23:14,209 INFO     [ARM1 Recovery] choice=DECIDE_HUB
2026-04-16 01:23:14,210 INFO     [ARM1 Recovery] resuming
2026-04-16 01:23:14,213 DEBUG    [TaskSelector] Evaluating zone states: {'A': 'NEEDS_LABEL', 'B': 'EMPTY'}  busy: {'A': False, 'B': False}
2026-04-16 01:23:14,214 INFO     [TaskSelector] → do_load (zone B empty)
2026-04-16 01:23:14,216 INFO     [FetchInput] Entering state
2026-04-16 01:23:14,405 INFO     [Service] /orio/lbl_cup/on → success=True msg='Labelling Cup ON command sent'
2026-04-16 01:23:14,957 INFO     [Service] /compute_grasps → success=True msg='Published 1 PnP poses.'
2026-04-16 01:23:14,958 INFO     [FetchInput] Grasp pose received: x=0.3606 y=-0.3013 z=0.0781
2026-04-16 01:23:14,958 INFO     [IK] compute_pick_joints called — task_pos=[ 0.3606 -0.3013  0.0781] label_zone=None max_attempts=10 check_collisions=False arm_number=None
2026-04-16 01:23:14,988 INFO     [IK] Arm? compute_pick_joints attempt 1/10 OK — target=([ 0.3606 -0.3013  0.0781]) pre=[-0.2932 -0.0274 -0.4037 -2.4795 -0.017   2.4542  0.1018] final=[-0.2992  0.2386 -0.3667 -2.496   0.2047  2.7114 -0.0575] (FK err pre=0.0000 m final=0.0000 m)
2026-04-16 01:23:14,989 INFO     [FetchInput] IK pre_joints:   [-0.2932 -0.0274 -0.4037 -2.4795 -0.017   2.4542  0.1018]
2026-04-16 01:23:14,990 INFO     [FetchInput] IK final_joints: [-0.2992  0.2386 -0.3667 -2.496   0.2047  2.7114 -0.0575]
2026-04-16 01:23:14,990 INFO     [FetchInput] Moving to pre-pick
2026-04-16 01:23:17,833 INFO     [IK] pose_to_joints 'LABELLING_SAFE' depth_offset=0.0000 → joints=[-0.065  -1.2718  0.0356 -2.707   0.0343  1.4354  0.7355]
2026-04-16 01:23:18,202 INFO     [FetchInput] Descending to pick
2026-04-16 01:23:20,589 INFO     [Service] /orio/pnp_cup/on → success=True msg='PnP Cup ON command sent'
2026-04-16 01:23:21,342 INFO     [GetLabel] Exiting: succeeded
2026-04-16 01:23:21,345 INFO     [ApplyLabel] Entering state (zones: {'A': 'NEEDS_LABEL', 'B': 'EMPTY'}  busy: {'A': False, 'B': False})
2026-04-16 01:23:21,345 INFO     [ApplyLabel] Applying label to zone A (zone_number=1, depth=0.0205)
2026-04-16 01:23:21,345 INFO     [compute_label_joints] Requesting label pose for zone 1, item_depth=0.0205
2026-04-16 01:23:21,590 INFO     [FetchInput] Retracting to pre-pick height
2026-04-16 01:23:23,080 INFO     [Service] /compute_grasps_labelling → success=True msg='Zone1=OK, Zone2=FAIL'
2026-04-16 01:23:23,081 INFO     item_depth=0.0205  X=-0.2208 Y=0.0530 Z=0.9795  pos(world)=[0.407  0.2398 0.0005]  task_pos=[0.407  0.2398 0.0205]  task_ori=[0.6946 0.7193 0.     0.    ]
2026-04-16 01:23:23,084 INFO     [compute_label_joints] Zone 1 received pose: x=0.4070 y=0.2398 z=0.0205  RPY r=180.00 p=0.00 y=92.00 deg
2026-04-16 01:23:23,085 INFO     [IK] compute_pick_joints called — task_pos=[0.407  0.2398 0.0205] label_zone=1 max_attempts=10 check_collisions=True arm_number=2
2026-04-16 01:23:23,126 INFO     [IK] Arm2 compute_pick_joints attempt 1/10 OK — target=([0.407  0.2398 0.0205]) pre=[ 0.2574  0.1188  0.2681 -2.4932 -0.0616  2.607  -0.2436] final=[ 0.5149  0.3904  0.0143 -2.4641 -0.0192  2.8545 -0.2738] (FK err pre=0.0000 m final=0.0000 m)
2026-04-16 01:23:23,127 INFO     [ApplyLabel] IK pre_joints=[ 0.2574  0.1188  0.2681 -2.4932 -0.0616  2.607  -0.2436]  final_joints=[ 0.5149  0.3904  0.0143 -2.4641 -0.0192  2.8545 -0.2738]
2026-04-16 01:23:23,127 INFO     [ApplyLabel] Registering label — item='Dummy1' expiry='2028-01-01'
2026-04-16 01:23:24,342 INFO     [FetchInput] Exiting: succeeded (item_depth=0.0781)
2026-04-16 01:23:24,343 INFO     [DropToZone] Entering state (item_depth=0.0781)
2026-04-16 01:23:24,343 INFO     [DropToZone] Targeting zone B
2026-04-16 01:23:24,352 INFO     [IK] pose_to_joints 'L1_INTER' depth_offset=0.0781 → joints=[-0.3114 -0.5322 -0.3463 -2.5181 -0.191   2.0053  0.2538]
2026-04-16 01:23:24,362 INFO     [IK] pose_to_joints 'L2_INTER' depth_offset=0.0781 → joints=[ 0.1301 -0.5741  0.5055 -2.5128  0.291   1.9819  1.2314]
2026-04-16 01:23:24,375 INFO     [IK] pose_to_joints 'LABEL_ZONE_2' depth_offset=0.0881 → joints=[ 0.3303  1.1026 -0.0165 -0.8992  0.0162  2.0018  1.1014]
2026-04-16 01:23:24,375 INFO     [DropToZone] place_joints for LABEL_ZONE_2: [ 0.3303  1.1026 -0.0165 -0.8992  0.0162  2.0018  1.1014]
2026-04-16 01:23:28,901 INFO     [RFID] Registered label — item='Dummy1' expiry='2028-01-01' msg='Item added successfully.'
2026-04-16 01:23:32,736 INFO     [Service] /orio/pnp_cup/off → success=True msg='PnP Cup OFF command sent'
2026-04-16 01:23:39,121 INFO     [Service] /orio/lbl_cup/off → success=True msg='Labelling Cup OFF command sent'
2026-04-16 01:23:39,420 INFO     [ZoneManager] Zone B: EMPTY → NEEDS_LABEL
2026-04-16 01:23:39,420 INFO     [DropToZone] Exiting: dropped (zone B)
2026-04-16 01:23:39,425 DEBUG    [TaskSelector] Evaluating zone states: {'A': 'NEEDS_LABEL', 'B': 'NEEDS_LABEL'}  busy: {'A': True, 'B': False}
2026-04-16 01:23:39,426 DEBUG    [TaskSelector] → wait (no actionable zones)
2026-04-16 01:23:39,928 DEBUG    [TaskSelector] Evaluating zone states: {'A': 'NEEDS_LABEL', 'B': 'NEEDS_LABEL'}  busy: {'A': True, 'B': False}
2026-04-16 01:23:39,928 DEBUG    [TaskSelector] → wait (no actionable zones)
2026-04-16 01:23:40,433 DEBUG    [TaskSelector] Evaluating zone states: {'A': 'NEEDS_LABEL', 'B': 'NEEDS_LABEL'}  busy: {'A': True, 'B': False}
2026-04-16 01:23:40,433 DEBUG    [TaskSelector] → wait (no actionable zones)
2026-04-16 01:23:40,936 DEBUG    [TaskSelector] Evaluating zone states: {'A': 'NEEDS_LABEL', 'B': 'NEEDS_LABEL'}  busy: {'A': True, 'B': False}
2026-04-16 01:23:40,936 DEBUG    [TaskSelector] → wait (no actionable zones)
2026-04-16 01:23:41,440 DEBUG    [TaskSelector] Evaluating zone states: {'A': 'NEEDS_LABEL', 'B': 'NEEDS_LABEL'}  busy: {'A': True, 'B': False}
2026-04-16 01:23:41,440 DEBUG    [TaskSelector] → wait (no actionable zones)
2026-04-16 01:23:41,944 DEBUG    [TaskSelector] Evaluating zone states: {'A': 'NEEDS_LABEL', 'B': 'NEEDS_LABEL'}  busy: {'A': True, 'B': False}
2026-04-16 01:23:41,944 DEBUG    [TaskSelector] → wait (no actionable zones)
2026-04-16 01:23:42,450 DEBUG    [TaskSelector] Evaluating zone states: {'A': 'NEEDS_LABEL', 'B': 'NEEDS_LABEL'}  busy: {'A': True, 'B': False}
2026-04-16 01:23:42,450 DEBUG    [TaskSelector] → wait (no actionable zones)
2026-04-16 01:23:42,591 INFO     [IK] pose_to_joints 'LABELLING_SAFE' depth_offset=0.0000 → joints=[-0.065  -1.2718  0.0356 -2.707   0.0343  1.4354  0.7355]
2026-04-16 01:23:42,953 DEBUG    [TaskSelector] Evaluating zone states: {'A': 'NEEDS_LABEL', 'B': 'NEEDS_LABEL'}  busy: {'A': True, 'B': False}
2026-04-16 01:23:42,954 DEBUG    [TaskSelector] → wait (no actionable zones)
2026-04-16 01:23:43,457 DEBUG    [TaskSelector] Evaluating zone states: {'A': 'NEEDS_LABEL', 'B': 'NEEDS_LABEL'}  busy: {'A': True, 'B': False}
2026-04-16 01:23:43,457 DEBUG    [TaskSelector] → wait (no actionable zones)
2026-04-16 01:23:43,962 DEBUG    [TaskSelector] Evaluating zone states: {'A': 'NEEDS_LABEL', 'B': 'NEEDS_LABEL'}  busy: {'A': True, 'B': False}
2026-04-16 01:23:43,963 DEBUG    [TaskSelector] → wait (no actionable zones)
2026-04-16 01:23:44,467 DEBUG    [TaskSelector] Evaluating zone states: {'A': 'NEEDS_LABEL', 'B': 'NEEDS_LABEL'}  busy: {'A': True, 'B': False}
2026-04-16 01:23:44,467 DEBUG    [TaskSelector] → wait (no actionable zones)
2026-04-16 01:23:44,969 DEBUG    [TaskSelector] Evaluating zone states: {'A': 'NEEDS_LABEL', 'B': 'NEEDS_LABEL'}  busy: {'A': True, 'B': False}
2026-04-16 01:23:44,969 DEBUG    [TaskSelector] → wait (no actionable zones)
2026-04-16 01:23:45,473 DEBUG    [TaskSelector] Evaluating zone states: {'A': 'NEEDS_LABEL', 'B': 'NEEDS_LABEL'}  busy: {'A': True, 'B': False}
2026-04-16 01:23:45,474 DEBUG    [TaskSelector] → wait (no actionable zones)
2026-04-16 01:23:45,977 DEBUG    [TaskSelector] Evaluating zone states: {'A': 'NEEDS_LABEL', 'B': 'NEEDS_LABEL'}  busy: {'A': True, 'B': False}
2026-04-16 01:23:45,977 DEBUG    [TaskSelector] → wait (no actionable zones)
2026-04-16 01:23:46,328 INFO     [ZoneManager] Zone A: NEEDS_LABEL → READY_FOR_PICKUP
2026-04-16 01:23:46,328 INFO     [ApplyLabel] Exiting: labeled (zone A)
2026-04-16 01:23:46,330 INFO     [GetLabel] Entering state
2026-04-16 01:23:46,480 DEBUG    [TaskSelector] Evaluating zone states: {'A': 'READY_FOR_PICKUP', 'B': 'NEEDS_LABEL'}  busy: {'A': False, 'B': False}
2026-04-16 01:23:46,480 INFO     [TaskSelector] → do_unload (zone A ready)
2026-04-16 01:23:46,482 INFO     [RetrieveFromZone] Entering state
2026-04-16 01:23:46,482 INFO     [RetrieveFromZone] Picking from zone A (depth=0.0205)
2026-04-16 01:23:46,494 INFO     [IK] pose_to_joints 'L1_INTER' depth_offset=0.0205 → joints=[-0.3196 -0.464  -0.3671 -2.6199 -0.1963  2.1739  0.2469]
2026-04-16 01:23:46,506 INFO     [IK] pose_to_joints 'LABEL_ZONE_1' depth_offset=0.1205 → joints=[-0.2311  1.0641 -0.1775 -0.8972  0.167   1.9497  0.4052]
2026-04-16 01:23:46,529 INFO     [IK] pose_to_joints 'LABEL_ZONE_1' depth_offset=0.0105 → joints=[-0.2445  1.2676 -0.1632 -0.8082  0.177   2.0653  0.407 ]
2026-04-16 01:23:46,529 INFO     [RetrieveFromZone] A pre_pick=[-0.2311  1.0641 -0.1775 -0.8972  0.167   1.9497  0.4052] pick=[-0.2445  1.2676 -0.1632 -0.8082  0.177   2.0653  0.407 ]
2026-04-16 01:23:55,592 INFO     [Service] /orio/pnp_cup/on → success=True msg='PnP Cup ON command sent'
2026-04-16 01:23:56,546 INFO     [Service] /orio/lbl_cup/on → success=True msg='Labelling Cup ON command sent'
2026-04-16 01:23:56,594 INFO     [RetrieveFromZone] Retracting to pre-pick height
2026-04-16 01:23:59,978 INFO     [IK] pose_to_joints 'LABELLING_SAFE' depth_offset=0.0000 → joints=[-0.065  -1.2718  0.0356 -2.707   0.0343  1.4354  0.7355]
2026-04-16 01:24:03,489 INFO     [ZoneManager] Zone A: READY_FOR_PICKUP → EMPTY
2026-04-16 01:24:03,490 INFO     [GetLabel] Exiting: succeeded
2026-04-16 01:24:03,490 INFO     [RetrieveFromZone] Exiting: picked (zone A)
2026-04-16 01:24:03,496 INFO     [ApplyLabel] Entering state (zones: {'A': 'EMPTY', 'B': 'NEEDS_LABEL'}  busy: {'A': False, 'B': False})
2026-04-16 01:24:03,498 INFO     [ApplyLabel] Applying label to zone B (zone_number=2, depth=0.0781)
2026-04-16 01:24:03,499 INFO     [PlaceOutput] Entering state (retrieved_depth=0.0205)
2026-04-16 01:24:03,499 INFO     [compute_label_joints] Requesting label pose for zone 2, item_depth=0.0781
2026-04-16 01:24:03,524 INFO     [IK] pose_to_joints 'OUTPUT1' depth_offset=0.1705 → joints=[-1.38   -0.8467  2.6171 -0.9389  0.3881  1.7031  2.1271]
2026-04-16 01:24:03,535 INFO     [IK] pose_to_joints 'L2_INTER' depth_offset=0.0205 → joints=[ 0.0914 -0.5177  0.5865 -2.6127  0.3321  2.1439  1.2156]
2026-04-16 01:24:03,536 INFO     [PlaceOutput] drop_joints: [-1.38   -0.8467  2.6171 -0.9389  0.3881  1.7031  2.1271]
2026-04-16 01:24:05,338 INFO     [Service] /compute_grasps_labelling → success=True msg='Zone1=FAIL, Zone2=OK'
2026-04-16 01:24:05,338 INFO     item_depth=0.0781  X=0.3521 Y=-0.0099 Z=0.9219  pos(world)=[ 0.4699 -0.3331  0.0581]  task_pos=[ 0.4699 -0.3331  0.0781]  task_ori=[0.441  0.8975 0.     0.    ]
2026-04-16 01:24:05,339 INFO     [compute_label_joints] Zone 2 received pose: x=0.4699 y=-0.3331 z=0.0781  RPY r=180.00 p=0.00 y=127.66 deg
2026-04-16 01:24:05,339 INFO     [IK] compute_pick_joints called — task_pos=[ 0.4699 -0.3331  0.0781] label_zone=2 max_attempts=10 check_collisions=True arm_number=2
2026-04-16 01:24:05,388 INFO     [IK] Arm2 compute_pick_joints attempt 1/10 OK — target=([ 0.4699 -0.3331  0.0781]) pre=[-0.3807  0.256  -0.2421 -2.1047  0.0856  2.3517 -2.1182] final=[-0.5795  0.4416 -0.0363 -2.1237  0.0285  2.5649 -2.0789] (FK err pre=0.0000 m final=0.0000 m)
2026-04-16 01:24:05,390 INFO     [ApplyLabel] IK pre_joints=[-0.3807  0.256  -0.2421 -2.1047  0.0856  2.3517 -2.1182]  final_joints=[-0.5795  0.4416 -0.0363 -2.1237  0.0285  2.5649 -2.0789]
2026-04-16 01:24:05,391 INFO     [ApplyLabel] Registering label — item='Dummy1' expiry='2028-01-01'
2026-04-16 01:24:10,154 INFO     [Service] /orio/pnp_cup/off → success=True msg='PnP Cup OFF command sent'
2026-04-16 01:24:10,977 INFO     [RFID] Registered label — item='Dummy1' expiry='2028-01-01' msg='Item added successfully.'
2026-04-16 01:24:16,388 INFO     [PlaceOutput] Exiting: succeeded (total items placed: 7)
2026-04-16 01:24:16,391 DEBUG    [TaskSelector] Evaluating zone states: {'A': 'EMPTY', 'B': 'NEEDS_LABEL'}  busy: {'A': False, 'B': True}
2026-04-16 01:24:16,391 INFO     [TaskSelector] → do_load (zone A empty)
2026-04-16 01:24:16,392 INFO     [FetchInput] Entering state
2026-04-16 01:24:17,133 INFO     [Service] /compute_grasps → success=True msg='Published 2 PnP poses.'
2026-04-16 01:24:17,136 INFO     [FetchInput] Grasp pose received: x=0.3517 y=-0.6372 z=0.0662
2026-04-16 01:24:17,137 INFO     [IK] compute_pick_joints called — task_pos=[ 0.3517 -0.6372  0.0662] label_zone=None max_attempts=10 check_collisions=False arm_number=None
2026-04-16 01:24:17,165 INFO     [IK] Arm? compute_pick_joints attempt 1/10 OK — target=([ 0.3517 -0.6372  0.0662]) pre=[-0.5496  0.8528 -0.7314 -1.3759  0.5884  2.007  -0.5723] final=[-0.6691  0.9459 -0.5355 -1.3914  0.5338  2.1919 -0.549 ] (FK err pre=0.0000 m final=0.0000 m)
2026-04-16 01:24:17,166 INFO     [FetchInput] IK pre_joints:   [-0.5496  0.8528 -0.7314 -1.3759  0.5884  2.007  -0.5723]
2026-04-16 01:24:17,166 INFO     [FetchInput] IK final_joints: [-0.6691  0.9459 -0.5355 -1.3914  0.5338  2.1919 -0.549 ]
2026-04-16 01:24:17,167 INFO     [FetchInput] Moving to pre-pick
2026-04-16 01:24:20,579 INFO     [FetchInput] Descending to pick
2026-04-16 01:24:21,099 INFO     [Service] /orio/lbl_cup/off → success=True msg='Labelling Cup OFF command sent'
2026-04-16 01:24:22,791 INFO     [Service] /orio/pnp_cup/on → success=True msg='PnP Cup ON command sent'
2026-04-16 01:24:23,791 INFO     [FetchInput] Retracting to pre-pick height
2026-04-16 01:24:24,229 INFO     [IK] pose_to_joints 'LABELLING_SAFE' depth_offset=0.0000 → joints=[-0.065  -1.2718  0.0356 -2.707   0.0343  1.4354  0.7355]
2026-04-16 01:24:27,737 INFO     [ZoneManager] Zone B: NEEDS_LABEL → READY_FOR_PICKUP
2026-04-16 01:24:27,737 INFO     [ApplyLabel] Exiting: labeled (zone B)
2026-04-16 01:24:27,737 INFO     [FetchInput] Exiting: succeeded (item_depth=0.0662)
2026-04-16 01:24:27,738 INFO     [GetLabel] Entering state
2026-04-16 01:24:27,740 INFO     [DropToZone] Entering state (item_depth=0.0662)
2026-04-16 01:24:27,741 INFO     [DropToZone] Targeting zone A
2026-04-16 01:24:27,752 INFO     [IK] pose_to_joints 'L1_INTER' depth_offset=0.0662 → joints=[-0.3186 -0.5203 -0.3458 -2.5412 -0.19    2.0394  0.2505]
2026-04-16 01:24:27,777 INFO     [IK] pose_to_joints 'LABEL_ZONE_1' depth_offset=0.0762 → joints=[-0.2333  1.1299 -0.1733 -0.8919  0.1732  2.01    0.4033]
2026-04-16 01:24:27,778 INFO     [DropToZone] place_joints for LABEL_ZONE_1: [-0.2333  1.1299 -0.1733 -0.8919  0.1732  2.01    0.4033]
2026-04-16 01:24:34,719 INFO     [Service] /orio/pnp_cup/off → success=True msg='PnP Cup OFF command sent'
2026-04-16 01:24:37,992 INFO     [Service] /orio/lbl_cup/on → success=True msg='Labelling Cup ON command sent'
2026-04-16 01:24:38,498 INFO     [ZoneManager] Zone A: EMPTY → NEEDS_LABEL
2026-04-16 01:24:38,498 INFO     [DropToZone] Exiting: dropped (zone A)
2026-04-16 01:24:38,501 DEBUG    [TaskSelector] Evaluating zone states: {'A': 'NEEDS_LABEL', 'B': 'READY_FOR_PICKUP'}  busy: {'A': False, 'B': False}
2026-04-16 01:24:38,501 INFO     [TaskSelector] → do_unload (zone B ready)
2026-04-16 01:24:38,504 INFO     [RetrieveFromZone] Entering state
2026-04-16 01:24:38,504 INFO     [RetrieveFromZone] Picking from zone B (depth=0.0781)
2026-04-16 01:24:38,518 INFO     [IK] pose_to_joints 'L2_INTER' depth_offset=0.0781 → joints=[ 0.1301 -0.5741  0.5055 -2.5128  0.291   1.9819  1.2314]
2026-04-16 01:24:38,530 INFO     [IK] pose_to_joints 'LABEL_ZONE_2' depth_offset=0.1781 → joints=[ 0.3033  1.0029  0.038  -0.8486 -0.0333  1.851   1.1183]
2026-04-16 01:24:38,543 INFO     [IK] pose_to_joints 'LABEL_ZONE_2' depth_offset=0.0681 → joints=[ 0.3381  1.1367 -0.0319 -0.8892  0.0322  2.0255  1.0959]
2026-04-16 01:24:38,544 INFO     [RetrieveFromZone] B pre_pick=[ 0.3033  1.0029  0.038  -0.8486 -0.0333  1.851   1.1183] pick=[ 0.3381  1.1367 -0.0319 -0.8892  0.0322  2.0255  1.0959]
2026-04-16 01:24:41,495 INFO     [IK] pose_to_joints 'LABELLING_SAFE' depth_offset=0.0000 → joints=[-0.065  -1.2718  0.0356 -2.707   0.0343  1.4354  0.7355]
2026-04-16 01:24:45,001 INFO     [GetLabel] Exiting: succeeded
2026-04-16 01:24:45,005 INFO     [ApplyLabel] Entering state (zones: {'A': 'NEEDS_LABEL', 'B': 'READY_FOR_PICKUP'}  busy: {'A': False, 'B': True})
2026-04-16 01:24:45,005 INFO     [ApplyLabel] Applying label to zone A (zone_number=1, depth=0.0662)
2026-04-16 01:24:45,005 INFO     [compute_label_joints] Requesting label pose for zone 1, item_depth=0.0662
2026-04-16 01:24:46,749 INFO     [Service] /compute_grasps_labelling → success=True msg='Zone1=OK, Zone2=OK'
2026-04-16 01:24:46,749 INFO     item_depth=0.0662  X=-0.1517 Y=-0.0497 Z=0.9338  pos(world)=[0.5097 0.1707 0.0462]  task_pos=[0.5097 0.1707 0.0662]  task_ori=[0.6992 0.7149 0.     0.    ]
2026-04-16 01:24:46,750 INFO     [compute_label_joints] Zone 1 received pose: x=0.5097 y=0.1707 z=0.0662  RPY r=180.00 p=0.00 y=91.27 deg
2026-04-16 01:24:46,750 INFO     [IK] compute_pick_joints called — task_pos=[0.5097 0.1707 0.0662] label_zone=1 max_attempts=10 check_collisions=True arm_number=2
2026-04-16 01:24:46,800 INFO     [IK] Arm2 compute_pick_joints attempt 1/10 OK — target=([0.5097 0.1707 0.0662]) pre=[ 0.1546  0.1742  0.1691 -2.254  -0.0444  2.4253 -0.4529] final=[ 0.3626  0.3877 -0.0368 -2.2634  0.0295  2.6506 -0.5051] (FK err pre=0.0000 m final=0.0000 m)
2026-04-16 01:24:46,801 INFO     [ApplyLabel] IK pre_joints=[ 0.1546  0.1742  0.1691 -2.254  -0.0444  2.4253 -0.4529]  final_joints=[ 0.3626  0.3877 -0.0368 -2.2634  0.0295  2.6506 -0.5051]
2026-04-16 01:24:46,802 INFO     [ApplyLabel] Registering label — item='Dummy1' expiry='2028-01-01'
2026-04-16 01:24:47,314 INFO     [Service] /orio/pnp_cup/on → success=True msg='PnP Cup ON command sent'
2026-04-16 01:24:48,315 INFO     [RetrieveFromZone] Retracting to pre-pick height
2026-04-16 01:24:50,040 INFO     [RFID] Registered label — item='Dummy1' expiry='2028-01-01' msg='Item added successfully.'
2026-04-16 01:24:55,452 INFO     [ZoneManager] Zone B: READY_FOR_PICKUP → EMPTY
2026-04-16 01:24:55,452 INFO     [RetrieveFromZone] Exiting: picked (zone B)
2026-04-16 01:24:55,453 INFO     [PlaceOutput] Entering state (retrieved_depth=0.0781)
2026-04-16 01:24:55,603 INFO     [IK] pose_to_joints 'OUTPUT2' depth_offset=0.2281 → joints=[ 1.2352e+00  9.9430e-01  5.0000e-04 -4.6700e-01 -4.0000e-04  1.4656e+00
  2.0208e+00]
2026-04-16 01:24:55,625 INFO     [IK] pose_to_joints 'L2_INTER' depth_offset=0.0781 → joints=[ 0.1301 -0.5741  0.5055 -2.5128  0.291   1.9819  1.2314]
2026-04-16 01:24:55,625 INFO     [PlaceOutput] drop_joints: [ 1.2352e+00  9.9430e-01  5.0000e-04 -4.6700e-01 -4.0000e-04  1.4656e+00
  2.0208e+00]
2026-04-16 01:25:00,161 INFO     [Service] /orio/lbl_cup/off → success=True msg='Labelling Cup OFF command sent'
2026-04-16 01:25:01,639 INFO     [Service] /orio/pnp_cup/off → success=True msg='PnP Cup OFF command sent'
2026-04-16 01:25:03,571 INFO     [IK] pose_to_joints 'LABELLING_SAFE' depth_offset=0.0000 → joints=[-0.065  -1.2718  0.0356 -2.707   0.0343  1.4354  0.7355]
2026-04-16 01:25:07,311 INFO     [ZoneManager] Zone A: NEEDS_LABEL → READY_FOR_PICKUP
2026-04-16 01:25:07,312 INFO     [ApplyLabel] Exiting: labeled (zone A)
2026-04-16 01:25:07,313 INFO     [GetLabel] Entering state
2026-04-16 01:25:12,657 ERROR    [PLACE_OUTPUT] Unhandled exception: Communication w/ FrankaInterface ran into a problem: FrankaInterface status not ready for 10s. FrankaInterface is probably not ready.
2026-04-16 01:25:12,660 WARNING  [ARM1 Recovery] Pausing ARM1 — showing GUI (ARM2 continues)
2026-04-16 01:25:17,531 INFO     [Service] /orio/lbl_cup/on → success=True msg='Labelling Cup ON command sent'
2026-04-16 01:25:20,959 INFO     [IK] pose_to_joints 'LABELLING_SAFE' depth_offset=0.0000 → joints=[-0.065  -1.2718  0.0356 -2.707   0.0343  1.4354  0.7355]
2026-04-16 01:25:24,471 INFO     [GetLabel] Exiting: succeeded
2026-04-16 01:25:33,990 INFO     [Recovery] Zones updated: {'A': 'READY_FOR_PICKUP', 'B': 'EMPTY'}  busy: {'A': False, 'B': False}
2026-04-16 01:25:33,996 INFO     [ARM1 Recovery] choice=DECIDE_HUB
2026-04-16 01:25:33,997 INFO     [ARM1 Recovery] resuming
2026-04-16 01:25:34,000 DEBUG    [TaskSelector] Evaluating zone states: {'A': 'READY_FOR_PICKUP', 'B': 'EMPTY'}  busy: {'A': False, 'B': False}
2026-04-16 01:25:34,001 INFO     [TaskSelector] → do_unload (zone A ready)
2026-04-16 01:25:34,003 INFO     [RetrieveFromZone] Entering state
2026-04-16 01:25:34,003 INFO     [RetrieveFromZone] Picking from zone A (depth=0.0662)
2026-04-16 01:25:34,013 INFO     [IK] pose_to_joints 'L1_INTER' depth_offset=0.0662 → joints=[-0.3186 -0.5203 -0.3458 -2.5412 -0.19    2.0394  0.2505]
2026-04-16 01:25:34,023 INFO     [IK] pose_to_joints 'LABEL_ZONE_1' depth_offset=0.1662 → joints=[-0.2342  1.0175 -0.1778 -0.8632  0.1582  1.87    0.41  ]
2026-04-16 01:25:34,033 INFO     [IK] pose_to_joints 'LABEL_ZONE_1' depth_offset=0.0562 → joints=[-0.2357  1.1661 -0.1704 -0.8771  0.175   2.0318  0.4036]
2026-04-16 01:25:34,034 INFO     [RetrieveFromZone] A pre_pick=[-0.2342  1.0175 -0.1778 -0.8632  0.1582  1.87    0.41  ] pick=[-0.2357  1.1661 -0.1704 -0.8771  0.175   2.0318  0.4036]
2026-04-16 01:25:34,088 INFO     [ApplyLabel] Entering state (zones: {'A': 'READY_FOR_PICKUP', 'B': 'EMPTY'}  busy: {'A': True, 'B': False})
2026-04-16 01:25:34,088 DEBUG    [ApplyLabel] No zone needs label → wait
2026-04-16 01:25:34,592 INFO     [ApplyLabel] Entering state (zones: {'A': 'READY_FOR_PICKUP', 'B': 'EMPTY'}  busy: {'A': True, 'B': False})
2026-04-16 01:25:34,594 DEBUG    [ApplyLabel] No zone needs label → wait
2026-04-16 01:25:35,096 INFO     [ApplyLabel] Entering state (zones: {'A': 'READY_FOR_PICKUP', 'B': 'EMPTY'}  busy: {'A': True, 'B': False})
2026-04-16 01:25:35,096 DEBUG    [ApplyLabel] No zone needs label → wait
2026-04-16 01:25:35,603 INFO     [ApplyLabel] Entering state (zones: {'A': 'READY_FOR_PICKUP', 'B': 'EMPTY'}  busy: {'A': True, 'B': False})
2026-04-16 01:25:35,603 DEBUG    [ApplyLabel] No zone needs label → wait
2026-04-16 01:25:36,106 INFO     [ApplyLabel] Entering state (zones: {'A': 'READY_FOR_PICKUP', 'B': 'EMPTY'}  busy: {'A': True, 'B': False})
2026-04-16 01:25:36,106 DEBUG    [ApplyLabel] No zone needs label → wait
2026-04-16 01:25:36,610 INFO     [ApplyLabel] Entering state (zones: {'A': 'READY_FOR_PICKUP', 'B': 'EMPTY'}  busy: {'A': True, 'B': False})
2026-04-16 01:25:36,610 DEBUG    [ApplyLabel] No zone needs label → wait
2026-04-16 01:25:37,113 INFO     [ApplyLabel] Entering state (zones: {'A': 'READY_FOR_PICKUP', 'B': 'EMPTY'}  busy: {'A': True, 'B': False})
2026-04-16 01:25:37,113 DEBUG    [ApplyLabel] No zone needs label → wait
2026-04-16 01:25:37,619 INFO     [ApplyLabel] Entering state (zones: {'A': 'READY_FOR_PICKUP', 'B': 'EMPTY'}  busy: {'A': True, 'B': False})
2026-04-16 01:25:37,620 DEBUG    [ApplyLabel] No zone needs label → wait
2026-04-16 01:25:38,122 INFO     [ApplyLabel] Entering state (zones: {'A': 'READY_FOR_PICKUP', 'B': 'EMPTY'}  busy: {'A': True, 'B': False})
2026-04-16 01:25:38,122 DEBUG    [ApplyLabel] No zone needs label → wait
2026-04-16 01:25:38,626 INFO     [ApplyLabel] Entering state (zones: {'A': 'READY_FOR_PICKUP', 'B': 'EMPTY'}  busy: {'A': True, 'B': False})
2026-04-16 01:25:38,627 DEBUG    [ApplyLabel] No zone needs label → wait
2026-04-16 01:25:39,129 INFO     [ApplyLabel] Entering state (zones: {'A': 'READY_FOR_PICKUP', 'B': 'EMPTY'}  busy: {'A': True, 'B': False})
2026-04-16 01:25:39,129 DEBUG    [ApplyLabel] No zone needs label → wait
2026-04-16 01:25:39,635 INFO     [ApplyLabel] Entering state (zones: {'A': 'READY_FOR_PICKUP', 'B': 'EMPTY'}  busy: {'A': True, 'B': False})
2026-04-16 01:25:39,635 DEBUG    [ApplyLabel] No zone needs label → wait
2026-04-16 01:25:40,137 INFO     [ApplyLabel] Entering state (zones: {'A': 'READY_FOR_PICKUP', 'B': 'EMPTY'}  busy: {'A': True, 'B': False})
2026-04-16 01:25:40,137 DEBUG    [ApplyLabel] No zone needs label → wait
2026-04-16 01:25:40,640 INFO     [ApplyLabel] Entering state (zones: {'A': 'READY_FOR_PICKUP', 'B': 'EMPTY'}  busy: {'A': True, 'B': False})
2026-04-16 01:25:40,640 DEBUG    [ApplyLabel] No zone needs label → wait
2026-04-16 01:25:41,142 INFO     [ApplyLabel] Entering state (zones: {'A': 'READY_FOR_PICKUP', 'B': 'EMPTY'}  busy: {'A': True, 'B': False})
2026-04-16 01:25:41,142 DEBUG    [ApplyLabel] No zone needs label → wait
2026-04-16 01:25:41,646 INFO     [ApplyLabel] Entering state (zones: {'A': 'READY_FOR_PICKUP', 'B': 'EMPTY'}  busy: {'A': True, 'B': False})
2026-04-16 01:25:41,647 DEBUG    [ApplyLabel] No zone needs label → wait
2026-04-16 01:25:42,150 INFO     [ApplyLabel] Entering state (zones: {'A': 'READY_FOR_PICKUP', 'B': 'EMPTY'}  busy: {'A': True, 'B': False})
2026-04-16 01:25:42,150 DEBUG    [ApplyLabel] No zone needs label → wait
2026-04-16 01:25:42,655 INFO     [ApplyLabel] Entering state (zones: {'A': 'READY_FOR_PICKUP', 'B': 'EMPTY'}  busy: {'A': True, 'B': False})
2026-04-16 01:25:42,655 DEBUG    [ApplyLabel] No zone needs label → wait
2026-04-16 01:25:43,158 INFO     [ApplyLabel] Entering state (zones: {'A': 'READY_FOR_PICKUP', 'B': 'EMPTY'}  busy: {'A': True, 'B': False})
2026-04-16 01:25:43,158 DEBUG    [ApplyLabel] No zone needs label → wait
2026-04-16 01:25:43,662 INFO     [ApplyLabel] Entering state (zones: {'A': 'READY_FOR_PICKUP', 'B': 'EMPTY'}  busy: {'A': True, 'B': False})
2026-04-16 01:25:43,662 DEBUG    [ApplyLabel] No zone needs label → wait
2026-04-16 01:25:44,047 ERROR    [RETRIEVE] Unhandled exception: Communication w/ FrankaInterface ran into a problem: FrankaInterface status not ready for 10s. FrankaInterface is probably not ready.
2026-04-16 01:25:44,052 WARNING  [ARM1 Recovery] Pausing ARM1 — showing GUI (ARM2 continues)
2026-04-16 01:26:28,929 INFO     [Recovery] Zones updated: {'A': 'READY_FOR_PICKUP', 'B': 'EMPTY'}  busy: {'A': False, 'B': False}
2026-04-16 01:26:28,949 INFO     [ARM1 Recovery] choice=FETCH_INPUT
2026-04-16 01:26:28,950 INFO     [ARM1 Recovery] resuming
2026-04-16 01:26:28,951 INFO     [FetchInput] Entering state
2026-04-16 01:26:29,020 INFO     [ApplyLabel] Entering state (zones: {'A': 'READY_FOR_PICKUP', 'B': 'EMPTY'}  busy: {'A': False, 'B': False})
2026-04-16 01:26:29,020 DEBUG    [ApplyLabel] No zone needs label → wait
2026-04-16 01:26:29,525 INFO     [ApplyLabel] Entering state (zones: {'A': 'READY_FOR_PICKUP', 'B': 'EMPTY'}  busy: {'A': False, 'B': False})
2026-04-16 01:26:29,525 DEBUG    [ApplyLabel] No zone needs label → wait
2026-04-16 01:26:29,595 INFO     [Service] /compute_grasps → success=True msg='Published 1 PnP poses.'
2026-04-16 01:26:29,596 INFO     [FetchInput] Grasp pose received: x=0.0091 y=-0.6426 z=0.0212
2026-04-16 01:26:29,597 INFO     [IK] compute_pick_joints called — task_pos=[ 0.0091 -0.6426  0.0212] label_zone=None max_attempts=10 check_collisions=False arm_number=None
2026-04-16 01:26:29,621 INFO     [IK] Arm? compute_pick_joints attempt 1/10 OK — target=([ 0.0091 -0.6426  0.0212]) pre=[-0.9872  0.6223 -0.6293 -1.8339  0.4781  2.3001 -1.0685] final=[-1.1858  0.7631 -0.3882 -1.8098  0.4436  2.486  -1.048 ] (FK err pre=0.0000 m final=0.0000 m)
2026-04-16 01:26:29,622 INFO     [FetchInput] IK pre_joints:   [-0.9872  0.6223 -0.6293 -1.8339  0.4781  2.3001 -1.0685]
2026-04-16 01:26:29,622 INFO     [FetchInput] IK final_joints: [-1.1858  0.7631 -0.3882 -1.8098  0.4436  2.486  -1.048 ]
2026-04-16 01:26:29,622 INFO     [FetchInput] Moving to pre-pick
2026-04-16 01:26:30,029 INFO     [ApplyLabel] Entering state (zones: {'A': 'READY_FOR_PICKUP', 'B': 'EMPTY'}  busy: {'A': False, 'B': False})
2026-04-16 01:26:30,030 DEBUG    [ApplyLabel] No zone needs label → wait
2026-04-16 01:26:30,536 INFO     [ApplyLabel] Entering state (zones: {'A': 'READY_FOR_PICKUP', 'B': 'EMPTY'}  busy: {'A': False, 'B': False})
2026-04-16 01:26:30,538 DEBUG    [ApplyLabel] No zone needs label → wait
2026-04-16 01:26:31,040 INFO     [ApplyLabel] Entering state (zones: {'A': 'READY_FOR_PICKUP', 'B': 'EMPTY'}  busy: {'A': False, 'B': False})
2026-04-16 01:26:31,040 DEBUG    [ApplyLabel] No zone needs label → wait
2026-04-16 01:26:31,546 INFO     [ApplyLabel] Entering state (zones: {'A': 'READY_FOR_PICKUP', 'B': 'EMPTY'}  busy: {'A': False, 'B': False})
2026-04-16 01:26:31,546 DEBUG    [ApplyLabel] No zone needs label → wait
2026-04-16 01:26:32,048 INFO     [ApplyLabel] Entering state (zones: {'A': 'READY_FOR_PICKUP', 'B': 'EMPTY'}  busy: {'A': False, 'B': False})
2026-04-16 01:26:32,049 DEBUG    [ApplyLabel] No zone needs label → wait
2026-04-16 01:26:32,553 INFO     [ApplyLabel] Entering state (zones: {'A': 'READY_FOR_PICKUP', 'B': 'EMPTY'}  busy: {'A': False, 'B': False})
2026-04-16 01:26:32,554 DEBUG    [ApplyLabel] No zone needs label → wait
2026-04-16 01:26:33,056 INFO     [ApplyLabel] Entering state (zones: {'A': 'READY_FOR_PICKUP', 'B': 'EMPTY'}  busy: {'A': False, 'B': False})
2026-04-16 01:26:33,056 DEBUG    [ApplyLabel] No zone needs label → wait
2026-04-16 01:26:33,560 INFO     [ApplyLabel] Entering state (zones: {'A': 'READY_FOR_PICKUP', 'B': 'EMPTY'}  busy: {'A': False, 'B': False})
2026-04-16 01:26:33,560 DEBUG    [ApplyLabel] No zone needs label → wait
2026-04-16 01:26:34,062 INFO     [ApplyLabel] Entering state (zones: {'A': 'READY_FOR_PICKUP', 'B': 'EMPTY'}  busy: {'A': False, 'B': False})
2026-04-16 01:26:34,062 DEBUG    [ApplyLabel] No zone needs label → wait
2026-04-16 01:26:34,566 INFO     [ApplyLabel] Entering state (zones: {'A': 'READY_FOR_PICKUP', 'B': 'EMPTY'}  busy: {'A': False, 'B': False})
2026-04-16 01:26:34,567 DEBUG    [ApplyLabel] No zone needs label → wait
2026-04-16 01:26:35,069 INFO     [ApplyLabel] Entering state (zones: {'A': 'READY_FOR_PICKUP', 'B': 'EMPTY'}  busy: {'A': False, 'B': False})
2026-04-16 01:26:35,070 DEBUG    [ApplyLabel] No zone needs label → wait
2026-04-16 01:26:35,575 INFO     [ApplyLabel] Entering state (zones: {'A': 'READY_FOR_PICKUP', 'B': 'EMPTY'}  busy: {'A': False, 'B': False})
2026-04-16 01:26:35,575 DEBUG    [ApplyLabel] No zone needs label → wait
2026-04-16 01:26:36,079 INFO     [ApplyLabel] Entering state (zones: {'A': 'READY_FOR_PICKUP', 'B': 'EMPTY'}  busy: {'A': False, 'B': False})
2026-04-16 01:26:36,079 DEBUG    [ApplyLabel] No zone needs label → wait
2026-04-16 01:26:36,582 INFO     [ApplyLabel] Entering state (zones: {'A': 'READY_FOR_PICKUP', 'B': 'EMPTY'}  busy: {'A': False, 'B': False})
2026-04-16 01:26:36,582 DEBUG    [ApplyLabel] No zone needs label → wait
2026-04-16 01:26:37,086 INFO     [ApplyLabel] Entering state (zones: {'A': 'READY_FOR_PICKUP', 'B': 'EMPTY'}  busy: {'A': False, 'B': False})
2026-04-16 01:26:37,086 DEBUG    [ApplyLabel] No zone needs label → wait
2026-04-16 01:26:37,590 INFO     [ApplyLabel] Entering state (zones: {'A': 'READY_FOR_PICKUP', 'B': 'EMPTY'}  busy: {'A': False, 'B': False})
2026-04-16 01:26:37,591 DEBUG    [ApplyLabel] No zone needs label → wait
2026-04-16 01:26:38,093 INFO     [ApplyLabel] Entering state (zones: {'A': 'READY_FOR_PICKUP', 'B': 'EMPTY'}  busy: {'A': False, 'B': False})
2026-04-16 01:26:38,094 DEBUG    [ApplyLabel] No zone needs label → wait
2026-04-16 01:26:38,599 INFO     [ApplyLabel] Entering state (zones: {'A': 'READY_FOR_PICKUP', 'B': 'EMPTY'}  busy: {'A': False, 'B': False})
2026-04-16 01:26:38,600 DEBUG    [ApplyLabel] No zone needs label → wait
2026-04-16 01:26:39,102 INFO     [ApplyLabel] Entering state (zones: {'A': 'READY_FOR_PICKUP', 'B': 'EMPTY'}  busy: {'A': False, 'B': False})
2026-04-16 01:26:39,103 DEBUG    [ApplyLabel] No zone needs label → wait
2026-04-16 01:26:39,606 INFO     [ApplyLabel] Entering state (zones: {'A': 'READY_FOR_PICKUP', 'B': 'EMPTY'}  busy: {'A': False, 'B': False})
2026-04-16 01:26:39,607 DEBUG    [ApplyLabel] No zone needs label → wait
2026-04-16 01:26:39,630 ERROR    [FETCH_INPUT] Unhandled exception: Communication w/ FrankaInterface ran into a problem: FrankaInterface status not ready for 10s. FrankaInterface is probably not ready.
2026-04-16 01:26:39,632 WARNING  [ARM1 Recovery] Pausing ARM1 — showing GUI (ARM2 continues)
2026-04-16 01:27:27,966 INFO     [ARM1 Recovery] choice=shutdown
2026-04-16 01:27:27,967 INFO     [ARM1 Recovery] resuming
2026-04-16 01:27:27,971 INFO     [ApplyLabel] Entering state (zones: {'A': 'READY_FOR_PICKUP', 'B': 'EMPTY'}  busy: {'A': False, 'B': False})
2026-04-16 01:27:27,971 DEBUG    [ApplyLabel] No zone needs label → wait
2026-04-16 01:27:28,478 INFO     [Main] State machine finished with outcome: done
2026-04-16 01:27:28,478 WARNING  [Main] Shutting down: turning off both vacuums
2026-04-16 01:27:28,478 INFO     [Main] Total items placed at output: 7
2026-04-16 01:27:28,481 INFO     [Service] /orio/pnp_cup/off → success=True msg='PnP Cup OFF command sent'
2026-04-16 01:27:28,487 INFO     [Service] /orio/lbl_cup/off → success=True msg='Labelling Cup OFF command sent'
