2026-04-15 15:42:33,163 INFO     [Logger] File log started: /home/ros_ws/src/devel_packages/orio/logs/orio_run_20260415_154233.log
2026-04-15 15:42:33,163 INFO     [Main] Node started. Log file: /home/ros_ws/src/devel_packages/orio/logs/orio_run_20260415_154233.log
2026-04-15 15:42:33,163 INFO     [Hardware] Initializing Robot Hardware...
2026-04-15 15:42:33,701 INFO     [Hardware] Resetting both arms to home joints
2026-04-15 15:42:43,953 INFO     [Hardware] Poses loaded from joint_angles.json
2026-04-15 15:42:43,959 INFO     [Hardware] Initialization complete
2026-04-15 15:42:43,964 INFO     [Main] Starting state machine execution
2026-04-15 15:42:43,966 INFO     [GetLabel] Entering state
2026-04-15 15:42:43,967 DEBUG    [TaskSelector] Evaluating zone states: {'A': 'EMPTY', 'B': 'EMPTY'}  busy: {'A': False, 'B': False}
2026-04-15 15:42:43,967 INFO     [TaskSelector] → do_load (zone A empty)
2026-04-15 15:42:43,968 INFO     [FetchInput] Entering state
2026-04-15 15:42:43,971 INFO     [Service] /compute_grasps → success=False msg='No images received from PnP camera.'
2026-04-15 15:42:43,972 ERROR    [FetchInput] /compute_grasps service failed → exiting: failed
2026-04-15 15:42:43,972 DEBUG    [TaskSelector] Evaluating zone states: {'A': 'EMPTY', 'B': 'EMPTY'}  busy: {'A': False, 'B': False}
2026-04-15 15:42:43,972 INFO     [TaskSelector] → do_load (zone A empty)
2026-04-15 15:42:43,973 INFO     [FetchInput] Entering state
2026-04-15 15:42:43,976 INFO     [Service] /compute_grasps → success=False msg='No images received from PnP camera.'
2026-04-15 15:42:43,976 ERROR    [FetchInput] /compute_grasps service failed → exiting: failed
2026-04-15 15:42:43,977 DEBUG    [TaskSelector] Evaluating zone states: {'A': 'EMPTY', 'B': 'EMPTY'}  busy: {'A': False, 'B': False}
2026-04-15 15:42:43,977 INFO     [TaskSelector] → do_load (zone A empty)
2026-04-15 15:42:43,978 INFO     [FetchInput] Entering state
2026-04-15 15:42:43,981 INFO     [Service] /compute_grasps → success=False msg='No images received from PnP camera.'
2026-04-15 15:42:43,981 ERROR    [FetchInput] /compute_grasps service failed → exiting: failed
2026-04-15 15:42:43,982 DEBUG    [TaskSelector] Evaluating zone states: {'A': 'EMPTY', 'B': 'EMPTY'}  busy: {'A': False, 'B': False}
2026-04-15 15:42:43,982 INFO     [TaskSelector] → do_load (zone A empty)
2026-04-15 15:42:43,983 INFO     [FetchInput] Entering state
2026-04-15 15:42:43,985 INFO     [Service] /compute_grasps → success=False msg='No images received from PnP camera.'
2026-04-15 15:42:43,985 ERROR    [FetchInput] /compute_grasps service failed → exiting: failed
2026-04-15 15:42:43,986 DEBUG    [TaskSelector] Evaluating zone states: {'A': 'EMPTY', 'B': 'EMPTY'}  busy: {'A': False, 'B': False}
2026-04-15 15:42:43,986 INFO     [TaskSelector] → do_load (zone A empty)
2026-04-15 15:42:43,987 INFO     [FetchInput] Entering state
2026-04-15 15:42:43,990 INFO     [Service] /compute_grasps → success=False msg='No images received from PnP camera.'
2026-04-15 15:42:43,990 ERROR    [FetchInput] /compute_grasps service failed → exiting: failed
2026-04-15 15:42:43,991 DEBUG    [TaskSelector] Evaluating zone states: {'A': 'EMPTY', 'B': 'EMPTY'}  busy: {'A': False, 'B': False}
2026-04-15 15:42:43,991 INFO     [TaskSelector] → do_load (zone A empty)
2026-04-15 15:42:43,992 INFO     [FetchInput] Entering state
2026-04-15 15:42:43,997 INFO     [Service] /compute_grasps → success=False msg='No images received from PnP camera.'
2026-04-15 15:42:43,997 ERROR    [FetchInput] /compute_grasps service failed → exiting: failed
2026-04-15 15:42:43,999 DEBUG    [TaskSelector] Evaluating zone states: {'A': 'EMPTY', 'B': 'EMPTY'}  busy: {'A': False, 'B': False}
2026-04-15 15:42:43,999 INFO     [TaskSelector] → do_load (zone A empty)
2026-04-15 15:42:44,001 INFO     [FetchInput] Entering state
2026-04-15 15:42:44,007 INFO     [Service] /compute_grasps → success=False msg='No images received from PnP camera.'
2026-04-15 15:42:44,008 ERROR    [FetchInput] /compute_grasps service failed → exiting: failed
2026-04-15 15:42:44,010 DEBUG    [TaskSelector] Evaluating zone states: {'A': 'EMPTY', 'B': 'EMPTY'}  busy: {'A': False, 'B': False}
2026-04-15 15:42:44,010 INFO     [TaskSelector] → do_load (zone A empty)
2026-04-15 15:42:44,012 INFO     [FetchInput] Entering state
2026-04-15 15:42:44,017 INFO     [Service] /compute_grasps → success=False msg='No images received from PnP camera.'
2026-04-15 15:42:44,017 ERROR    [FetchInput] /compute_grasps service failed → exiting: failed
2026-04-15 15:42:44,018 DEBUG    [TaskSelector] Evaluating zone states: {'A': 'EMPTY', 'B': 'EMPTY'}  busy: {'A': False, 'B': False}
2026-04-15 15:42:44,018 INFO     [TaskSelector] → do_load (zone A empty)
2026-04-15 15:42:44,018 INFO     [FetchInput] Entering state
2026-04-15 15:42:44,021 INFO     [Service] /compute_grasps → success=False msg='No images received from PnP camera.'
2026-04-15 15:42:44,021 ERROR    [FetchInput] /compute_grasps service failed → exiting: failed
2026-04-15 15:42:44,022 DEBUG    [TaskSelector] Evaluating zone states: {'A': 'EMPTY', 'B': 'EMPTY'}  busy: {'A': False, 'B': False}
2026-04-15 15:42:44,022 INFO     [TaskSelector] → do_load (zone A empty)
2026-04-15 15:42:44,022 INFO     [FetchInput] Entering state
2026-04-15 15:42:44,026 INFO     [Service] /compute_grasps → success=False msg='No images received from PnP camera.'
2026-04-15 15:42:44,026 ERROR    [FetchInput] /compute_grasps service failed → exiting: failed
2026-04-15 15:42:44,027 DEBUG    [TaskSelector] Evaluating zone states: {'A': 'EMPTY', 'B': 'EMPTY'}  busy: {'A': False, 'B': False}
2026-04-15 15:42:44,027 INFO     [TaskSelector] → do_load (zone A empty)
2026-04-15 15:42:44,028 INFO     [FetchInput] Entering state
2026-04-15 15:42:44,032 INFO     [Service] /compute_grasps → success=False msg='No images received from PnP camera.'
2026-04-15 15:42:44,032 ERROR    [FetchInput] /compute_grasps service failed → exiting: failed
2026-04-15 15:42:44,033 DEBUG    [TaskSelector] Evaluating zone states: {'A': 'EMPTY', 'B': 'EMPTY'}  busy: {'A': False, 'B': False}
2026-04-15 15:42:44,034 INFO     [TaskSelector] → do_load (zone A empty)
2026-04-15 15:42:44,034 INFO     [FetchInput] Entering state
2026-04-15 15:42:44,037 INFO     [Service] /compute_grasps → success=False msg='No images received from PnP camera.'
2026-04-15 15:42:44,037 ERROR    [FetchInput] /compute_grasps service failed → exiting: failed
2026-04-15 15:42:44,037 DEBUG    [TaskSelector] Evaluating zone states: {'A': 'EMPTY', 'B': 'EMPTY'}  busy: {'A': False, 'B': False}
2026-04-15 15:42:44,037 INFO     [TaskSelector] → do_load (zone A empty)
2026-04-15 15:42:44,038 INFO     [FetchInput] Entering state
2026-04-15 15:42:44,041 INFO     [Service] /compute_grasps → success=False msg='No images received from PnP camera.'
2026-04-15 15:42:44,041 ERROR    [FetchInput] /compute_grasps service failed → exiting: failed
2026-04-15 15:42:44,041 DEBUG    [TaskSelector] Evaluating zone states: {'A': 'EMPTY', 'B': 'EMPTY'}  busy: {'A': False, 'B': False}
2026-04-15 15:42:44,042 INFO     [TaskSelector] → do_load (zone A empty)
2026-04-15 15:42:44,042 INFO     [FetchInput] Entering state
2026-04-15 15:42:44,045 INFO     [Service] /compute_grasps → success=False msg='No images received from PnP camera.'
2026-04-15 15:42:44,045 ERROR    [FetchInput] /compute_grasps service failed → exiting: failed
2026-04-15 15:42:44,045 DEBUG    [TaskSelector] Evaluating zone states: {'A': 'EMPTY', 'B': 'EMPTY'}  busy: {'A': False, 'B': False}
2026-04-15 15:42:44,045 INFO     [TaskSelector] → do_load (zone A empty)
2026-04-15 15:42:44,046 INFO     [FetchInput] Entering state
2026-04-15 15:42:44,048 INFO     [Service] /compute_grasps → success=False msg='No images received from PnP camera.'
2026-04-15 15:42:44,048 ERROR    [FetchInput] /compute_grasps service failed → exiting: failed
2026-04-15 15:42:44,049 DEBUG    [TaskSelector] Evaluating zone states: {'A': 'EMPTY', 'B': 'EMPTY'}  busy: {'A': False, 'B': False}
2026-04-15 15:42:44,049 INFO     [TaskSelector] → do_load (zone A empty)
2026-04-15 15:42:44,050 INFO     [FetchInput] Entering state
2026-04-15 15:42:44,052 INFO     [Service] /compute_grasps → success=False msg='No images received from PnP camera.'
2026-04-15 15:42:44,052 ERROR    [FetchInput] /compute_grasps service failed → exiting: failed
2026-04-15 15:42:44,053 DEBUG    [TaskSelector] Evaluating zone states: {'A': 'EMPTY', 'B': 'EMPTY'}  busy: {'A': False, 'B': False}
2026-04-15 15:42:44,053 INFO     [TaskSelector] → do_load (zone A empty)
2026-04-15 15:42:44,054 INFO     [FetchInput] Entering state
2026-04-15 15:42:44,058 INFO     [Service] /compute_grasps → success=False msg='No images received from PnP camera.'
2026-04-15 15:42:44,059 ERROR    [FetchInput] /compute_grasps service failed → exiting: failed
2026-04-15 15:42:44,060 DEBUG    [TaskSelector] Evaluating zone states: {'A': 'EMPTY', 'B': 'EMPTY'}  busy: {'A': False, 'B': False}
2026-04-15 15:42:44,060 INFO     [TaskSelector] → do_load (zone A empty)
2026-04-15 15:42:44,062 INFO     [FetchInput] Entering state
2026-04-15 15:42:44,068 INFO     [Service] /compute_grasps → success=False msg='No images received from PnP camera.'
2026-04-15 15:42:44,068 ERROR    [FetchInput] /compute_grasps service failed → exiting: failed
2026-04-15 15:42:44,069 DEBUG    [TaskSelector] Evaluating zone states: {'A': 'EMPTY', 'B': 'EMPTY'}  busy: {'A': False, 'B': False}
2026-04-15 15:42:44,069 INFO     [TaskSelector] → do_load (zone A empty)
2026-04-15 15:42:44,070 INFO     [FetchInput] Entering state
2026-04-15 15:42:44,078 INFO     [Service] /compute_grasps → success=False msg='No images received from PnP camera.'
2026-04-15 15:42:44,080 ERROR    [FetchInput] /compute_grasps service failed → exiting: failed
2026-04-15 15:42:44,083 DEBUG    [TaskSelector] Evaluating zone states: {'A': 'EMPTY', 'B': 'EMPTY'}  busy: {'A': False, 'B': False}
2026-04-15 15:42:44,084 INFO     [TaskSelector] → do_load (zone A empty)
2026-04-15 15:42:44,087 INFO     [FetchInput] Entering state
2026-04-15 15:42:44,090 INFO     [Service] /compute_grasps → success=False msg='No images received from PnP camera.'
2026-04-15 15:42:44,090 ERROR    [FetchInput] /compute_grasps service failed → exiting: failed
2026-04-15 15:42:44,090 DEBUG    [TaskSelector] Evaluating zone states: {'A': 'EMPTY', 'B': 'EMPTY'}  busy: {'A': False, 'B': False}
2026-04-15 15:42:44,090 INFO     [TaskSelector] → do_load (zone A empty)
2026-04-15 15:42:44,091 INFO     [FetchInput] Entering state
2026-04-15 15:42:44,094 INFO     [Service] /compute_grasps → success=False msg='No images received from PnP camera.'
2026-04-15 15:42:44,094 ERROR    [FetchInput] /compute_grasps service failed → exiting: failed
2026-04-15 15:42:44,096 DEBUG    [TaskSelector] Evaluating zone states: {'A': 'EMPTY', 'B': 'EMPTY'}  busy: {'A': False, 'B': False}
2026-04-15 15:42:44,096 INFO     [TaskSelector] → do_load (zone A empty)
2026-04-15 15:42:44,097 INFO     [FetchInput] Entering state
2026-04-15 15:42:44,100 INFO     [Service] /compute_grasps → success=False msg='No images received from PnP camera.'
2026-04-15 15:42:44,101 ERROR    [FetchInput] /compute_grasps service failed → exiting: failed
2026-04-15 15:42:44,101 DEBUG    [TaskSelector] Evaluating zone states: {'A': 'EMPTY', 'B': 'EMPTY'}  busy: {'A': False, 'B': False}
2026-04-15 15:42:44,101 INFO     [TaskSelector] → do_load (zone A empty)
2026-04-15 15:42:44,102 INFO     [FetchInput] Entering state
2026-04-15 15:42:44,104 INFO     [Service] /compute_grasps → success=False msg='No images received from PnP camera.'
2026-04-15 15:42:44,104 ERROR    [FetchInput] /compute_grasps service failed → exiting: failed
2026-04-15 15:42:44,105 DEBUG    [TaskSelector] Evaluating zone states: {'A': 'EMPTY', 'B': 'EMPTY'}  busy: {'A': False, 'B': False}
2026-04-15 15:42:44,105 INFO     [TaskSelector] → do_load (zone A empty)
2026-04-15 15:42:44,106 INFO     [FetchInput] Entering state
2026-04-15 15:42:44,109 INFO     [Service] /compute_grasps → success=False msg='No images received from PnP camera.'
2026-04-15 15:42:44,109 ERROR    [FetchInput] /compute_grasps service failed → exiting: failed
2026-04-15 15:42:44,111 DEBUG    [TaskSelector] Evaluating zone states: {'A': 'EMPTY', 'B': 'EMPTY'}  busy: {'A': False, 'B': False}
2026-04-15 15:42:44,111 INFO     [TaskSelector] → do_load (zone A empty)
2026-04-15 15:42:44,111 INFO     [FetchInput] Entering state
2026-04-15 15:42:44,114 INFO     [Service] /compute_grasps → success=False msg='No images received from PnP camera.'
2026-04-15 15:42:44,114 ERROR    [FetchInput] /compute_grasps service failed → exiting: failed
2026-04-15 15:42:44,115 DEBUG    [TaskSelector] Evaluating zone states: {'A': 'EMPTY', 'B': 'EMPTY'}  busy: {'A': False, 'B': False}
2026-04-15 15:42:44,115 INFO     [TaskSelector] → do_load (zone A empty)
2026-04-15 15:42:44,116 INFO     [FetchInput] Entering state
2026-04-15 15:42:44,118 INFO     [Service] /compute_grasps → success=False msg='No images received from PnP camera.'
2026-04-15 15:42:44,119 ERROR    [FetchInput] /compute_grasps service failed → exiting: failed
2026-04-15 15:42:44,120 DEBUG    [TaskSelector] Evaluating zone states: {'A': 'EMPTY', 'B': 'EMPTY'}  busy: {'A': False, 'B': False}
2026-04-15 15:42:44,120 INFO     [TaskSelector] → do_load (zone A empty)
2026-04-15 15:42:44,120 INFO     [FetchInput] Entering state
2026-04-15 15:42:44,123 INFO     [Service] /compute_grasps → success=False msg='No images received from PnP camera.'
2026-04-15 15:42:44,124 ERROR    [FetchInput] /compute_grasps service failed → exiting: failed
2026-04-15 15:42:44,125 DEBUG    [TaskSelector] Evaluating zone states: {'A': 'EMPTY', 'B': 'EMPTY'}  busy: {'A': False, 'B': False}
2026-04-15 15:42:44,126 INFO     [TaskSelector] → do_load (zone A empty)
2026-04-15 15:42:44,129 INFO     [FetchInput] Entering state
2026-04-15 15:42:44,134 INFO     [Service] /compute_grasps → success=False msg='No images received from PnP camera.'
2026-04-15 15:42:44,134 ERROR    [FetchInput] /compute_grasps service failed → exiting: failed
2026-04-15 15:42:44,136 DEBUG    [TaskSelector] Evaluating zone states: {'A': 'EMPTY', 'B': 'EMPTY'}  busy: {'A': False, 'B': False}
2026-04-15 15:42:44,136 INFO     [TaskSelector] → do_load (zone A empty)
2026-04-15 15:42:44,138 INFO     [FetchInput] Entering state
2026-04-15 15:42:44,144 INFO     [Service] /compute_grasps → success=False msg='No images received from PnP camera.'
2026-04-15 15:42:44,145 ERROR    [FetchInput] /compute_grasps service failed → exiting: failed
2026-04-15 15:42:44,147 DEBUG    [TaskSelector] Evaluating zone states: {'A': 'EMPTY', 'B': 'EMPTY'}  busy: {'A': False, 'B': False}
2026-04-15 15:42:44,147 INFO     [TaskSelector] → do_load (zone A empty)
2026-04-15 15:42:44,148 INFO     [FetchInput] Entering state
2026-04-15 15:42:44,151 INFO     [Service] /compute_grasps → success=False msg='No images received from PnP camera.'
2026-04-15 15:42:44,152 ERROR    [FetchInput] /compute_grasps service failed → exiting: failed
2026-04-15 15:42:44,153 DEBUG    [TaskSelector] Evaluating zone states: {'A': 'EMPTY', 'B': 'EMPTY'}  busy: {'A': False, 'B': False}
2026-04-15 15:42:44,153 INFO     [TaskSelector] → do_load (zone A empty)
2026-04-15 15:42:44,154 INFO     [FetchInput] Entering state
2026-04-15 15:42:44,158 INFO     [Service] /compute_grasps → success=False msg='No images received from PnP camera.'
2026-04-15 15:42:44,158 ERROR    [FetchInput] /compute_grasps service failed → exiting: failed
2026-04-15 15:42:44,159 DEBUG    [TaskSelector] Evaluating zone states: {'A': 'EMPTY', 'B': 'EMPTY'}  busy: {'A': False, 'B': False}
2026-04-15 15:42:44,159 INFO     [TaskSelector] → do_load (zone A empty)
2026-04-15 15:42:44,160 INFO     [FetchInput] Entering state
2026-04-15 15:42:44,163 INFO     [Service] /compute_grasps → success=False msg='No images received from PnP camera.'
2026-04-15 15:42:44,163 ERROR    [FetchInput] /compute_grasps service failed → exiting: failed
2026-04-15 15:42:44,165 DEBUG    [TaskSelector] Evaluating zone states: {'A': 'EMPTY', 'B': 'EMPTY'}  busy: {'A': False, 'B': False}
2026-04-15 15:42:44,165 INFO     [TaskSelector] → do_load (zone A empty)
2026-04-15 15:42:44,166 INFO     [FetchInput] Entering state
2026-04-15 15:42:44,169 INFO     [Service] /compute_grasps → success=False msg='No images received from PnP camera.'
2026-04-15 15:42:44,169 ERROR    [FetchInput] /compute_grasps service failed → exiting: failed
2026-04-15 15:42:44,169 DEBUG    [TaskSelector] Evaluating zone states: {'A': 'EMPTY', 'B': 'EMPTY'}  busy: {'A': False, 'B': False}
2026-04-15 15:42:44,169 INFO     [TaskSelector] → do_load (zone A empty)
2026-04-15 15:42:44,170 INFO     [FetchInput] Entering state
2026-04-15 15:42:44,172 INFO     [Service] /compute_grasps → success=False msg='No images received from PnP camera.'
2026-04-15 15:42:44,173 ERROR    [FetchInput] /compute_grasps service failed → exiting: failed
2026-04-15 15:42:44,174 DEBUG    [TaskSelector] Evaluating zone states: {'A': 'EMPTY', 'B': 'EMPTY'}  busy: {'A': False, 'B': False}
2026-04-15 15:42:44,174 INFO     [TaskSelector] → do_load (zone A empty)
2026-04-15 15:42:44,175 INFO     [FetchInput] Entering state
2026-04-15 15:42:44,179 INFO     [Service] /compute_grasps → success=False msg='No images received from PnP camera.'
2026-04-15 15:42:44,179 ERROR    [FetchInput] /compute_grasps service failed → exiting: failed
2026-04-15 15:42:44,180 DEBUG    [TaskSelector] Evaluating zone states: {'A': 'EMPTY', 'B': 'EMPTY'}  busy: {'A': False, 'B': False}
2026-04-15 15:42:44,180 INFO     [TaskSelector] → do_load (zone A empty)
2026-04-15 15:42:44,180 INFO     [FetchInput] Entering state
2026-04-15 15:42:44,183 INFO     [Service] /compute_grasps → success=False msg='No images received from PnP camera.'
2026-04-15 15:42:44,183 ERROR    [FetchInput] /compute_grasps service failed → exiting: failed
2026-04-15 15:42:44,184 DEBUG    [TaskSelector] Evaluating zone states: {'A': 'EMPTY', 'B': 'EMPTY'}  busy: {'A': False, 'B': False}
2026-04-15 15:42:44,184 INFO     [TaskSelector] → do_load (zone A empty)
2026-04-15 15:42:44,185 INFO     [FetchInput] Entering state
2026-04-15 15:42:44,188 INFO     [Service] /compute_grasps → success=False msg='No images received from PnP camera.'
2026-04-15 15:42:44,188 ERROR    [FetchInput] /compute_grasps service failed → exiting: failed
2026-04-15 15:42:44,189 DEBUG    [TaskSelector] Evaluating zone states: {'A': 'EMPTY', 'B': 'EMPTY'}  busy: {'A': False, 'B': False}
2026-04-15 15:42:44,189 INFO     [TaskSelector] → do_load (zone A empty)
2026-04-15 15:42:44,190 INFO     [FetchInput] Entering state
2026-04-15 15:42:44,194 INFO     [Service] /compute_grasps → success=False msg='No images received from PnP camera.'
2026-04-15 15:42:44,194 ERROR    [FetchInput] /compute_grasps service failed → exiting: failed
2026-04-15 15:42:44,195 DEBUG    [TaskSelector] Evaluating zone states: {'A': 'EMPTY', 'B': 'EMPTY'}  busy: {'A': False, 'B': False}
2026-04-15 15:42:44,195 INFO     [TaskSelector] → do_load (zone A empty)
2026-04-15 15:42:44,196 INFO     [FetchInput] Entering state
2026-04-15 15:42:44,201 INFO     [Service] /compute_grasps → success=False msg='No images received from PnP camera.'
2026-04-15 15:42:44,201 ERROR    [FetchInput] /compute_grasps service failed → exiting: failed
2026-04-15 15:42:44,203 DEBUG    [TaskSelector] Evaluating zone states: {'A': 'EMPTY', 'B': 'EMPTY'}  busy: {'A': False, 'B': False}
2026-04-15 15:42:44,203 INFO     [TaskSelector] → do_load (zone A empty)
2026-04-15 15:42:44,204 INFO     [FetchInput] Entering state
2026-04-15 15:42:44,210 INFO     [Service] /compute_grasps → success=False msg='No images received from PnP camera.'
2026-04-15 15:42:44,210 ERROR    [FetchInput] /compute_grasps service failed → exiting: failed
2026-04-15 15:42:44,212 DEBUG    [TaskSelector] Evaluating zone states: {'A': 'EMPTY', 'B': 'EMPTY'}  busy: {'A': False, 'B': False}
2026-04-15 15:42:44,212 INFO     [TaskSelector] → do_load (zone A empty)
2026-04-15 15:42:44,213 INFO     [FetchInput] Entering state
2026-04-15 15:42:44,216 INFO     [Service] /compute_grasps → success=False msg='No images received from PnP camera.'
2026-04-15 15:42:44,216 ERROR    [FetchInput] /compute_grasps service failed → exiting: failed
2026-04-15 15:42:44,217 DEBUG    [TaskSelector] Evaluating zone states: {'A': 'EMPTY', 'B': 'EMPTY'}  busy: {'A': False, 'B': False}
2026-04-15 15:42:44,217 INFO     [TaskSelector] → do_load (zone A empty)
2026-04-15 15:42:44,218 INFO     [FetchInput] Entering state
2026-04-15 15:42:44,220 INFO     [Service] /compute_grasps → success=False msg='No images received from PnP camera.'
2026-04-15 15:42:44,220 ERROR    [FetchInput] /compute_grasps service failed → exiting: failed
2026-04-15 15:42:44,221 DEBUG    [TaskSelector] Evaluating zone states: {'A': 'EMPTY', 'B': 'EMPTY'}  busy: {'A': False, 'B': False}
2026-04-15 15:42:44,221 INFO     [TaskSelector] → do_load (zone A empty)
2026-04-15 15:42:44,221 INFO     [FetchInput] Entering state
2026-04-15 15:42:44,224 INFO     [Service] /compute_grasps → success=False msg='No images received from PnP camera.'
2026-04-15 15:42:44,224 ERROR    [FetchInput] /compute_grasps service failed → exiting: failed
2026-04-15 15:42:44,226 DEBUG    [TaskSelector] Evaluating zone states: {'A': 'EMPTY', 'B': 'EMPTY'}  busy: {'A': False, 'B': False}
2026-04-15 15:42:44,226 INFO     [TaskSelector] → do_load (zone A empty)
2026-04-15 15:42:44,227 INFO     [FetchInput] Entering state
2026-04-15 15:42:44,229 INFO     [Service] /compute_grasps → success=False msg='No images received from PnP camera.'
2026-04-15 15:42:44,229 ERROR    [FetchInput] /compute_grasps service failed → exiting: failed
2026-04-15 15:42:44,231 DEBUG    [TaskSelector] Evaluating zone states: {'A': 'EMPTY', 'B': 'EMPTY'}  busy: {'A': False, 'B': False}
2026-04-15 15:42:44,231 INFO     [TaskSelector] → do_load (zone A empty)
2026-04-15 15:42:44,231 INFO     [FetchInput] Entering state
2026-04-15 15:42:44,234 INFO     [Service] /compute_grasps → success=False msg='No images received from PnP camera.'
2026-04-15 15:42:44,234 ERROR    [FetchInput] /compute_grasps service failed → exiting: failed
2026-04-15 15:42:44,235 DEBUG    [TaskSelector] Evaluating zone states: {'A': 'EMPTY', 'B': 'EMPTY'}  busy: {'A': False, 'B': False}
2026-04-15 15:42:44,235 INFO     [TaskSelector] → do_load (zone A empty)
2026-04-15 15:42:44,235 INFO     [FetchInput] Entering state
2026-04-15 15:42:44,237 INFO     [Service] /compute_grasps → success=False msg='No images received from PnP camera.'
2026-04-15 15:42:44,238 ERROR    [FetchInput] /compute_grasps service failed → exiting: failed
2026-04-15 15:42:44,238 DEBUG    [TaskSelector] Evaluating zone states: {'A': 'EMPTY', 'B': 'EMPTY'}  busy: {'A': False, 'B': False}
2026-04-15 15:42:44,238 INFO     [TaskSelector] → do_load (zone A empty)
2026-04-15 15:42:44,239 INFO     [FetchInput] Entering state
2026-04-15 15:42:44,241 INFO     [Service] /compute_grasps → success=False msg='No images received from PnP camera.'
2026-04-15 15:42:44,242 ERROR    [FetchInput] /compute_grasps service failed → exiting: failed
2026-04-15 15:42:44,242 DEBUG    [TaskSelector] Evaluating zone states: {'A': 'EMPTY', 'B': 'EMPTY'}  busy: {'A': False, 'B': False}
2026-04-15 15:42:44,242 INFO     [TaskSelector] → do_load (zone A empty)
2026-04-15 15:42:44,243 INFO     [FetchInput] Entering state
2026-04-15 15:42:44,246 INFO     [Service] /compute_grasps → success=False msg='No images received from PnP camera.'
2026-04-15 15:42:44,246 ERROR    [FetchInput] /compute_grasps service failed → exiting: failed
2026-04-15 15:42:44,247 DEBUG    [TaskSelector] Evaluating zone states: {'A': 'EMPTY', 'B': 'EMPTY'}  busy: {'A': False, 'B': False}
2026-04-15 15:42:44,247 INFO     [TaskSelector] → do_load (zone A empty)
2026-04-15 15:42:44,248 INFO     [FetchInput] Entering state
2026-04-15 15:42:44,250 INFO     [Service] /compute_grasps → success=False msg='No images received from PnP camera.'
2026-04-15 15:42:44,250 ERROR    [FetchInput] /compute_grasps service failed → exiting: failed
2026-04-15 15:42:44,251 DEBUG    [TaskSelector] Evaluating zone states: {'A': 'EMPTY', 'B': 'EMPTY'}  busy: {'A': False, 'B': False}
2026-04-15 15:42:44,251 INFO     [TaskSelector] → do_load (zone A empty)
2026-04-15 15:42:44,252 INFO     [FetchInput] Entering state
2026-04-15 15:42:44,254 INFO     [Service] /compute_grasps → success=False msg='No images received from PnP camera.'
2026-04-15 15:42:44,254 ERROR    [FetchInput] /compute_grasps service failed → exiting: failed
2026-04-15 15:42:44,255 DEBUG    [TaskSelector] Evaluating zone states: {'A': 'EMPTY', 'B': 'EMPTY'}  busy: {'A': False, 'B': False}
2026-04-15 15:42:44,255 INFO     [TaskSelector] → do_load (zone A empty)
2026-04-15 15:42:44,257 INFO     [FetchInput] Entering state
2026-04-15 15:42:44,262 INFO     [Service] /compute_grasps → success=False msg='No images received from PnP camera.'
2026-04-15 15:42:44,263 ERROR    [FetchInput] /compute_grasps service failed → exiting: failed
2026-04-15 15:42:44,264 DEBUG    [TaskSelector] Evaluating zone states: {'A': 'EMPTY', 'B': 'EMPTY'}  busy: {'A': False, 'B': False}
2026-04-15 15:42:44,265 INFO     [TaskSelector] → do_load (zone A empty)
2026-04-15 15:42:44,266 INFO     [FetchInput] Entering state
2026-04-15 15:42:44,269 INFO     [Service] /compute_grasps → success=False msg='No images received from PnP camera.'
2026-04-15 15:42:44,269 ERROR    [FetchInput] /compute_grasps service failed → exiting: failed
2026-04-15 15:42:44,271 DEBUG    [TaskSelector] Evaluating zone states: {'A': 'EMPTY', 'B': 'EMPTY'}  busy: {'A': False, 'B': False}
2026-04-15 15:42:44,271 INFO     [TaskSelector] → do_load (zone A empty)
2026-04-15 15:42:44,272 INFO     [FetchInput] Entering state
2026-04-15 15:42:44,279 INFO     [Service] /compute_grasps → success=False msg='No images received from PnP camera.'
2026-04-15 15:42:44,280 ERROR    [FetchInput] /compute_grasps service failed → exiting: failed
2026-04-15 15:42:44,284 DEBUG    [TaskSelector] Evaluating zone states: {'A': 'EMPTY', 'B': 'EMPTY'}  busy: {'A': False, 'B': False}
2026-04-15 15:42:44,284 INFO     [TaskSelector] → do_load (zone A empty)
2026-04-15 15:42:44,285 INFO     [FetchInput] Entering state
2026-04-15 15:42:44,288 INFO     [Service] /compute_grasps → success=False msg='No images received from PnP camera.'
2026-04-15 15:42:44,288 ERROR    [FetchInput] /compute_grasps service failed → exiting: failed
2026-04-15 15:42:44,289 DEBUG    [TaskSelector] Evaluating zone states: {'A': 'EMPTY', 'B': 'EMPTY'}  busy: {'A': False, 'B': False}
2026-04-15 15:42:44,289 INFO     [TaskSelector] → do_load (zone A empty)
2026-04-15 15:42:44,290 INFO     [FetchInput] Entering state
2026-04-15 15:42:44,292 INFO     [Service] /compute_grasps → success=False msg='No images received from PnP camera.'
2026-04-15 15:42:44,292 ERROR    [FetchInput] /compute_grasps service failed → exiting: failed
2026-04-15 15:42:44,293 DEBUG    [TaskSelector] Evaluating zone states: {'A': 'EMPTY', 'B': 'EMPTY'}  busy: {'A': False, 'B': False}
2026-04-15 15:42:44,293 INFO     [TaskSelector] → do_load (zone A empty)
2026-04-15 15:42:44,294 INFO     [FetchInput] Entering state
2026-04-15 15:42:44,297 INFO     [Service] /compute_grasps → success=False msg='No images received from PnP camera.'
2026-04-15 15:42:44,297 ERROR    [FetchInput] /compute_grasps service failed → exiting: failed
2026-04-15 15:42:44,297 DEBUG    [TaskSelector] Evaluating zone states: {'A': 'EMPTY', 'B': 'EMPTY'}  busy: {'A': False, 'B': False}
2026-04-15 15:42:44,297 INFO     [TaskSelector] → do_load (zone A empty)
2026-04-15 15:42:44,299 INFO     [FetchInput] Entering state
2026-04-15 15:42:44,301 INFO     [Service] /compute_grasps → success=False msg='No images received from PnP camera.'
2026-04-15 15:42:44,301 ERROR    [FetchInput] /compute_grasps service failed → exiting: failed
2026-04-15 15:42:44,302 DEBUG    [TaskSelector] Evaluating zone states: {'A': 'EMPTY', 'B': 'EMPTY'}  busy: {'A': False, 'B': False}
2026-04-15 15:42:44,302 INFO     [TaskSelector] → do_load (zone A empty)
2026-04-15 15:42:44,302 INFO     [FetchInput] Entering state
2026-04-15 15:42:44,304 INFO     [Service] /compute_grasps → success=False msg='No images received from PnP camera.'
2026-04-15 15:42:44,304 ERROR    [FetchInput] /compute_grasps service failed → exiting: failed
2026-04-15 15:42:44,305 DEBUG    [TaskSelector] Evaluating zone states: {'A': 'EMPTY', 'B': 'EMPTY'}  busy: {'A': False, 'B': False}
2026-04-15 15:42:44,305 INFO     [TaskSelector] → do_load (zone A empty)
2026-04-15 15:42:44,306 INFO     [FetchInput] Entering state
2026-04-15 15:42:44,309 INFO     [Service] /compute_grasps → success=False msg='No images received from PnP camera.'
2026-04-15 15:42:44,309 ERROR    [FetchInput] /compute_grasps service failed → exiting: failed
2026-04-15 15:42:44,311 DEBUG    [TaskSelector] Evaluating zone states: {'A': 'EMPTY', 'B': 'EMPTY'}  busy: {'A': False, 'B': False}
2026-04-15 15:42:44,311 INFO     [TaskSelector] → do_load (zone A empty)
2026-04-15 15:42:44,311 INFO     [FetchInput] Entering state
2026-04-15 15:42:44,314 INFO     [Service] /compute_grasps → success=False msg='No images received from PnP camera.'
2026-04-15 15:42:44,314 ERROR    [FetchInput] /compute_grasps service failed → exiting: failed
2026-04-15 15:42:44,315 DEBUG    [TaskSelector] Evaluating zone states: {'A': 'EMPTY', 'B': 'EMPTY'}  busy: {'A': False, 'B': False}
2026-04-15 15:42:44,315 INFO     [TaskSelector] → do_load (zone A empty)
2026-04-15 15:42:44,316 INFO     [FetchInput] Entering state
2026-04-15 15:42:44,319 INFO     [Service] /compute_grasps → success=False msg='No images received from PnP camera.'
2026-04-15 15:42:44,319 ERROR    [FetchInput] /compute_grasps service failed → exiting: failed
2026-04-15 15:42:44,320 DEBUG    [TaskSelector] Evaluating zone states: {'A': 'EMPTY', 'B': 'EMPTY'}  busy: {'A': False, 'B': False}
2026-04-15 15:42:44,320 INFO     [TaskSelector] → do_load (zone A empty)
2026-04-15 15:42:44,321 INFO     [FetchInput] Entering state
2026-04-15 15:42:44,323 INFO     [Service] /compute_grasps → success=False msg='No images received from PnP camera.'
2026-04-15 15:42:44,323 ERROR    [FetchInput] /compute_grasps service failed → exiting: failed
2026-04-15 15:42:44,325 DEBUG    [TaskSelector] Evaluating zone states: {'A': 'EMPTY', 'B': 'EMPTY'}  busy: {'A': False, 'B': False}
2026-04-15 15:42:44,325 INFO     [TaskSelector] → do_load (zone A empty)
2026-04-15 15:42:44,327 INFO     [FetchInput] Entering state
2026-04-15 15:42:44,332 INFO     [Service] /compute_grasps → success=False msg='No images received from PnP camera.'
2026-04-15 15:42:44,333 ERROR    [FetchInput] /compute_grasps service failed → exiting: failed
2026-04-15 15:42:44,334 DEBUG    [TaskSelector] Evaluating zone states: {'A': 'EMPTY', 'B': 'EMPTY'}  busy: {'A': False, 'B': False}
2026-04-15 15:42:44,334 INFO     [TaskSelector] → do_load (zone A empty)
2026-04-15 15:42:44,335 INFO     [FetchInput] Entering state
2026-04-15 15:42:44,339 INFO     [Service] /compute_grasps → success=False msg='No images received from PnP camera.'
2026-04-15 15:42:44,339 ERROR    [FetchInput] /compute_grasps service failed → exiting: failed
2026-04-15 15:42:44,342 DEBUG    [TaskSelector] Evaluating zone states: {'A': 'EMPTY', 'B': 'EMPTY'}  busy: {'A': False, 'B': False}
2026-04-15 15:42:44,342 INFO     [TaskSelector] → do_load (zone A empty)
2026-04-15 15:42:44,343 INFO     [FetchInput] Entering state
2026-04-15 15:42:44,351 INFO     [Service] /compute_grasps → success=False msg='No images received from PnP camera.'
2026-04-15 15:42:44,352 ERROR    [FetchInput] /compute_grasps service failed → exiting: failed
2026-04-15 15:42:44,353 DEBUG    [TaskSelector] Evaluating zone states: {'A': 'EMPTY', 'B': 'EMPTY'}  busy: {'A': False, 'B': False}
2026-04-15 15:42:44,353 INFO     [TaskSelector] → do_load (zone A empty)
2026-04-15 15:42:44,353 INFO     [FetchInput] Entering state
2026-04-15 15:42:44,356 INFO     [Service] /compute_grasps → success=False msg='No images received from PnP camera.'
2026-04-15 15:42:44,356 ERROR    [FetchInput] /compute_grasps service failed → exiting: failed
2026-04-15 15:42:44,357 DEBUG    [TaskSelector] Evaluating zone states: {'A': 'EMPTY', 'B': 'EMPTY'}  busy: {'A': False, 'B': False}
2026-04-15 15:42:44,357 INFO     [TaskSelector] → do_load (zone A empty)
2026-04-15 15:42:44,357 INFO     [FetchInput] Entering state
2026-04-15 15:42:44,360 INFO     [Service] /compute_grasps → success=False msg='No images received from PnP camera.'
2026-04-15 15:42:44,360 ERROR    [FetchInput] /compute_grasps service failed → exiting: failed
2026-04-15 15:42:44,361 DEBUG    [TaskSelector] Evaluating zone states: {'A': 'EMPTY', 'B': 'EMPTY'}  busy: {'A': False, 'B': False}
2026-04-15 15:42:44,361 INFO     [TaskSelector] → do_load (zone A empty)
2026-04-15 15:42:44,362 INFO     [FetchInput] Entering state
2026-04-15 15:42:44,364 INFO     [Service] /compute_grasps → success=False msg='No images received from PnP camera.'
2026-04-15 15:42:44,364 ERROR    [FetchInput] /compute_grasps service failed → exiting: failed
2026-04-15 15:42:44,365 DEBUG    [TaskSelector] Evaluating zone states: {'A': 'EMPTY', 'B': 'EMPTY'}  busy: {'A': False, 'B': False}
2026-04-15 15:42:44,365 INFO     [TaskSelector] → do_load (zone A empty)
2026-04-15 15:42:44,365 INFO     [FetchInput] Entering state
2026-04-15 15:42:44,368 INFO     [Service] /compute_grasps → success=False msg='No images received from PnP camera.'
2026-04-15 15:42:44,368 ERROR    [FetchInput] /compute_grasps service failed → exiting: failed
2026-04-15 15:42:44,369 DEBUG    [TaskSelector] Evaluating zone states: {'A': 'EMPTY', 'B': 'EMPTY'}  busy: {'A': False, 'B': False}
2026-04-15 15:42:44,369 INFO     [TaskSelector] → do_load (zone A empty)
2026-04-15 15:42:44,369 INFO     [FetchInput] Entering state
2026-04-15 15:42:44,371 INFO     [Service] /compute_grasps → success=False msg='No images received from PnP camera.'
2026-04-15 15:42:44,372 ERROR    [FetchInput] /compute_grasps service failed → exiting: failed
2026-04-15 15:42:44,372 DEBUG    [TaskSelector] Evaluating zone states: {'A': 'EMPTY', 'B': 'EMPTY'}  busy: {'A': False, 'B': False}
2026-04-15 15:42:44,372 INFO     [TaskSelector] → do_load (zone A empty)
2026-04-15 15:42:44,373 INFO     [FetchInput] Entering state
2026-04-15 15:42:44,376 INFO     [Service] /compute_grasps → success=False msg='No images received from PnP camera.'
2026-04-15 15:42:44,376 ERROR    [FetchInput] /compute_grasps service failed → exiting: failed
2026-04-15 15:42:44,377 DEBUG    [TaskSelector] Evaluating zone states: {'A': 'EMPTY', 'B': 'EMPTY'}  busy: {'A': False, 'B': False}
2026-04-15 15:42:44,377 INFO     [TaskSelector] → do_load (zone A empty)
2026-04-15 15:42:44,378 INFO     [FetchInput] Entering state
2026-04-15 15:42:44,381 INFO     [Service] /compute_grasps → success=False msg='No images received from PnP camera.'
2026-04-15 15:42:44,381 ERROR    [FetchInput] /compute_grasps service failed → exiting: failed
2026-04-15 15:42:44,382 DEBUG    [TaskSelector] Evaluating zone states: {'A': 'EMPTY', 'B': 'EMPTY'}  busy: {'A': False, 'B': False}
2026-04-15 15:42:44,382 INFO     [TaskSelector] → do_load (zone A empty)
2026-04-15 15:42:44,383 INFO     [FetchInput] Entering state
2026-04-15 15:42:44,385 INFO     [Service] /compute_grasps → success=False msg='No images received from PnP camera.'
2026-04-15 15:42:44,385 ERROR    [FetchInput] /compute_grasps service failed → exiting: failed
2026-04-15 15:42:44,386 DEBUG    [TaskSelector] Evaluating zone states: {'A': 'EMPTY', 'B': 'EMPTY'}  busy: {'A': False, 'B': False}
2026-04-15 15:42:44,386 INFO     [TaskSelector] → do_load (zone A empty)
2026-04-15 15:42:44,386 INFO     [FetchInput] Entering state
2026-04-15 15:42:44,389 INFO     [Service] /compute_grasps → success=False msg='No images received from PnP camera.'
2026-04-15 15:42:44,389 ERROR    [FetchInput] /compute_grasps service failed → exiting: failed
2026-04-15 15:42:44,390 DEBUG    [TaskSelector] Evaluating zone states: {'A': 'EMPTY', 'B': 'EMPTY'}  busy: {'A': False, 'B': False}
2026-04-15 15:42:44,390 INFO     [TaskSelector] → do_load (zone A empty)
2026-04-15 15:42:44,391 INFO     [FetchInput] Entering state
2026-04-15 15:42:44,395 INFO     [Service] /compute_grasps → success=False msg='No images received from PnP camera.'
2026-04-15 15:42:44,395 ERROR    [FetchInput] /compute_grasps service failed → exiting: failed
2026-04-15 15:42:44,397 DEBUG    [TaskSelector] Evaluating zone states: {'A': 'EMPTY', 'B': 'EMPTY'}  busy: {'A': False, 'B': False}
2026-04-15 15:42:44,397 INFO     [TaskSelector] → do_load (zone A empty)
2026-04-15 15:42:44,398 INFO     [FetchInput] Entering state
2026-04-15 15:42:44,401 INFO     [Service] /compute_grasps → success=False msg='No images received from PnP camera.'
2026-04-15 15:42:44,402 ERROR    [FetchInput] /compute_grasps service failed → exiting: failed
2026-04-15 15:42:44,404 DEBUG    [TaskSelector] Evaluating zone states: {'A': 'EMPTY', 'B': 'EMPTY'}  busy: {'A': False, 'B': False}
2026-04-15 15:42:44,404 INFO     [TaskSelector] → do_load (zone A empty)
2026-04-15 15:42:44,406 INFO     [FetchInput] Entering state
2026-04-15 15:42:44,412 INFO     [Service] /compute_grasps → success=False msg='No images received from PnP camera.'
2026-04-15 15:42:44,412 ERROR    [FetchInput] /compute_grasps service failed → exiting: failed
2026-04-15 15:42:44,415 DEBUG    [TaskSelector] Evaluating zone states: {'A': 'EMPTY', 'B': 'EMPTY'}  busy: {'A': False, 'B': False}
2026-04-15 15:42:44,415 INFO     [TaskSelector] → do_load (zone A empty)
2026-04-15 15:42:44,416 INFO     [FetchInput] Entering state
2026-04-15 15:42:44,419 INFO     [Service] /compute_grasps → success=False msg='No images received from PnP camera.'
2026-04-15 15:42:44,419 ERROR    [FetchInput] /compute_grasps service failed → exiting: failed
2026-04-15 15:42:44,420 DEBUG    [TaskSelector] Evaluating zone states: {'A': 'EMPTY', 'B': 'EMPTY'}  busy: {'A': False, 'B': False}
2026-04-15 15:42:44,421 INFO     [TaskSelector] → do_load (zone A empty)
2026-04-15 15:42:44,421 INFO     [FetchInput] Entering state
2026-04-15 15:42:44,424 INFO     [Service] /compute_grasps → success=False msg='No images received from PnP camera.'
2026-04-15 15:42:44,424 ERROR    [FetchInput] /compute_grasps service failed → exiting: failed
2026-04-15 15:42:44,425 DEBUG    [TaskSelector] Evaluating zone states: {'A': 'EMPTY', 'B': 'EMPTY'}  busy: {'A': False, 'B': False}
2026-04-15 15:42:44,425 INFO     [TaskSelector] → do_load (zone A empty)
2026-04-15 15:42:44,426 INFO     [FetchInput] Entering state
2026-04-15 15:42:44,429 INFO     [Service] /compute_grasps → success=False msg='No images received from PnP camera.'
2026-04-15 15:42:44,429 ERROR    [FetchInput] /compute_grasps service failed → exiting: failed
2026-04-15 15:42:44,430 DEBUG    [TaskSelector] Evaluating zone states: {'A': 'EMPTY', 'B': 'EMPTY'}  busy: {'A': False, 'B': False}
2026-04-15 15:42:44,430 INFO     [TaskSelector] → do_load (zone A empty)
2026-04-15 15:42:44,431 INFO     [FetchInput] Entering state
2026-04-15 15:42:44,433 INFO     [Service] /compute_grasps → success=False msg='No images received from PnP camera.'
2026-04-15 15:42:44,433 ERROR    [FetchInput] /compute_grasps service failed → exiting: failed
2026-04-15 15:42:44,434 DEBUG    [TaskSelector] Evaluating zone states: {'A': 'EMPTY', 'B': 'EMPTY'}  busy: {'A': False, 'B': False}
2026-04-15 15:42:44,434 INFO     [TaskSelector] → do_load (zone A empty)
2026-04-15 15:42:44,435 INFO     [FetchInput] Entering state
2026-04-15 15:42:44,437 INFO     [Service] /compute_grasps → success=False msg='No images received from PnP camera.'
2026-04-15 15:42:44,437 ERROR    [FetchInput] /compute_grasps service failed → exiting: failed
2026-04-15 15:42:44,438 DEBUG    [TaskSelector] Evaluating zone states: {'A': 'EMPTY', 'B': 'EMPTY'}  busy: {'A': False, 'B': False}
2026-04-15 15:42:44,438 INFO     [TaskSelector] → do_load (zone A empty)
2026-04-15 15:42:44,439 INFO     [FetchInput] Entering state
2026-04-15 15:42:44,441 INFO     [Service] /compute_grasps → success=False msg='No images received from PnP camera.'
2026-04-15 15:42:44,441 ERROR    [FetchInput] /compute_grasps service failed → exiting: failed
2026-04-15 15:42:44,442 DEBUG    [TaskSelector] Evaluating zone states: {'A': 'EMPTY', 'B': 'EMPTY'}  busy: {'A': False, 'B': False}
2026-04-15 15:42:44,442 INFO     [TaskSelector] → do_load (zone A empty)
2026-04-15 15:42:44,443 INFO     [FetchInput] Entering state
2026-04-15 15:42:44,446 INFO     [Service] /compute_grasps → success=False msg='No images received from PnP camera.'
2026-04-15 15:42:44,446 ERROR    [FetchInput] /compute_grasps service failed → exiting: failed
2026-04-15 15:42:44,446 DEBUG    [TaskSelector] Evaluating zone states: {'A': 'EMPTY', 'B': 'EMPTY'}  busy: {'A': False, 'B': False}
2026-04-15 15:42:44,446 INFO     [TaskSelector] → do_load (zone A empty)
2026-04-15 15:42:44,447 INFO     [FetchInput] Entering state
2026-04-15 15:42:44,449 INFO     [Service] /compute_grasps → success=False msg='No images received from PnP camera.'
2026-04-15 15:42:44,449 ERROR    [FetchInput] /compute_grasps service failed → exiting: failed
2026-04-15 15:42:44,450 DEBUG    [TaskSelector] Evaluating zone states: {'A': 'EMPTY', 'B': 'EMPTY'}  busy: {'A': False, 'B': False}
2026-04-15 15:42:44,450 INFO     [TaskSelector] → do_load (zone A empty)
2026-04-15 15:42:44,451 INFO     [FetchInput] Entering state
2026-04-15 15:42:44,453 INFO     [Service] /compute_grasps → success=False msg='No images received from PnP camera.'
2026-04-15 15:42:44,453 ERROR    [FetchInput] /compute_grasps service failed → exiting: failed
2026-04-15 15:42:44,454 DEBUG    [TaskSelector] Evaluating zone states: {'A': 'EMPTY', 'B': 'EMPTY'}  busy: {'A': False, 'B': False}
2026-04-15 15:42:44,454 INFO     [TaskSelector] → do_load (zone A empty)
2026-04-15 15:42:44,455 INFO     [FetchInput] Entering state
2026-04-15 15:42:44,459 INFO     [Service] /compute_grasps → success=False msg='No images received from PnP camera.'
2026-04-15 15:42:44,459 ERROR    [FetchInput] /compute_grasps service failed → exiting: failed
2026-04-15 15:42:44,460 DEBUG    [TaskSelector] Evaluating zone states: {'A': 'EMPTY', 'B': 'EMPTY'}  busy: {'A': False, 'B': False}
2026-04-15 15:42:44,461 INFO     [TaskSelector] → do_load (zone A empty)
2026-04-15 15:42:44,462 INFO     [FetchInput] Entering state
2026-04-15 15:42:44,464 INFO     [Service] /compute_grasps → success=False msg='No images received from PnP camera.'
2026-04-15 15:42:44,464 ERROR    [FetchInput] /compute_grasps service failed → exiting: failed
2026-04-15 15:42:44,465 DEBUG    [TaskSelector] Evaluating zone states: {'A': 'EMPTY', 'B': 'EMPTY'}  busy: {'A': False, 'B': False}
2026-04-15 15:42:44,466 INFO     [TaskSelector] → do_load (zone A empty)
2026-04-15 15:42:44,467 INFO     [FetchInput] Entering state
2026-04-15 15:42:44,474 INFO     [Service] /compute_grasps → success=False msg='No images received from PnP camera.'
2026-04-15 15:42:44,474 ERROR    [FetchInput] /compute_grasps service failed → exiting: failed
2026-04-15 15:42:44,477 DEBUG    [TaskSelector] Evaluating zone states: {'A': 'EMPTY', 'B': 'EMPTY'}  busy: {'A': False, 'B': False}
2026-04-15 15:42:44,477 INFO     [TaskSelector] → do_load (zone A empty)
2026-04-15 15:42:44,479 INFO     [FetchInput] Entering state
2026-04-15 15:42:44,484 INFO     [Service] /compute_grasps → success=False msg='No images received from PnP camera.'
2026-04-15 15:42:44,484 ERROR    [FetchInput] /compute_grasps service failed → exiting: failed
2026-04-15 15:42:44,485 DEBUG    [TaskSelector] Evaluating zone states: {'A': 'EMPTY', 'B': 'EMPTY'}  busy: {'A': False, 'B': False}
2026-04-15 15:42:44,485 INFO     [TaskSelector] → do_load (zone A empty)
2026-04-15 15:42:44,486 INFO     [FetchInput] Entering state
2026-04-15 15:42:44,489 INFO     [Service] /compute_grasps → success=False msg='No images received from PnP camera.'
2026-04-15 15:42:44,489 ERROR    [FetchInput] /compute_grasps service failed → exiting: failed
2026-04-15 15:42:44,489 DEBUG    [TaskSelector] Evaluating zone states: {'A': 'EMPTY', 'B': 'EMPTY'}  busy: {'A': False, 'B': False}
2026-04-15 15:42:44,490 INFO     [TaskSelector] → do_load (zone A empty)
2026-04-15 15:42:44,490 INFO     [FetchInput] Entering state
2026-04-15 15:42:44,493 INFO     [Service] /compute_grasps → success=False msg='No images received from PnP camera.'
2026-04-15 15:42:44,493 ERROR    [FetchInput] /compute_grasps service failed → exiting: failed
2026-04-15 15:42:44,494 DEBUG    [TaskSelector] Evaluating zone states: {'A': 'EMPTY', 'B': 'EMPTY'}  busy: {'A': False, 'B': False}
2026-04-15 15:42:44,494 INFO     [TaskSelector] → do_load (zone A empty)
2026-04-15 15:42:44,495 INFO     [FetchInput] Entering state
2026-04-15 15:42:44,497 INFO     [Service] /compute_grasps → success=False msg='No images received from PnP camera.'
2026-04-15 15:42:44,497 ERROR    [FetchInput] /compute_grasps service failed → exiting: failed
2026-04-15 15:42:44,498 DEBUG    [TaskSelector] Evaluating zone states: {'A': 'EMPTY', 'B': 'EMPTY'}  busy: {'A': False, 'B': False}
2026-04-15 15:42:44,498 INFO     [TaskSelector] → do_load (zone A empty)
2026-04-15 15:42:44,499 INFO     [FetchInput] Entering state
2026-04-15 15:42:44,501 INFO     [Service] /compute_grasps → success=False msg='No images received from PnP camera.'
2026-04-15 15:42:44,502 ERROR    [FetchInput] /compute_grasps service failed → exiting: failed
2026-04-15 15:42:44,502 DEBUG    [TaskSelector] Evaluating zone states: {'A': 'EMPTY', 'B': 'EMPTY'}  busy: {'A': False, 'B': False}
2026-04-15 15:42:44,502 INFO     [TaskSelector] → do_load (zone A empty)
2026-04-15 15:42:44,503 INFO     [FetchInput] Entering state
2026-04-15 15:42:44,505 INFO     [Service] /compute_grasps → success=False msg='No images received from PnP camera.'
2026-04-15 15:42:44,505 ERROR    [FetchInput] /compute_grasps service failed → exiting: failed
2026-04-15 15:42:44,506 DEBUG    [TaskSelector] Evaluating zone states: {'A': 'EMPTY', 'B': 'EMPTY'}  busy: {'A': False, 'B': False}
2026-04-15 15:42:44,507 INFO     [TaskSelector] → do_load (zone A empty)
2026-04-15 15:42:44,507 INFO     [FetchInput] Entering state
2026-04-15 15:42:44,510 INFO     [Service] /compute_grasps → success=False msg='No images received from PnP camera.'
2026-04-15 15:42:44,510 ERROR    [FetchInput] /compute_grasps service failed → exiting: failed
2026-04-15 15:42:44,511 DEBUG    [TaskSelector] Evaluating zone states: {'A': 'EMPTY', 'B': 'EMPTY'}  busy: {'A': False, 'B': False}
2026-04-15 15:42:44,511 INFO     [TaskSelector] → do_load (zone A empty)
2026-04-15 15:42:44,512 INFO     [FetchInput] Entering state
2026-04-15 15:42:44,515 INFO     [Service] /compute_grasps → success=False msg='No images received from PnP camera.'
2026-04-15 15:42:44,515 ERROR    [FetchInput] /compute_grasps service failed → exiting: failed
2026-04-15 15:42:44,515 DEBUG    [TaskSelector] Evaluating zone states: {'A': 'EMPTY', 'B': 'EMPTY'}  busy: {'A': False, 'B': False}
2026-04-15 15:42:44,515 INFO     [TaskSelector] → do_load (zone A empty)
2026-04-15 15:42:44,516 INFO     [FetchInput] Entering state
2026-04-15 15:42:44,518 INFO     [Service] /compute_grasps → success=False msg='No images received from PnP camera.'
2026-04-15 15:42:44,519 ERROR    [FetchInput] /compute_grasps service failed → exiting: failed
2026-04-15 15:42:44,519 DEBUG    [TaskSelector] Evaluating zone states: {'A': 'EMPTY', 'B': 'EMPTY'}  busy: {'A': False, 'B': False}
2026-04-15 15:42:44,519 INFO     [TaskSelector] → do_load (zone A empty)
2026-04-15 15:42:44,520 INFO     [FetchInput] Entering state
2026-04-15 15:42:44,522 INFO     [Service] /compute_grasps → success=False msg='No images received from PnP camera.'
2026-04-15 15:42:44,522 ERROR    [FetchInput] /compute_grasps service failed → exiting: failed
2026-04-15 15:42:44,523 DEBUG    [TaskSelector] Evaluating zone states: {'A': 'EMPTY', 'B': 'EMPTY'}  busy: {'A': False, 'B': False}
2026-04-15 15:42:44,523 INFO     [TaskSelector] → do_load (zone A empty)
2026-04-15 15:42:44,524 INFO     [FetchInput] Entering state
2026-04-15 15:42:44,530 INFO     [Service] /compute_grasps → success=False msg='No images received from PnP camera.'
2026-04-15 15:42:44,530 ERROR    [FetchInput] /compute_grasps service failed → exiting: failed
2026-04-15 15:42:44,534 DEBUG    [TaskSelector] Evaluating zone states: {'A': 'EMPTY', 'B': 'EMPTY'}  busy: {'A': False, 'B': False}
2026-04-15 15:42:44,534 INFO     [TaskSelector] → do_load (zone A empty)
2026-04-15 15:42:44,536 INFO     [FetchInput] Entering state
2026-04-15 15:42:44,539 INFO     [Service] /compute_grasps → success=False msg='No images received from PnP camera.'
2026-04-15 15:42:44,540 ERROR    [FetchInput] /compute_grasps service failed → exiting: failed
2026-04-15 15:42:44,541 DEBUG    [TaskSelector] Evaluating zone states: {'A': 'EMPTY', 'B': 'EMPTY'}  busy: {'A': False, 'B': False}
2026-04-15 15:42:44,541 INFO     [TaskSelector] → do_load (zone A empty)
2026-04-15 15:42:44,542 INFO     [FetchInput] Entering state
2026-04-15 15:42:44,548 INFO     [Service] /compute_grasps → success=False msg='No images received from PnP camera.'
2026-04-15 15:42:44,549 ERROR    [FetchInput] /compute_grasps service failed → exiting: failed
2026-04-15 15:42:44,551 DEBUG    [TaskSelector] Evaluating zone states: {'A': 'EMPTY', 'B': 'EMPTY'}  busy: {'A': False, 'B': False}
2026-04-15 15:42:44,552 INFO     [TaskSelector] → do_load (zone A empty)
2026-04-15 15:42:44,553 INFO     [FetchInput] Entering state
2026-04-15 15:42:44,556 INFO     [Service] /compute_grasps → success=False msg='No images received from PnP camera.'
2026-04-15 15:42:44,556 ERROR    [FetchInput] /compute_grasps service failed → exiting: failed
2026-04-15 15:42:44,557 DEBUG    [TaskSelector] Evaluating zone states: {'A': 'EMPTY', 'B': 'EMPTY'}  busy: {'A': False, 'B': False}
2026-04-15 15:42:44,557 INFO     [TaskSelector] → do_load (zone A empty)
2026-04-15 15:42:44,558 INFO     [FetchInput] Entering state
2026-04-15 15:42:44,561 INFO     [Service] /compute_grasps → success=False msg='No images received from PnP camera.'
2026-04-15 15:42:44,561 ERROR    [FetchInput] /compute_grasps service failed → exiting: failed
2026-04-15 15:42:44,561 DEBUG    [TaskSelector] Evaluating zone states: {'A': 'EMPTY', 'B': 'EMPTY'}  busy: {'A': False, 'B': False}
2026-04-15 15:42:44,562 INFO     [TaskSelector] → do_load (zone A empty)
2026-04-15 15:42:44,562 INFO     [FetchInput] Entering state
2026-04-15 15:42:44,565 INFO     [Service] /compute_grasps → success=False msg='No images received from PnP camera.'
2026-04-15 15:42:44,566 ERROR    [FetchInput] /compute_grasps service failed → exiting: failed
2026-04-15 15:42:44,567 DEBUG    [TaskSelector] Evaluating zone states: {'A': 'EMPTY', 'B': 'EMPTY'}  busy: {'A': False, 'B': False}
2026-04-15 15:42:44,568 INFO     [TaskSelector] → do_load (zone A empty)
2026-04-15 15:42:44,569 INFO     [FetchInput] Entering state
2026-04-15 15:42:44,572 INFO     [Service] /compute_grasps → success=False msg='No images received from PnP camera.'
2026-04-15 15:42:44,572 ERROR    [FetchInput] /compute_grasps service failed → exiting: failed
2026-04-15 15:42:44,573 DEBUG    [TaskSelector] Evaluating zone states: {'A': 'EMPTY', 'B': 'EMPTY'}  busy: {'A': False, 'B': False}
2026-04-15 15:42:44,573 INFO     [TaskSelector] → do_load (zone A empty)
2026-04-15 15:42:44,574 INFO     [FetchInput] Entering state
2026-04-15 15:42:44,577 INFO     [Service] /compute_grasps → success=False msg='No images received from PnP camera.'
2026-04-15 15:42:44,577 ERROR    [FetchInput] /compute_grasps service failed → exiting: failed
2026-04-15 15:42:44,579 DEBUG    [TaskSelector] Evaluating zone states: {'A': 'EMPTY', 'B': 'EMPTY'}  busy: {'A': False, 'B': False}
2026-04-15 15:42:44,579 INFO     [TaskSelector] → do_load (zone A empty)
2026-04-15 15:42:44,580 INFO     [FetchInput] Entering state
2026-04-15 15:42:44,582 INFO     [Service] /compute_grasps → success=False msg='No images received from PnP camera.'
2026-04-15 15:42:44,582 ERROR    [FetchInput] /compute_grasps service failed → exiting: failed
2026-04-15 15:42:44,583 DEBUG    [TaskSelector] Evaluating zone states: {'A': 'EMPTY', 'B': 'EMPTY'}  busy: {'A': False, 'B': False}
2026-04-15 15:42:44,583 INFO     [TaskSelector] → do_load (zone A empty)
2026-04-15 15:42:44,585 INFO     [FetchInput] Entering state
2026-04-15 15:42:44,587 INFO     [Service] /compute_grasps → success=False msg='No images received from PnP camera.'
2026-04-15 15:42:44,587 ERROR    [FetchInput] /compute_grasps service failed → exiting: failed
2026-04-15 15:42:44,588 DEBUG    [TaskSelector] Evaluating zone states: {'A': 'EMPTY', 'B': 'EMPTY'}  busy: {'A': False, 'B': False}
2026-04-15 15:42:44,588 INFO     [TaskSelector] → do_load (zone A empty)
2026-04-15 15:42:44,589 INFO     [FetchInput] Entering state
2026-04-15 15:42:44,593 INFO     [Service] /compute_grasps → success=False msg='No images received from PnP camera.'
2026-04-15 15:42:44,593 ERROR    [FetchInput] /compute_grasps service failed → exiting: failed
2026-04-15 15:42:44,595 DEBUG    [TaskSelector] Evaluating zone states: {'A': 'EMPTY', 'B': 'EMPTY'}  busy: {'A': False, 'B': False}
2026-04-15 15:42:44,595 INFO     [TaskSelector] → do_load (zone A empty)
2026-04-15 15:42:44,597 INFO     [FetchInput] Entering state
2026-04-15 15:42:44,602 INFO     [Service] /compute_grasps → success=False msg='No images received from PnP camera.'
2026-04-15 15:42:44,602 ERROR    [FetchInput] /compute_grasps service failed → exiting: failed
2026-04-15 15:42:44,603 DEBUG    [TaskSelector] Evaluating zone states: {'A': 'EMPTY', 'B': 'EMPTY'}  busy: {'A': False, 'B': False}
2026-04-15 15:42:44,603 INFO     [TaskSelector] → do_load (zone A empty)
2026-04-15 15:42:44,604 INFO     [FetchInput] Entering state
2026-04-15 15:42:44,610 INFO     [Service] /compute_grasps → success=False msg='No images received from PnP camera.'
2026-04-15 15:42:44,611 ERROR    [FetchInput] /compute_grasps service failed → exiting: failed
2026-04-15 15:42:44,613 DEBUG    [TaskSelector] Evaluating zone states: {'A': 'EMPTY', 'B': 'EMPTY'}  busy: {'A': False, 'B': False}
2026-04-15 15:42:44,613 INFO     [TaskSelector] → do_load (zone A empty)
2026-04-15 15:42:44,614 INFO     [FetchInput] Entering state
2026-04-15 15:42:44,621 INFO     [Service] /compute_grasps → success=False msg='No images received from PnP camera.'
2026-04-15 15:42:44,621 ERROR    [FetchInput] /compute_grasps service failed → exiting: failed
2026-04-15 15:42:44,623 DEBUG    [TaskSelector] Evaluating zone states: {'A': 'EMPTY', 'B': 'EMPTY'}  busy: {'A': False, 'B': False}
2026-04-15 15:42:44,623 INFO     [TaskSelector] → do_load (zone A empty)
2026-04-15 15:42:44,623 INFO     [FetchInput] Entering state
2026-04-15 15:42:44,627 INFO     [Service] /compute_grasps → success=False msg='No images received from PnP camera.'
2026-04-15 15:42:44,627 ERROR    [FetchInput] /compute_grasps service failed → exiting: failed
2026-04-15 15:42:44,628 DEBUG    [TaskSelector] Evaluating zone states: {'A': 'EMPTY', 'B': 'EMPTY'}  busy: {'A': False, 'B': False}
2026-04-15 15:42:44,628 INFO     [TaskSelector] → do_load (zone A empty)
2026-04-15 15:42:44,629 INFO     [FetchInput] Entering state
2026-04-15 15:42:44,632 INFO     [Service] /compute_grasps → success=False msg='No images received from PnP camera.'
2026-04-15 15:42:44,632 ERROR    [FetchInput] /compute_grasps service failed → exiting: failed
2026-04-15 15:42:44,633 DEBUG    [TaskSelector] Evaluating zone states: {'A': 'EMPTY', 'B': 'EMPTY'}  busy: {'A': False, 'B': False}
2026-04-15 15:42:44,633 INFO     [TaskSelector] → do_load (zone A empty)
2026-04-15 15:42:44,634 INFO     [FetchInput] Entering state
2026-04-15 15:42:44,636 INFO     [Service] /compute_grasps → success=False msg='No images received from PnP camera.'
2026-04-15 15:42:44,636 ERROR    [FetchInput] /compute_grasps service failed → exiting: failed
2026-04-15 15:42:44,637 DEBUG    [TaskSelector] Evaluating zone states: {'A': 'EMPTY', 'B': 'EMPTY'}  busy: {'A': False, 'B': False}
2026-04-15 15:42:44,637 INFO     [TaskSelector] → do_load (zone A empty)
2026-04-15 15:42:44,638 INFO     [FetchInput] Entering state
2026-04-15 15:42:44,640 INFO     [Service] /compute_grasps → success=False msg='No images received from PnP camera.'
2026-04-15 15:42:44,641 ERROR    [FetchInput] /compute_grasps service failed → exiting: failed
2026-04-15 15:42:44,641 DEBUG    [TaskSelector] Evaluating zone states: {'A': 'EMPTY', 'B': 'EMPTY'}  busy: {'A': False, 'B': False}
2026-04-15 15:42:44,641 INFO     [TaskSelector] → do_load (zone A empty)
2026-04-15 15:42:44,642 INFO     [FetchInput] Entering state
2026-04-15 15:42:44,645 INFO     [Service] /compute_grasps → success=False msg='No images received from PnP camera.'
2026-04-15 15:42:44,645 ERROR    [FetchInput] /compute_grasps service failed → exiting: failed
2026-04-15 15:42:44,646 DEBUG    [TaskSelector] Evaluating zone states: {'A': 'EMPTY', 'B': 'EMPTY'}  busy: {'A': False, 'B': False}
2026-04-15 15:42:44,646 INFO     [TaskSelector] → do_load (zone A empty)
2026-04-15 15:42:44,646 INFO     [FetchInput] Entering state
2026-04-15 15:42:44,648 INFO     [Service] /compute_grasps → success=False msg='No images received from PnP camera.'
2026-04-15 15:42:44,649 ERROR    [FetchInput] /compute_grasps service failed → exiting: failed
2026-04-15 15:42:44,649 DEBUG    [TaskSelector] Evaluating zone states: {'A': 'EMPTY', 'B': 'EMPTY'}  busy: {'A': False, 'B': False}
2026-04-15 15:42:44,649 INFO     [TaskSelector] → do_load (zone A empty)
2026-04-15 15:42:44,650 INFO     [FetchInput] Entering state
2026-04-15 15:42:44,652 INFO     [Service] /compute_grasps → success=False msg='No images received from PnP camera.'
2026-04-15 15:42:44,652 ERROR    [FetchInput] /compute_grasps service failed → exiting: failed
2026-04-15 15:42:44,653 DEBUG    [TaskSelector] Evaluating zone states: {'A': 'EMPTY', 'B': 'EMPTY'}  busy: {'A': False, 'B': False}
2026-04-15 15:42:44,653 INFO     [TaskSelector] → do_load (zone A empty)
2026-04-15 15:42:44,654 INFO     [FetchInput] Entering state
2026-04-15 15:42:44,656 INFO     [Service] /compute_grasps → success=False msg='No images received from PnP camera.'
2026-04-15 15:42:44,657 ERROR    [FetchInput] /compute_grasps service failed → exiting: failed
2026-04-15 15:42:44,659 DEBUG    [TaskSelector] Evaluating zone states: {'A': 'EMPTY', 'B': 'EMPTY'}  busy: {'A': False, 'B': False}
2026-04-15 15:42:44,659 INFO     [TaskSelector] → do_load (zone A empty)
2026-04-15 15:42:44,660 INFO     [FetchInput] Entering state
2026-04-15 15:42:44,665 INFO     [Service] /compute_grasps → success=False msg='No images received from PnP camera.'
2026-04-15 15:42:44,666 ERROR    [FetchInput] /compute_grasps service failed → exiting: failed
2026-04-15 15:42:44,667 DEBUG    [TaskSelector] Evaluating zone states: {'A': 'EMPTY', 'B': 'EMPTY'}  busy: {'A': False, 'B': False}
2026-04-15 15:42:44,668 INFO     [TaskSelector] → do_load (zone A empty)
2026-04-15 15:42:44,669 INFO     [FetchInput] Entering state
2026-04-15 15:42:44,673 INFO     [Service] /compute_grasps → success=False msg='No images received from PnP camera.'
2026-04-15 15:42:44,673 ERROR    [FetchInput] /compute_grasps service failed → exiting: failed
2026-04-15 15:42:44,677 DEBUG    [TaskSelector] Evaluating zone states: {'A': 'EMPTY', 'B': 'EMPTY'}  busy: {'A': False, 'B': False}
2026-04-15 15:42:44,677 INFO     [TaskSelector] → do_load (zone A empty)
2026-04-15 15:42:44,680 INFO     [FetchInput] Entering state
2026-04-15 15:42:44,685 INFO     [Service] /compute_grasps → success=False msg='No images received from PnP camera.'
2026-04-15 15:42:44,685 ERROR    [FetchInput] /compute_grasps service failed → exiting: failed
2026-04-15 15:42:44,687 DEBUG    [TaskSelector] Evaluating zone states: {'A': 'EMPTY', 'B': 'EMPTY'}  busy: {'A': False, 'B': False}
2026-04-15 15:42:44,688 INFO     [TaskSelector] → do_load (zone A empty)
2026-04-15 15:42:44,689 INFO     [FetchInput] Entering state
2026-04-15 15:42:44,691 INFO     [Service] /compute_grasps → success=False msg='No images received from PnP camera.'
2026-04-15 15:42:44,691 ERROR    [FetchInput] /compute_grasps service failed → exiting: failed
2026-04-15 15:42:44,692 DEBUG    [TaskSelector] Evaluating zone states: {'A': 'EMPTY', 'B': 'EMPTY'}  busy: {'A': False, 'B': False}
2026-04-15 15:42:44,692 INFO     [TaskSelector] → do_load (zone A empty)
2026-04-15 15:42:44,693 INFO     [FetchInput] Entering state
2026-04-15 15:42:44,696 INFO     [Service] /compute_grasps → success=False msg='No images received from PnP camera.'
2026-04-15 15:42:44,696 ERROR    [FetchInput] /compute_grasps service failed → exiting: failed
2026-04-15 15:42:44,697 DEBUG    [TaskSelector] Evaluating zone states: {'A': 'EMPTY', 'B': 'EMPTY'}  busy: {'A': False, 'B': False}
2026-04-15 15:42:44,697 INFO     [TaskSelector] → do_load (zone A empty)
2026-04-15 15:42:44,697 INFO     [FetchInput] Entering state
2026-04-15 15:42:44,700 INFO     [Service] /compute_grasps → success=False msg='No images received from PnP camera.'
2026-04-15 15:42:44,700 ERROR    [FetchInput] /compute_grasps service failed → exiting: failed
2026-04-15 15:42:44,701 DEBUG    [TaskSelector] Evaluating zone states: {'A': 'EMPTY', 'B': 'EMPTY'}  busy: {'A': False, 'B': False}
2026-04-15 15:42:44,701 INFO     [TaskSelector] → do_load (zone A empty)
2026-04-15 15:42:44,702 INFO     [FetchInput] Entering state
2026-04-15 15:42:44,704 INFO     [Service] /compute_grasps → success=False msg='No images received from PnP camera.'
2026-04-15 15:42:44,704 ERROR    [FetchInput] /compute_grasps service failed → exiting: failed
2026-04-15 15:42:44,705 DEBUG    [TaskSelector] Evaluating zone states: {'A': 'EMPTY', 'B': 'EMPTY'}  busy: {'A': False, 'B': False}
2026-04-15 15:42:44,705 INFO     [TaskSelector] → do_load (zone A empty)
2026-04-15 15:42:44,706 INFO     [FetchInput] Entering state
2026-04-15 15:42:44,708 INFO     [Service] /compute_grasps → success=False msg='No images received from PnP camera.'
2026-04-15 15:42:44,709 ERROR    [FetchInput] /compute_grasps service failed → exiting: failed
2026-04-15 15:42:44,710 DEBUG    [TaskSelector] Evaluating zone states: {'A': 'EMPTY', 'B': 'EMPTY'}  busy: {'A': False, 'B': False}
2026-04-15 15:42:44,710 INFO     [TaskSelector] → do_load (zone A empty)
2026-04-15 15:42:44,710 INFO     [FetchInput] Entering state
2026-04-15 15:42:44,712 INFO     [Service] /compute_grasps → success=False msg='No images received from PnP camera.'
2026-04-15 15:42:44,713 ERROR    [FetchInput] /compute_grasps service failed → exiting: failed
2026-04-15 15:42:44,713 DEBUG    [TaskSelector] Evaluating zone states: {'A': 'EMPTY', 'B': 'EMPTY'}  busy: {'A': False, 'B': False}
2026-04-15 15:42:44,713 INFO     [TaskSelector] → do_load (zone A empty)
2026-04-15 15:42:44,714 INFO     [FetchInput] Entering state
2026-04-15 15:42:44,716 INFO     [Service] /compute_grasps → success=False msg='No images received from PnP camera.'
2026-04-15 15:42:44,716 ERROR    [FetchInput] /compute_grasps service failed → exiting: failed
2026-04-15 15:42:44,717 DEBUG    [TaskSelector] Evaluating zone states: {'A': 'EMPTY', 'B': 'EMPTY'}  busy: {'A': False, 'B': False}
2026-04-15 15:42:44,717 INFO     [TaskSelector] → do_load (zone A empty)
2026-04-15 15:42:44,718 INFO     [FetchInput] Entering state
2026-04-15 15:42:44,720 INFO     [Service] /compute_grasps → success=False msg='No images received from PnP camera.'
2026-04-15 15:42:44,720 ERROR    [FetchInput] /compute_grasps service failed → exiting: failed
2026-04-15 15:42:44,721 DEBUG    [TaskSelector] Evaluating zone states: {'A': 'EMPTY', 'B': 'EMPTY'}  busy: {'A': False, 'B': False}
2026-04-15 15:42:44,721 INFO     [TaskSelector] → do_load (zone A empty)
2026-04-15 15:42:44,722 INFO     [FetchInput] Entering state
2026-04-15 15:42:44,724 INFO     [Service] /compute_grasps → success=False msg='No images received from PnP camera.'
2026-04-15 15:42:44,725 ERROR    [FetchInput] /compute_grasps service failed → exiting: failed
2026-04-15 15:42:44,726 DEBUG    [TaskSelector] Evaluating zone states: {'A': 'EMPTY', 'B': 'EMPTY'}  busy: {'A': False, 'B': False}
2026-04-15 15:42:44,727 INFO     [TaskSelector] → do_load (zone A empty)
2026-04-15 15:42:44,728 INFO     [FetchInput] Entering state
2026-04-15 15:42:44,734 INFO     [Service] /compute_grasps → success=False msg='No images received from PnP camera.'
2026-04-15 15:42:44,734 ERROR    [FetchInput] /compute_grasps service failed → exiting: failed
2026-04-15 15:42:44,735 DEBUG    [TaskSelector] Evaluating zone states: {'A': 'EMPTY', 'B': 'EMPTY'}  busy: {'A': False, 'B': False}
2026-04-15 15:42:44,736 INFO     [TaskSelector] → do_load (zone A empty)
2026-04-15 15:42:44,737 INFO     [FetchInput] Entering state
2026-04-15 15:42:44,741 INFO     [Service] /compute_grasps → success=False msg='No images received from PnP camera.'
2026-04-15 15:42:44,741 ERROR    [FetchInput] /compute_grasps service failed → exiting: failed
2026-04-15 15:42:44,742 DEBUG    [TaskSelector] Evaluating zone states: {'A': 'EMPTY', 'B': 'EMPTY'}  busy: {'A': False, 'B': False}
2026-04-15 15:42:44,743 INFO     [TaskSelector] → do_load (zone A empty)
2026-04-15 15:42:44,744 INFO     [FetchInput] Entering state
2026-04-15 15:42:44,750 INFO     [Service] /compute_grasps → success=False msg='No images received from PnP camera.'
2026-04-15 15:42:44,750 ERROR    [FetchInput] /compute_grasps service failed → exiting: failed
2026-04-15 15:42:44,752 DEBUG    [TaskSelector] Evaluating zone states: {'A': 'EMPTY', 'B': 'EMPTY'}  busy: {'A': False, 'B': False}
2026-04-15 15:42:44,753 INFO     [TaskSelector] → do_load (zone A empty)
2026-04-15 15:42:44,754 INFO     [FetchInput] Entering state
2026-04-15 15:42:44,757 INFO     [Service] /compute_grasps → success=False msg='No images received from PnP camera.'
2026-04-15 15:42:44,757 ERROR    [FetchInput] /compute_grasps service failed → exiting: failed
2026-04-15 15:42:44,759 DEBUG    [TaskSelector] Evaluating zone states: {'A': 'EMPTY', 'B': 'EMPTY'}  busy: {'A': False, 'B': False}
2026-04-15 15:42:44,759 INFO     [TaskSelector] → do_load (zone A empty)
2026-04-15 15:42:44,759 INFO     [FetchInput] Entering state
2026-04-15 15:42:44,762 INFO     [Service] /compute_grasps → success=False msg='No images received from PnP camera.'
2026-04-15 15:42:44,762 ERROR    [FetchInput] /compute_grasps service failed → exiting: failed
2026-04-15 15:42:44,763 DEBUG    [TaskSelector] Evaluating zone states: {'A': 'EMPTY', 'B': 'EMPTY'}  busy: {'A': False, 'B': False}
2026-04-15 15:42:44,763 INFO     [TaskSelector] → do_load (zone A empty)
2026-04-15 15:42:44,764 INFO     [FetchInput] Entering state
2026-04-15 15:42:44,767 INFO     [Service] /compute_grasps → success=False msg='No images received from PnP camera.'
2026-04-15 15:42:44,767 ERROR    [FetchInput] /compute_grasps service failed → exiting: failed
2026-04-15 15:42:44,768 DEBUG    [TaskSelector] Evaluating zone states: {'A': 'EMPTY', 'B': 'EMPTY'}  busy: {'A': False, 'B': False}
2026-04-15 15:42:44,768 INFO     [TaskSelector] → do_load (zone A empty)
2026-04-15 15:42:44,768 INFO     [FetchInput] Entering state
2026-04-15 15:42:44,771 INFO     [Service] /compute_grasps → success=False msg='No images received from PnP camera.'
2026-04-15 15:42:44,771 ERROR    [FetchInput] /compute_grasps service failed → exiting: failed
2026-04-15 15:42:44,772 DEBUG    [TaskSelector] Evaluating zone states: {'A': 'EMPTY', 'B': 'EMPTY'}  busy: {'A': False, 'B': False}
2026-04-15 15:42:44,772 INFO     [TaskSelector] → do_load (zone A empty)
2026-04-15 15:42:44,773 INFO     [FetchInput] Entering state
2026-04-15 15:42:44,776 INFO     [Service] /compute_grasps → success=False msg='No images received from PnP camera.'
2026-04-15 15:42:44,776 ERROR    [FetchInput] /compute_grasps service failed → exiting: failed
2026-04-15 15:42:44,777 DEBUG    [TaskSelector] Evaluating zone states: {'A': 'EMPTY', 'B': 'EMPTY'}  busy: {'A': False, 'B': False}
2026-04-15 15:42:44,777 INFO     [TaskSelector] → do_load (zone A empty)
2026-04-15 15:42:44,778 INFO     [FetchInput] Entering state
2026-04-15 15:42:44,780 INFO     [Service] /compute_grasps → success=False msg='No images received from PnP camera.'
2026-04-15 15:42:44,780 ERROR    [FetchInput] /compute_grasps service failed → exiting: failed
2026-04-15 15:42:44,781 DEBUG    [TaskSelector] Evaluating zone states: {'A': 'EMPTY', 'B': 'EMPTY'}  busy: {'A': False, 'B': False}
2026-04-15 15:42:44,781 INFO     [TaskSelector] → do_load (zone A empty)
2026-04-15 15:42:44,782 INFO     [FetchInput] Entering state
2026-04-15 15:42:44,784 INFO     [Service] /compute_grasps → success=False msg='No images received from PnP camera.'
2026-04-15 15:42:44,784 ERROR    [FetchInput] /compute_grasps service failed → exiting: failed
2026-04-15 15:42:44,785 DEBUG    [TaskSelector] Evaluating zone states: {'A': 'EMPTY', 'B': 'EMPTY'}  busy: {'A': False, 'B': False}
2026-04-15 15:42:44,785 INFO     [TaskSelector] → do_load (zone A empty)
2026-04-15 15:42:44,786 INFO     [FetchInput] Entering state
2026-04-15 15:42:44,789 INFO     [Service] /compute_grasps → success=False msg='No images received from PnP camera.'
2026-04-15 15:42:44,789 ERROR    [FetchInput] /compute_grasps service failed → exiting: failed
2026-04-15 15:42:44,791 DEBUG    [TaskSelector] Evaluating zone states: {'A': 'EMPTY', 'B': 'EMPTY'}  busy: {'A': False, 'B': False}
2026-04-15 15:42:44,791 INFO     [TaskSelector] → do_load (zone A empty)
2026-04-15 15:42:44,791 INFO     [FetchInput] Entering state
2026-04-15 15:42:44,795 INFO     [Service] /compute_grasps → success=False msg='No images received from PnP camera.'
2026-04-15 15:42:44,795 ERROR    [FetchInput] /compute_grasps service failed → exiting: failed
2026-04-15 15:42:44,797 DEBUG    [TaskSelector] Evaluating zone states: {'A': 'EMPTY', 'B': 'EMPTY'}  busy: {'A': False, 'B': False}
2026-04-15 15:42:44,797 INFO     [TaskSelector] → do_load (zone A empty)
2026-04-15 15:42:44,799 INFO     [FetchInput] Entering state
2026-04-15 15:42:44,802 INFO     [Service] /compute_grasps → success=False msg='No images received from PnP camera.'
2026-04-15 15:42:44,802 ERROR    [FetchInput] /compute_grasps service failed → exiting: failed
2026-04-15 15:42:44,804 DEBUG    [TaskSelector] Evaluating zone states: {'A': 'EMPTY', 'B': 'EMPTY'}  busy: {'A': False, 'B': False}
2026-04-15 15:42:44,804 INFO     [TaskSelector] → do_load (zone A empty)
2026-04-15 15:42:44,806 INFO     [FetchInput] Entering state
2026-04-15 15:42:44,812 INFO     [Service] /compute_grasps → success=False msg='No images received from PnP camera.'
2026-04-15 15:42:44,812 ERROR    [FetchInput] /compute_grasps service failed → exiting: failed
2026-04-15 15:42:44,813 DEBUG    [TaskSelector] Evaluating zone states: {'A': 'EMPTY', 'B': 'EMPTY'}  busy: {'A': False, 'B': False}
2026-04-15 15:42:44,814 INFO     [TaskSelector] → do_load (zone A empty)
2026-04-15 15:42:44,815 INFO     [FetchInput] Entering state
2026-04-15 15:42:44,818 INFO     [Service] /compute_grasps → success=False msg='No images received from PnP camera.'
2026-04-15 15:42:44,818 ERROR    [FetchInput] /compute_grasps service failed → exiting: failed
2026-04-15 15:42:44,819 DEBUG    [TaskSelector] Evaluating zone states: {'A': 'EMPTY', 'B': 'EMPTY'}  busy: {'A': False, 'B': False}
2026-04-15 15:42:44,819 INFO     [TaskSelector] → do_load (zone A empty)
2026-04-15 15:42:44,820 INFO     [FetchInput] Entering state
2026-04-15 15:42:44,823 INFO     [Service] /compute_grasps → success=False msg='No images received from PnP camera.'
2026-04-15 15:42:44,823 ERROR    [FetchInput] /compute_grasps service failed → exiting: failed
2026-04-15 15:42:44,825 DEBUG    [TaskSelector] Evaluating zone states: {'A': 'EMPTY', 'B': 'EMPTY'}  busy: {'A': False, 'B': False}
2026-04-15 15:42:44,825 INFO     [TaskSelector] → do_load (zone A empty)
2026-04-15 15:42:44,826 INFO     [FetchInput] Entering state
2026-04-15 15:42:44,830 INFO     [Service] /compute_grasps → success=False msg='No images received from PnP camera.'
2026-04-15 15:42:44,830 ERROR    [FetchInput] /compute_grasps service failed → exiting: failed
2026-04-15 15:42:44,831 DEBUG    [TaskSelector] Evaluating zone states: {'A': 'EMPTY', 'B': 'EMPTY'}  busy: {'A': False, 'B': False}
2026-04-15 15:42:44,831 INFO     [TaskSelector] → do_load (zone A empty)
2026-04-15 15:42:44,831 INFO     [FetchInput] Entering state
2026-04-15 15:42:44,834 INFO     [Service] /compute_grasps → success=False msg='No images received from PnP camera.'
2026-04-15 15:42:44,834 ERROR    [FetchInput] /compute_grasps service failed → exiting: failed
2026-04-15 15:42:44,835 DEBUG    [TaskSelector] Evaluating zone states: {'A': 'EMPTY', 'B': 'EMPTY'}  busy: {'A': False, 'B': False}
2026-04-15 15:42:44,835 INFO     [TaskSelector] → do_load (zone A empty)
2026-04-15 15:42:44,836 INFO     [FetchInput] Entering state
2026-04-15 15:42:44,838 INFO     [Service] /compute_grasps → success=False msg='No images received from PnP camera.'
2026-04-15 15:42:44,838 ERROR    [FetchInput] /compute_grasps service failed → exiting: failed
2026-04-15 15:42:44,839 DEBUG    [TaskSelector] Evaluating zone states: {'A': 'EMPTY', 'B': 'EMPTY'}  busy: {'A': False, 'B': False}
2026-04-15 15:42:44,839 INFO     [TaskSelector] → do_load (zone A empty)
2026-04-15 15:42:44,840 INFO     [FetchInput] Entering state
2026-04-15 15:42:44,842 INFO     [Service] /compute_grasps → success=False msg='No images received from PnP camera.'
2026-04-15 15:42:44,842 ERROR    [FetchInput] /compute_grasps service failed → exiting: failed
2026-04-15 15:42:44,843 DEBUG    [TaskSelector] Evaluating zone states: {'A': 'EMPTY', 'B': 'EMPTY'}  busy: {'A': False, 'B': False}
2026-04-15 15:42:44,843 INFO     [TaskSelector] → do_load (zone A empty)
2026-04-15 15:42:44,844 INFO     [FetchInput] Entering state
2026-04-15 15:42:44,846 INFO     [Service] /compute_grasps → success=False msg='No images received from PnP camera.'
2026-04-15 15:42:44,846 ERROR    [FetchInput] /compute_grasps service failed → exiting: failed
2026-04-15 15:42:44,847 DEBUG    [TaskSelector] Evaluating zone states: {'A': 'EMPTY', 'B': 'EMPTY'}  busy: {'A': False, 'B': False}
2026-04-15 15:42:44,847 INFO     [TaskSelector] → do_load (zone A empty)
2026-04-15 15:42:44,848 INFO     [FetchInput] Entering state
2026-04-15 15:42:44,850 INFO     [Service] /compute_grasps → success=False msg='No images received from PnP camera.'
2026-04-15 15:42:44,850 ERROR    [FetchInput] /compute_grasps service failed → exiting: failed
2026-04-15 15:42:44,851 DEBUG    [TaskSelector] Evaluating zone states: {'A': 'EMPTY', 'B': 'EMPTY'}  busy: {'A': False, 'B': False}
2026-04-15 15:42:44,851 INFO     [TaskSelector] → do_load (zone A empty)
2026-04-15 15:42:44,852 INFO     [FetchInput] Entering state
2026-04-15 15:42:44,854 INFO     [Service] /compute_grasps → success=False msg='No images received from PnP camera.'
2026-04-15 15:42:44,854 ERROR    [FetchInput] /compute_grasps service failed → exiting: failed
2026-04-15 15:42:44,855 DEBUG    [TaskSelector] Evaluating zone states: {'A': 'EMPTY', 'B': 'EMPTY'}  busy: {'A': False, 'B': False}
2026-04-15 15:42:44,855 INFO     [TaskSelector] → do_load (zone A empty)
2026-04-15 15:42:44,856 INFO     [FetchInput] Entering state
2026-04-15 15:42:44,859 INFO     [Service] /compute_grasps → success=False msg='No images received from PnP camera.'
2026-04-15 15:42:44,859 ERROR    [FetchInput] /compute_grasps service failed → exiting: failed
2026-04-15 15:42:44,861 DEBUG    [TaskSelector] Evaluating zone states: {'A': 'EMPTY', 'B': 'EMPTY'}  busy: {'A': False, 'B': False}
2026-04-15 15:42:44,861 INFO     [TaskSelector] → do_load (zone A empty)
2026-04-15 15:42:44,862 INFO     [FetchInput] Entering state
2026-04-15 15:42:44,866 INFO     [Service] /compute_grasps → success=False msg='No images received from PnP camera.'
2026-04-15 15:42:44,866 ERROR    [FetchInput] /compute_grasps service failed → exiting: failed
2026-04-15 15:42:44,867 DEBUG    [TaskSelector] Evaluating zone states: {'A': 'EMPTY', 'B': 'EMPTY'}  busy: {'A': False, 'B': False}
2026-04-15 15:42:44,867 INFO     [TaskSelector] → do_load (zone A empty)
2026-04-15 15:42:44,868 INFO     [FetchInput] Entering state
2026-04-15 15:42:44,872 INFO     [Service] /compute_grasps → success=False msg='No images received from PnP camera.'
2026-04-15 15:42:44,872 ERROR    [FetchInput] /compute_grasps service failed → exiting: failed
2026-04-15 15:42:44,875 DEBUG    [TaskSelector] Evaluating zone states: {'A': 'EMPTY', 'B': 'EMPTY'}  busy: {'A': False, 'B': False}
2026-04-15 15:42:44,876 INFO     [TaskSelector] → do_load (zone A empty)
2026-04-15 15:42:44,880 INFO     [FetchInput] Entering state
2026-04-15 15:42:44,888 INFO     [Service] /compute_grasps → success=False msg='No images received from PnP camera.'
2026-04-15 15:42:44,888 ERROR    [FetchInput] /compute_grasps service failed → exiting: failed
2026-04-15 15:42:44,889 DEBUG    [TaskSelector] Evaluating zone states: {'A': 'EMPTY', 'B': 'EMPTY'}  busy: {'A': False, 'B': False}
2026-04-15 15:42:44,889 INFO     [TaskSelector] → do_load (zone A empty)
2026-04-15 15:42:44,890 INFO     [FetchInput] Entering state
2026-04-15 15:42:44,892 INFO     [Service] /compute_grasps → success=False msg='No images received from PnP camera.'
2026-04-15 15:42:44,892 ERROR    [FetchInput] /compute_grasps service failed → exiting: failed
2026-04-15 15:42:44,893 DEBUG    [TaskSelector] Evaluating zone states: {'A': 'EMPTY', 'B': 'EMPTY'}  busy: {'A': False, 'B': False}
2026-04-15 15:42:44,893 INFO     [TaskSelector] → do_load (zone A empty)
2026-04-15 15:42:44,894 INFO     [FetchInput] Entering state
2026-04-15 15:42:44,897 INFO     [Service] /compute_grasps → success=False msg='No images received from PnP camera.'
2026-04-15 15:42:44,897 ERROR    [FetchInput] /compute_grasps service failed → exiting: failed
2026-04-15 15:42:44,898 DEBUG    [TaskSelector] Evaluating zone states: {'A': 'EMPTY', 'B': 'EMPTY'}  busy: {'A': False, 'B': False}
2026-04-15 15:42:44,898 INFO     [TaskSelector] → do_load (zone A empty)
2026-04-15 15:42:44,898 INFO     [FetchInput] Entering state
2026-04-15 15:42:44,901 INFO     [Service] /compute_grasps → success=False msg='No images received from PnP camera.'
2026-04-15 15:42:44,901 ERROR    [FetchInput] /compute_grasps service failed → exiting: failed
2026-04-15 15:42:44,902 DEBUG    [TaskSelector] Evaluating zone states: {'A': 'EMPTY', 'B': 'EMPTY'}  busy: {'A': False, 'B': False}
2026-04-15 15:42:44,902 INFO     [TaskSelector] → do_load (zone A empty)
2026-04-15 15:42:44,903 INFO     [FetchInput] Entering state
2026-04-15 15:42:44,905 INFO     [Service] /compute_grasps → success=False msg='No images received from PnP camera.'
2026-04-15 15:42:44,905 ERROR    [FetchInput] /compute_grasps service failed → exiting: failed
2026-04-15 15:42:44,906 DEBUG    [TaskSelector] Evaluating zone states: {'A': 'EMPTY', 'B': 'EMPTY'}  busy: {'A': False, 'B': False}
2026-04-15 15:42:44,906 INFO     [TaskSelector] → do_load (zone A empty)
2026-04-15 15:42:44,907 INFO     [FetchInput] Entering state
2026-04-15 15:42:44,910 INFO     [Service] /compute_grasps → success=False msg='No images received from PnP camera.'
2026-04-15 15:42:44,910 ERROR    [FetchInput] /compute_grasps service failed → exiting: failed
2026-04-15 15:42:44,911 DEBUG    [TaskSelector] Evaluating zone states: {'A': 'EMPTY', 'B': 'EMPTY'}  busy: {'A': False, 'B': False}
2026-04-15 15:42:44,911 INFO     [TaskSelector] → do_load (zone A empty)
2026-04-15 15:42:44,912 INFO     [FetchInput] Entering state
2026-04-15 15:42:44,914 INFO     [Service] /compute_grasps → success=False msg='No images received from PnP camera.'
2026-04-15 15:42:44,914 ERROR    [FetchInput] /compute_grasps service failed → exiting: failed
2026-04-15 15:42:44,915 DEBUG    [TaskSelector] Evaluating zone states: {'A': 'EMPTY', 'B': 'EMPTY'}  busy: {'A': False, 'B': False}
2026-04-15 15:42:44,915 INFO     [TaskSelector] → do_load (zone A empty)
2026-04-15 15:42:44,916 INFO     [FetchInput] Entering state
2026-04-15 15:42:44,918 INFO     [Service] /compute_grasps → success=False msg='No images received from PnP camera.'
2026-04-15 15:42:44,918 ERROR    [FetchInput] /compute_grasps service failed → exiting: failed
2026-04-15 15:42:44,919 DEBUG    [TaskSelector] Evaluating zone states: {'A': 'EMPTY', 'B': 'EMPTY'}  busy: {'A': False, 'B': False}
2026-04-15 15:42:44,919 INFO     [TaskSelector] → do_load (zone A empty)
2026-04-15 15:42:44,920 INFO     [FetchInput] Entering state
2026-04-15 15:42:44,922 INFO     [Service] /compute_grasps → success=False msg='No images received from PnP camera.'
2026-04-15 15:42:44,922 ERROR    [FetchInput] /compute_grasps service failed → exiting: failed
2026-04-15 15:42:44,923 DEBUG    [TaskSelector] Evaluating zone states: {'A': 'EMPTY', 'B': 'EMPTY'}  busy: {'A': False, 'B': False}
2026-04-15 15:42:44,923 INFO     [TaskSelector] → do_load (zone A empty)
2026-04-15 15:42:44,924 INFO     [FetchInput] Entering state
2026-04-15 15:42:44,928 INFO     [Service] /compute_grasps → success=False msg='No images received from PnP camera.'
2026-04-15 15:42:44,929 ERROR    [FetchInput] /compute_grasps service failed → exiting: failed
2026-04-15 15:42:44,930 DEBUG    [TaskSelector] Evaluating zone states: {'A': 'EMPTY', 'B': 'EMPTY'}  busy: {'A': False, 'B': False}
2026-04-15 15:42:44,930 INFO     [TaskSelector] → do_load (zone A empty)
2026-04-15 15:42:44,932 INFO     [FetchInput] Entering state
2026-04-15 15:42:44,935 INFO     [Service] /compute_grasps → success=False msg='No images received from PnP camera.'
2026-04-15 15:42:44,935 ERROR    [FetchInput] /compute_grasps service failed → exiting: failed
2026-04-15 15:42:44,936 DEBUG    [TaskSelector] Evaluating zone states: {'A': 'EMPTY', 'B': 'EMPTY'}  busy: {'A': False, 'B': False}
2026-04-15 15:42:44,936 INFO     [TaskSelector] → do_load (zone A empty)
2026-04-15 15:42:44,938 INFO     [FetchInput] Entering state
2026-04-15 15:42:44,944 INFO     [Service] /compute_grasps → success=False msg='No images received from PnP camera.'
2026-04-15 15:42:44,945 ERROR    [FetchInput] /compute_grasps service failed → exiting: failed
2026-04-15 15:42:44,947 DEBUG    [TaskSelector] Evaluating zone states: {'A': 'EMPTY', 'B': 'EMPTY'}  busy: {'A': False, 'B': False}
2026-04-15 15:42:44,948 INFO     [TaskSelector] → do_load (zone A empty)
2026-04-15 15:42:44,950 INFO     [FetchInput] Entering state
2026-04-15 15:42:44,953 INFO     [Service] /compute_grasps → success=False msg='No images received from PnP camera.'
2026-04-15 15:42:44,953 ERROR    [FetchInput] /compute_grasps service failed → exiting: failed
2026-04-15 15:42:44,954 DEBUG    [TaskSelector] Evaluating zone states: {'A': 'EMPTY', 'B': 'EMPTY'}  busy: {'A': False, 'B': False}
2026-04-15 15:42:44,954 INFO     [TaskSelector] → do_load (zone A empty)
2026-04-15 15:42:44,955 INFO     [FetchInput] Entering state
2026-04-15 15:42:44,958 INFO     [Service] /compute_grasps → success=False msg='No images received from PnP camera.'
2026-04-15 15:42:44,958 ERROR    [FetchInput] /compute_grasps service failed → exiting: failed
2026-04-15 15:42:44,959 DEBUG    [TaskSelector] Evaluating zone states: {'A': 'EMPTY', 'B': 'EMPTY'}  busy: {'A': False, 'B': False}
2026-04-15 15:42:44,960 INFO     [TaskSelector] → do_load (zone A empty)
2026-04-15 15:42:44,960 INFO     [FetchInput] Entering state
2026-04-15 15:42:44,962 INFO     [Service] /compute_grasps → success=False msg='No images received from PnP camera.'
2026-04-15 15:42:44,962 ERROR    [FetchInput] /compute_grasps service failed → exiting: failed
2026-04-15 15:42:44,963 DEBUG    [TaskSelector] Evaluating zone states: {'A': 'EMPTY', 'B': 'EMPTY'}  busy: {'A': False, 'B': False}
2026-04-15 15:42:44,963 INFO     [TaskSelector] → do_load (zone A empty)
2026-04-15 15:42:44,964 INFO     [FetchInput] Entering state
2026-04-15 15:42:44,966 INFO     [Service] /compute_grasps → success=False msg='No images received from PnP camera.'
2026-04-15 15:42:44,966 ERROR    [FetchInput] /compute_grasps service failed → exiting: failed
2026-04-15 15:42:44,966 DEBUG    [TaskSelector] Evaluating zone states: {'A': 'EMPTY', 'B': 'EMPTY'}  busy: {'A': False, 'B': False}
2026-04-15 15:42:44,966 INFO     [TaskSelector] → do_load (zone A empty)
2026-04-15 15:42:44,968 INFO     [FetchInput] Entering state
2026-04-15 15:42:44,970 INFO     [Service] /compute_grasps → success=False msg='No images received from PnP camera.'
2026-04-15 15:42:44,970 ERROR    [FetchInput] /compute_grasps service failed → exiting: failed
2026-04-15 15:42:44,971 DEBUG    [TaskSelector] Evaluating zone states: {'A': 'EMPTY', 'B': 'EMPTY'}  busy: {'A': False, 'B': False}
2026-04-15 15:42:44,971 INFO     [TaskSelector] → do_load (zone A empty)
2026-04-15 15:42:44,971 INFO     [FetchInput] Entering state
2026-04-15 15:42:44,974 INFO     [Service] /compute_grasps → success=False msg='No images received from PnP camera.'
2026-04-15 15:42:44,974 ERROR    [FetchInput] /compute_grasps service failed → exiting: failed
2026-04-15 15:42:44,975 DEBUG    [TaskSelector] Evaluating zone states: {'A': 'EMPTY', 'B': 'EMPTY'}  busy: {'A': False, 'B': False}
2026-04-15 15:42:44,976 INFO     [TaskSelector] → do_load (zone A empty)
2026-04-15 15:42:44,977 INFO     [FetchInput] Entering state
2026-04-15 15:42:44,980 INFO     [Service] /compute_grasps → success=False msg='No images received from PnP camera.'
2026-04-15 15:42:44,980 ERROR    [FetchInput] /compute_grasps service failed → exiting: failed
2026-04-15 15:42:44,981 DEBUG    [TaskSelector] Evaluating zone states: {'A': 'EMPTY', 'B': 'EMPTY'}  busy: {'A': False, 'B': False}
2026-04-15 15:42:44,982 INFO     [TaskSelector] → do_load (zone A empty)
2026-04-15 15:42:44,983 INFO     [FetchInput] Entering state
2026-04-15 15:42:44,985 INFO     [Service] /compute_grasps → success=False msg='No images received from PnP camera.'
2026-04-15 15:42:44,985 ERROR    [FetchInput] /compute_grasps service failed → exiting: failed
2026-04-15 15:42:44,986 DEBUG    [TaskSelector] Evaluating zone states: {'A': 'EMPTY', 'B': 'EMPTY'}  busy: {'A': False, 'B': False}
2026-04-15 15:42:44,986 INFO     [TaskSelector] → do_load (zone A empty)
2026-04-15 15:42:44,987 INFO     [FetchInput] Entering state
2026-04-15 15:42:44,989 INFO     [Service] /compute_grasps → success=False msg='No images received from PnP camera.'
2026-04-15 15:42:44,990 ERROR    [FetchInput] /compute_grasps service failed → exiting: failed
2026-04-15 15:42:44,991 DEBUG    [TaskSelector] Evaluating zone states: {'A': 'EMPTY', 'B': 'EMPTY'}  busy: {'A': False, 'B': False}
2026-04-15 15:42:44,991 INFO     [TaskSelector] → do_load (zone A empty)
2026-04-15 15:42:44,992 INFO     [FetchInput] Entering state
2026-04-15 15:42:44,996 INFO     [Service] /compute_grasps → success=False msg='No images received from PnP camera.'
2026-04-15 15:42:44,997 ERROR    [FetchInput] /compute_grasps service failed → exiting: failed
2026-04-15 15:42:44,998 DEBUG    [TaskSelector] Evaluating zone states: {'A': 'EMPTY', 'B': 'EMPTY'}  busy: {'A': False, 'B': False}
2026-04-15 15:42:44,998 INFO     [TaskSelector] → do_load (zone A empty)
2026-04-15 15:42:44,999 INFO     [FetchInput] Entering state
2026-04-15 15:42:45,003 INFO     [Service] /compute_grasps → success=False msg='No images received from PnP camera.'
2026-04-15 15:42:45,003 ERROR    [FetchInput] /compute_grasps service failed → exiting: failed
2026-04-15 15:42:45,004 DEBUG    [TaskSelector] Evaluating zone states: {'A': 'EMPTY', 'B': 'EMPTY'}  busy: {'A': False, 'B': False}
2026-04-15 15:42:45,004 INFO     [TaskSelector] → do_load (zone A empty)
2026-04-15 15:42:45,007 INFO     [FetchInput] Entering state
2026-04-15 15:42:45,013 INFO     [Service] /compute_grasps → success=False msg='No images received from PnP camera.'
2026-04-15 15:42:45,014 ERROR    [FetchInput] /compute_grasps service failed → exiting: failed
2026-04-15 15:42:45,017 DEBUG    [TaskSelector] Evaluating zone states: {'A': 'EMPTY', 'B': 'EMPTY'}  busy: {'A': False, 'B': False}
2026-04-15 15:42:45,018 INFO     [TaskSelector] → do_load (zone A empty)
2026-04-15 15:42:45,019 INFO     [FetchInput] Entering state
2026-04-15 15:42:45,022 INFO     [Service] /compute_grasps → success=False msg='No images received from PnP camera.'
2026-04-15 15:42:45,022 ERROR    [FetchInput] /compute_grasps service failed → exiting: failed
2026-04-15 15:42:45,023 DEBUG    [TaskSelector] Evaluating zone states: {'A': 'EMPTY', 'B': 'EMPTY'}  busy: {'A': False, 'B': False}
2026-04-15 15:42:45,023 INFO     [TaskSelector] → do_load (zone A empty)
2026-04-15 15:42:45,024 INFO     [FetchInput] Entering state
2026-04-15 15:42:45,027 INFO     [Service] /compute_grasps → success=False msg='No images received from PnP camera.'
2026-04-15 15:42:45,027 ERROR    [FetchInput] /compute_grasps service failed → exiting: failed
2026-04-15 15:42:45,028 DEBUG    [TaskSelector] Evaluating zone states: {'A': 'EMPTY', 'B': 'EMPTY'}  busy: {'A': False, 'B': False}
2026-04-15 15:42:45,028 INFO     [TaskSelector] → do_load (zone A empty)
2026-04-15 15:42:45,029 INFO     [FetchInput] Entering state
2026-04-15 15:42:45,032 INFO     [Service] /compute_grasps → success=False msg='No images received from PnP camera.'
2026-04-15 15:42:45,032 ERROR    [FetchInput] /compute_grasps service failed → exiting: failed
2026-04-15 15:42:45,033 DEBUG    [TaskSelector] Evaluating zone states: {'A': 'EMPTY', 'B': 'EMPTY'}  busy: {'A': False, 'B': False}
2026-04-15 15:42:45,033 INFO     [TaskSelector] → do_load (zone A empty)
2026-04-15 15:42:45,034 INFO     [FetchInput] Entering state
2026-04-15 15:42:45,037 INFO     [Service] /compute_grasps → success=False msg='No images received from PnP camera.'
2026-04-15 15:42:45,037 ERROR    [FetchInput] /compute_grasps service failed → exiting: failed
2026-04-15 15:42:45,038 DEBUG    [TaskSelector] Evaluating zone states: {'A': 'EMPTY', 'B': 'EMPTY'}  busy: {'A': False, 'B': False}
2026-04-15 15:42:45,038 INFO     [TaskSelector] → do_load (zone A empty)
2026-04-15 15:42:45,039 INFO     [FetchInput] Entering state
2026-04-15 15:42:45,041 INFO     [Service] /compute_grasps → success=False msg='No images received from PnP camera.'
2026-04-15 15:42:45,041 ERROR    [FetchInput] /compute_grasps service failed → exiting: failed
2026-04-15 15:42:45,042 DEBUG    [TaskSelector] Evaluating zone states: {'A': 'EMPTY', 'B': 'EMPTY'}  busy: {'A': False, 'B': False}
2026-04-15 15:42:45,042 INFO     [TaskSelector] → do_load (zone A empty)
2026-04-15 15:42:45,043 INFO     [FetchInput] Entering state
2026-04-15 15:42:45,045 INFO     [Service] /compute_grasps → success=False msg='No images received from PnP camera.'
2026-04-15 15:42:45,045 ERROR    [FetchInput] /compute_grasps service failed → exiting: failed
2026-04-15 15:42:45,046 DEBUG    [TaskSelector] Evaluating zone states: {'A': 'EMPTY', 'B': 'EMPTY'}  busy: {'A': False, 'B': False}
2026-04-15 15:42:45,046 INFO     [TaskSelector] → do_load (zone A empty)
2026-04-15 15:42:45,047 INFO     [FetchInput] Entering state
2026-04-15 15:42:45,049 INFO     [Service] /compute_grasps → success=False msg='No images received from PnP camera.'
2026-04-15 15:42:45,049 ERROR    [FetchInput] /compute_grasps service failed → exiting: failed
2026-04-15 15:42:45,050 DEBUG    [TaskSelector] Evaluating zone states: {'A': 'EMPTY', 'B': 'EMPTY'}  busy: {'A': False, 'B': False}
2026-04-15 15:42:45,050 INFO     [TaskSelector] → do_load (zone A empty)
2026-04-15 15:42:45,051 INFO     [FetchInput] Entering state
2026-04-15 15:42:45,053 INFO     [Service] /compute_grasps → success=False msg='No images received from PnP camera.'
2026-04-15 15:42:45,053 ERROR    [FetchInput] /compute_grasps service failed → exiting: failed
2026-04-15 15:42:45,054 DEBUG    [TaskSelector] Evaluating zone states: {'A': 'EMPTY', 'B': 'EMPTY'}  busy: {'A': False, 'B': False}
2026-04-15 15:42:45,054 INFO     [TaskSelector] → do_load (zone A empty)
2026-04-15 15:42:45,054 INFO     [FetchInput] Entering state
2026-04-15 15:42:45,057 INFO     [Service] /compute_grasps → success=False msg='No images received from PnP camera.'
2026-04-15 15:42:45,057 ERROR    [FetchInput] /compute_grasps service failed → exiting: failed
2026-04-15 15:42:45,058 DEBUG    [TaskSelector] Evaluating zone states: {'A': 'EMPTY', 'B': 'EMPTY'}  busy: {'A': False, 'B': False}
2026-04-15 15:42:45,058 INFO     [TaskSelector] → do_load (zone A empty)
2026-04-15 15:42:45,059 INFO     [FetchInput] Entering state
2026-04-15 15:42:45,061 INFO     [Service] /compute_grasps → success=False msg='No images received from PnP camera.'
2026-04-15 15:42:45,061 ERROR    [FetchInput] /compute_grasps service failed → exiting: failed
2026-04-15 15:42:45,062 DEBUG    [TaskSelector] Evaluating zone states: {'A': 'EMPTY', 'B': 'EMPTY'}  busy: {'A': False, 'B': False}
2026-04-15 15:42:45,062 INFO     [TaskSelector] → do_load (zone A empty)
2026-04-15 15:42:45,063 INFO     [FetchInput] Entering state
2026-04-15 15:42:45,066 INFO     [Service] /compute_grasps → success=False msg='No images received from PnP camera.'
2026-04-15 15:42:45,066 ERROR    [FetchInput] /compute_grasps service failed → exiting: failed
2026-04-15 15:42:45,067 DEBUG    [TaskSelector] Evaluating zone states: {'A': 'EMPTY', 'B': 'EMPTY'}  busy: {'A': False, 'B': False}
2026-04-15 15:42:45,067 INFO     [TaskSelector] → do_load (zone A empty)
2026-04-15 15:42:45,067 INFO     [FetchInput] Entering state
2026-04-15 15:42:45,073 INFO     [Service] /compute_grasps → success=False msg='No images received from PnP camera.'
2026-04-15 15:42:45,073 ERROR    [FetchInput] /compute_grasps service failed → exiting: failed
2026-04-15 15:42:45,078 DEBUG    [TaskSelector] Evaluating zone states: {'A': 'EMPTY', 'B': 'EMPTY'}  busy: {'A': False, 'B': False}
2026-04-15 15:42:45,078 INFO     [TaskSelector] → do_load (zone A empty)
2026-04-15 15:42:45,080 INFO     [FetchInput] Entering state
2026-04-15 15:42:45,089 INFO     [Service] /compute_grasps → success=False msg='No images received from PnP camera.'
2026-04-15 15:42:45,089 ERROR    [FetchInput] /compute_grasps service failed → exiting: failed
2026-04-15 15:42:45,090 DEBUG    [TaskSelector] Evaluating zone states: {'A': 'EMPTY', 'B': 'EMPTY'}  busy: {'A': False, 'B': False}
2026-04-15 15:42:45,090 INFO     [TaskSelector] → do_load (zone A empty)
2026-04-15 15:42:45,091 INFO     [FetchInput] Entering state
2026-04-15 15:42:45,093 INFO     [Service] /compute_grasps → success=False msg='No images received from PnP camera.'
2026-04-15 15:42:45,093 ERROR    [FetchInput] /compute_grasps service failed → exiting: failed
2026-04-15 15:42:45,094 DEBUG    [TaskSelector] Evaluating zone states: {'A': 'EMPTY', 'B': 'EMPTY'}  busy: {'A': False, 'B': False}
2026-04-15 15:42:45,095 INFO     [TaskSelector] → do_load (zone A empty)
2026-04-15 15:42:45,096 INFO     [FetchInput] Entering state
2026-04-15 15:42:45,099 INFO     [Service] /compute_grasps → success=False msg='No images received from PnP camera.'
2026-04-15 15:42:45,099 ERROR    [FetchInput] /compute_grasps service failed → exiting: failed
2026-04-15 15:42:45,100 DEBUG    [TaskSelector] Evaluating zone states: {'A': 'EMPTY', 'B': 'EMPTY'}  busy: {'A': False, 'B': False}
2026-04-15 15:42:45,100 INFO     [TaskSelector] → do_load (zone A empty)
2026-04-15 15:42:45,101 INFO     [FetchInput] Entering state
2026-04-15 15:42:45,103 INFO     [Service] /compute_grasps → success=False msg='No images received from PnP camera.'
2026-04-15 15:42:45,104 ERROR    [FetchInput] /compute_grasps service failed → exiting: failed
2026-04-15 15:42:45,104 DEBUG    [TaskSelector] Evaluating zone states: {'A': 'EMPTY', 'B': 'EMPTY'}  busy: {'A': False, 'B': False}
2026-04-15 15:42:45,104 INFO     [TaskSelector] → do_load (zone A empty)
2026-04-15 15:42:45,105 INFO     [FetchInput] Entering state
2026-04-15 15:42:45,108 INFO     [Service] /compute_grasps → success=False msg='No images received from PnP camera.'
2026-04-15 15:42:45,108 ERROR    [FetchInput] /compute_grasps service failed → exiting: failed
2026-04-15 15:42:45,109 DEBUG    [TaskSelector] Evaluating zone states: {'A': 'EMPTY', 'B': 'EMPTY'}  busy: {'A': False, 'B': False}
2026-04-15 15:42:45,109 INFO     [TaskSelector] → do_load (zone A empty)
2026-04-15 15:42:45,110 INFO     [FetchInput] Entering state
2026-04-15 15:42:45,113 INFO     [Service] /compute_grasps → success=False msg='No images received from PnP camera.'
2026-04-15 15:42:45,113 ERROR    [FetchInput] /compute_grasps service failed → exiting: failed
2026-04-15 15:42:45,114 DEBUG    [TaskSelector] Evaluating zone states: {'A': 'EMPTY', 'B': 'EMPTY'}  busy: {'A': False, 'B': False}
2026-04-15 15:42:45,114 INFO     [TaskSelector] → do_load (zone A empty)
2026-04-15 15:42:45,115 INFO     [FetchInput] Entering state
2026-04-15 15:42:45,117 INFO     [Service] /compute_grasps → success=False msg='No images received from PnP camera.'
2026-04-15 15:42:45,117 ERROR    [FetchInput] /compute_grasps service failed → exiting: failed
2026-04-15 15:42:45,118 DEBUG    [TaskSelector] Evaluating zone states: {'A': 'EMPTY', 'B': 'EMPTY'}  busy: {'A': False, 'B': False}
2026-04-15 15:42:45,118 INFO     [TaskSelector] → do_load (zone A empty)
2026-04-15 15:42:45,118 INFO     [FetchInput] Entering state
2026-04-15 15:42:45,121 INFO     [Service] /compute_grasps → success=False msg='No images received from PnP camera.'
2026-04-15 15:42:45,121 ERROR    [FetchInput] /compute_grasps service failed → exiting: failed
2026-04-15 15:42:45,122 DEBUG    [TaskSelector] Evaluating zone states: {'A': 'EMPTY', 'B': 'EMPTY'}  busy: {'A': False, 'B': False}
2026-04-15 15:42:45,122 INFO     [TaskSelector] → do_load (zone A empty)
2026-04-15 15:42:45,123 INFO     [FetchInput] Entering state
2026-04-15 15:42:45,127 INFO     [Service] /compute_grasps → success=False msg='No images received from PnP camera.'
2026-04-15 15:42:45,128 ERROR    [FetchInput] /compute_grasps service failed → exiting: failed
2026-04-15 15:42:45,130 DEBUG    [TaskSelector] Evaluating zone states: {'A': 'EMPTY', 'B': 'EMPTY'}  busy: {'A': False, 'B': False}
2026-04-15 15:42:45,130 INFO     [TaskSelector] → do_load (zone A empty)
2026-04-15 15:42:45,131 INFO     [FetchInput] Entering state
2026-04-15 15:42:45,135 INFO     [Service] /compute_grasps → success=False msg='No images received from PnP camera.'
2026-04-15 15:42:45,136 ERROR    [FetchInput] /compute_grasps service failed → exiting: failed
2026-04-15 15:42:45,137 DEBUG    [TaskSelector] Evaluating zone states: {'A': 'EMPTY', 'B': 'EMPTY'}  busy: {'A': False, 'B': False}
2026-04-15 15:42:45,137 INFO     [TaskSelector] → do_load (zone A empty)
2026-04-15 15:42:45,137 INFO     [FetchInput] Entering state
2026-04-15 15:42:45,145 INFO     [Service] /compute_grasps → success=False msg='No images received from PnP camera.'
2026-04-15 15:42:45,145 ERROR    [FetchInput] /compute_grasps service failed → exiting: failed
2026-04-15 15:42:45,147 DEBUG    [TaskSelector] Evaluating zone states: {'A': 'EMPTY', 'B': 'EMPTY'}  busy: {'A': False, 'B': False}
2026-04-15 15:42:45,147 INFO     [TaskSelector] → do_load (zone A empty)
2026-04-15 15:42:45,148 INFO     [FetchInput] Entering state
2026-04-15 15:42:45,152 INFO     [Service] /compute_grasps → success=False msg='No images received from PnP camera.'
2026-04-15 15:42:45,152 ERROR    [FetchInput] /compute_grasps service failed → exiting: failed
2026-04-15 15:42:45,153 DEBUG    [TaskSelector] Evaluating zone states: {'A': 'EMPTY', 'B': 'EMPTY'}  busy: {'A': False, 'B': False}
2026-04-15 15:42:45,154 INFO     [TaskSelector] → do_load (zone A empty)
2026-04-15 15:42:45,155 INFO     [FetchInput] Entering state
2026-04-15 15:42:45,159 INFO     [Service] /compute_grasps → success=False msg='No images received from PnP camera.'
2026-04-15 15:42:45,159 ERROR    [FetchInput] /compute_grasps service failed → exiting: failed
2026-04-15 15:42:45,160 DEBUG    [TaskSelector] Evaluating zone states: {'A': 'EMPTY', 'B': 'EMPTY'}  busy: {'A': False, 'B': False}
2026-04-15 15:42:45,160 INFO     [TaskSelector] → do_load (zone A empty)
2026-04-15 15:42:45,161 INFO     [FetchInput] Entering state
2026-04-15 15:42:45,163 INFO     [Service] /compute_grasps → success=False msg='No images received from PnP camera.'
2026-04-15 15:42:45,163 ERROR    [FetchInput] /compute_grasps service failed → exiting: failed
2026-04-15 15:42:45,164 DEBUG    [TaskSelector] Evaluating zone states: {'A': 'EMPTY', 'B': 'EMPTY'}  busy: {'A': False, 'B': False}
2026-04-15 15:42:45,164 INFO     [TaskSelector] → do_load (zone A empty)
2026-04-15 15:42:45,165 INFO     [FetchInput] Entering state
2026-04-15 15:42:45,168 INFO     [Service] /compute_grasps → success=False msg='No images received from PnP camera.'
2026-04-15 15:42:45,168 ERROR    [FetchInput] /compute_grasps service failed → exiting: failed
2026-04-15 15:42:45,169 DEBUG    [TaskSelector] Evaluating zone states: {'A': 'EMPTY', 'B': 'EMPTY'}  busy: {'A': False, 'B': False}
2026-04-15 15:42:45,169 INFO     [TaskSelector] → do_load (zone A empty)
2026-04-15 15:42:45,170 INFO     [FetchInput] Entering state
2026-04-15 15:42:45,172 INFO     [Service] /compute_grasps → success=False msg='No images received from PnP camera.'
2026-04-15 15:42:45,172 ERROR    [FetchInput] /compute_grasps service failed → exiting: failed
2026-04-15 15:42:45,173 DEBUG    [TaskSelector] Evaluating zone states: {'A': 'EMPTY', 'B': 'EMPTY'}  busy: {'A': False, 'B': False}
2026-04-15 15:42:45,173 INFO     [TaskSelector] → do_load (zone A empty)
2026-04-15 15:42:45,174 INFO     [FetchInput] Entering state
2026-04-15 15:42:45,178 INFO     [Service] /compute_grasps → success=False msg='No images received from PnP camera.'
2026-04-15 15:42:45,178 ERROR    [FetchInput] /compute_grasps service failed → exiting: failed
2026-04-15 15:42:45,179 DEBUG    [TaskSelector] Evaluating zone states: {'A': 'EMPTY', 'B': 'EMPTY'}  busy: {'A': False, 'B': False}
2026-04-15 15:42:45,179 INFO     [TaskSelector] → do_load (zone A empty)
2026-04-15 15:42:45,180 INFO     [FetchInput] Entering state
2026-04-15 15:42:45,182 INFO     [Service] /compute_grasps → success=False msg='No images received from PnP camera.'
2026-04-15 15:42:45,182 ERROR    [FetchInput] /compute_grasps service failed → exiting: failed
2026-04-15 15:42:45,183 DEBUG    [TaskSelector] Evaluating zone states: {'A': 'EMPTY', 'B': 'EMPTY'}  busy: {'A': False, 'B': False}
2026-04-15 15:42:45,183 INFO     [TaskSelector] → do_load (zone A empty)
2026-04-15 15:42:45,184 INFO     [FetchInput] Entering state
2026-04-15 15:42:45,186 INFO     [Service] /compute_grasps → success=False msg='No images received from PnP camera.'
2026-04-15 15:42:45,186 ERROR    [FetchInput] /compute_grasps service failed → exiting: failed
2026-04-15 15:42:45,187 DEBUG    [TaskSelector] Evaluating zone states: {'A': 'EMPTY', 'B': 'EMPTY'}  busy: {'A': False, 'B': False}
2026-04-15 15:42:45,187 INFO     [TaskSelector] → do_load (zone A empty)
2026-04-15 15:42:45,187 INFO     [FetchInput] Entering state
2026-04-15 15:42:45,190 INFO     [Service] /compute_grasps → success=False msg='No images received from PnP camera.'
2026-04-15 15:42:45,190 ERROR    [FetchInput] /compute_grasps service failed → exiting: failed
2026-04-15 15:42:45,191 DEBUG    [TaskSelector] Evaluating zone states: {'A': 'EMPTY', 'B': 'EMPTY'}  busy: {'A': False, 'B': False}
2026-04-15 15:42:45,191 INFO     [TaskSelector] → do_load (zone A empty)
2026-04-15 15:42:45,192 INFO     [FetchInput] Entering state
2026-04-15 15:42:45,194 INFO     [Service] /compute_grasps → success=False msg='No images received from PnP camera.'
2026-04-15 15:42:45,195 ERROR    [FetchInput] /compute_grasps service failed → exiting: failed
2026-04-15 15:42:45,197 DEBUG    [TaskSelector] Evaluating zone states: {'A': 'EMPTY', 'B': 'EMPTY'}  busy: {'A': False, 'B': False}
2026-04-15 15:42:45,197 INFO     [TaskSelector] → do_load (zone A empty)
2026-04-15 15:42:45,198 INFO     [FetchInput] Entering state
2026-04-15 15:42:45,201 INFO     [Service] /compute_grasps → success=False msg='No images received from PnP camera.'
2026-04-15 15:42:45,202 ERROR    [FetchInput] /compute_grasps service failed → exiting: failed
2026-04-15 15:42:45,203 DEBUG    [TaskSelector] Evaluating zone states: {'A': 'EMPTY', 'B': 'EMPTY'}  busy: {'A': False, 'B': False}
2026-04-15 15:42:45,203 INFO     [TaskSelector] → do_load (zone A empty)
2026-04-15 15:42:45,204 INFO     [FetchInput] Entering state
2026-04-15 15:42:45,209 INFO     [Service] /compute_grasps → success=False msg='No images received from PnP camera.'
2026-04-15 15:42:45,209 ERROR    [FetchInput] /compute_grasps service failed → exiting: failed
2026-04-15 15:42:45,212 DEBUG    [TaskSelector] Evaluating zone states: {'A': 'EMPTY', 'B': 'EMPTY'}  busy: {'A': False, 'B': False}
2026-04-15 15:42:45,213 INFO     [TaskSelector] → do_load (zone A empty)
2026-04-15 15:42:45,214 INFO     [FetchInput] Entering state
2026-04-15 15:42:45,220 INFO     [Service] /compute_grasps → success=False msg='No images received from PnP camera.'
2026-04-15 15:42:45,220 ERROR    [FetchInput] /compute_grasps service failed → exiting: failed
2026-04-15 15:42:45,222 DEBUG    [TaskSelector] Evaluating zone states: {'A': 'EMPTY', 'B': 'EMPTY'}  busy: {'A': False, 'B': False}
2026-04-15 15:42:45,222 INFO     [TaskSelector] → do_load (zone A empty)
2026-04-15 15:42:45,223 INFO     [FetchInput] Entering state
2026-04-15 15:42:45,227 INFO     [Service] /compute_grasps → success=False msg='No images received from PnP camera.'
2026-04-15 15:42:45,227 ERROR    [FetchInput] /compute_grasps service failed → exiting: failed
2026-04-15 15:42:45,228 DEBUG    [TaskSelector] Evaluating zone states: {'A': 'EMPTY', 'B': 'EMPTY'}  busy: {'A': False, 'B': False}
2026-04-15 15:42:45,228 INFO     [TaskSelector] → do_load (zone A empty)
2026-04-15 15:42:45,229 INFO     [FetchInput] Entering state
2026-04-15 15:42:45,232 INFO     [Service] /compute_grasps → success=False msg='No images received from PnP camera.'
2026-04-15 15:42:45,232 ERROR    [FetchInput] /compute_grasps service failed → exiting: failed
2026-04-15 15:42:45,233 DEBUG    [TaskSelector] Evaluating zone states: {'A': 'EMPTY', 'B': 'EMPTY'}  busy: {'A': False, 'B': False}
2026-04-15 15:42:45,233 INFO     [TaskSelector] → do_load (zone A empty)
2026-04-15 15:42:45,234 INFO     [FetchInput] Entering state
2026-04-15 15:42:45,236 INFO     [Service] /compute_grasps → success=False msg='No images received from PnP camera.'
2026-04-15 15:42:45,237 ERROR    [FetchInput] /compute_grasps service failed → exiting: failed
2026-04-15 15:42:45,237 DEBUG    [TaskSelector] Evaluating zone states: {'A': 'EMPTY', 'B': 'EMPTY'}  busy: {'A': False, 'B': False}
2026-04-15 15:42:45,237 INFO     [TaskSelector] → do_load (zone A empty)
2026-04-15 15:42:45,238 INFO     [FetchInput] Entering state
2026-04-15 15:42:45,240 INFO     [Service] /compute_grasps → success=False msg='No images received from PnP camera.'
2026-04-15 15:42:45,241 ERROR    [FetchInput] /compute_grasps service failed → exiting: failed
2026-04-15 15:42:45,242 DEBUG    [TaskSelector] Evaluating zone states: {'A': 'EMPTY', 'B': 'EMPTY'}  busy: {'A': False, 'B': False}
2026-04-15 15:42:45,242 INFO     [TaskSelector] → do_load (zone A empty)
2026-04-15 15:42:45,242 INFO     [FetchInput] Entering state
2026-04-15 15:42:45,245 INFO     [Service] /compute_grasps → success=False msg='No images received from PnP camera.'
2026-04-15 15:42:45,245 ERROR    [FetchInput] /compute_grasps service failed → exiting: failed
2026-04-15 15:42:45,246 DEBUG    [TaskSelector] Evaluating zone states: {'A': 'EMPTY', 'B': 'EMPTY'}  busy: {'A': False, 'B': False}
2026-04-15 15:42:45,246 INFO     [TaskSelector] → do_load (zone A empty)
2026-04-15 15:42:45,247 INFO     [FetchInput] Entering state
2026-04-15 15:42:45,249 INFO     [Service] /compute_grasps → success=False msg='No images received from PnP camera.'
2026-04-15 15:42:45,249 ERROR    [FetchInput] /compute_grasps service failed → exiting: failed
2026-04-15 15:42:45,250 DEBUG    [TaskSelector] Evaluating zone states: {'A': 'EMPTY', 'B': 'EMPTY'}  busy: {'A': False, 'B': False}
2026-04-15 15:42:45,250 INFO     [TaskSelector] → do_load (zone A empty)
2026-04-15 15:42:45,250 INFO     [FetchInput] Entering state
2026-04-15 15:42:45,252 INFO     [Service] /compute_grasps → success=False msg='No images received from PnP camera.'
2026-04-15 15:42:45,253 ERROR    [FetchInput] /compute_grasps service failed → exiting: failed
2026-04-15 15:42:45,253 DEBUG    [TaskSelector] Evaluating zone states: {'A': 'EMPTY', 'B': 'EMPTY'}  busy: {'A': False, 'B': False}
2026-04-15 15:42:45,253 INFO     [TaskSelector] → do_load (zone A empty)
2026-04-15 15:42:45,254 INFO     [FetchInput] Entering state
2026-04-15 15:42:45,257 INFO     [Service] /compute_grasps → success=False msg='No images received from PnP camera.'
2026-04-15 15:42:45,257 ERROR    [FetchInput] /compute_grasps service failed → exiting: failed
2026-04-15 15:42:45,258 DEBUG    [TaskSelector] Evaluating zone states: {'A': 'EMPTY', 'B': 'EMPTY'}  busy: {'A': False, 'B': False}
2026-04-15 15:42:45,259 INFO     [TaskSelector] → do_load (zone A empty)
2026-04-15 15:42:45,259 INFO     [FetchInput] Entering state
2026-04-15 15:42:45,262 INFO     [Service] /compute_grasps → success=False msg='No images received from PnP camera.'
2026-04-15 15:42:45,262 ERROR    [FetchInput] /compute_grasps service failed → exiting: failed
2026-04-15 15:42:45,264 DEBUG    [TaskSelector] Evaluating zone states: {'A': 'EMPTY', 'B': 'EMPTY'}  busy: {'A': False, 'B': False}
2026-04-15 15:42:45,264 INFO     [TaskSelector] → do_load (zone A empty)
2026-04-15 15:42:45,265 INFO     [FetchInput] Entering state
2026-04-15 15:42:45,270 INFO     [Service] /compute_grasps → success=False msg='No images received from PnP camera.'
2026-04-15 15:42:45,271 ERROR    [FetchInput] /compute_grasps service failed → exiting: failed
2026-04-15 15:42:45,272 DEBUG    [TaskSelector] Evaluating zone states: {'A': 'EMPTY', 'B': 'EMPTY'}  busy: {'A': False, 'B': False}
2026-04-15 15:42:45,272 INFO     [TaskSelector] → do_load (zone A empty)
2026-04-15 15:42:45,273 INFO     [FetchInput] Entering state
2026-04-15 15:42:45,278 INFO     [Service] /compute_grasps → success=False msg='No images received from PnP camera.'
2026-04-15 15:42:45,278 ERROR    [FetchInput] /compute_grasps service failed → exiting: failed
2026-04-15 15:42:45,282 DEBUG    [TaskSelector] Evaluating zone states: {'A': 'EMPTY', 'B': 'EMPTY'}  busy: {'A': False, 'B': False}
2026-04-15 15:42:45,283 INFO     [TaskSelector] → do_load (zone A empty)
2026-04-15 15:42:45,285 INFO     [FetchInput] Entering state
2026-04-15 15:42:45,292 INFO     [Service] /compute_grasps → success=False msg='No images received from PnP camera.'
2026-04-15 15:42:45,292 ERROR    [FetchInput] /compute_grasps service failed → exiting: failed
2026-04-15 15:42:45,293 DEBUG    [TaskSelector] Evaluating zone states: {'A': 'EMPTY', 'B': 'EMPTY'}  busy: {'A': False, 'B': False}
2026-04-15 15:42:45,293 INFO     [TaskSelector] → do_load (zone A empty)
2026-04-15 15:42:45,294 INFO     [FetchInput] Entering state
2026-04-15 15:42:45,297 INFO     [Service] /compute_grasps → success=False msg='No images received from PnP camera.'
2026-04-15 15:42:45,297 ERROR    [FetchInput] /compute_grasps service failed → exiting: failed
2026-04-15 15:42:45,298 DEBUG    [TaskSelector] Evaluating zone states: {'A': 'EMPTY', 'B': 'EMPTY'}  busy: {'A': False, 'B': False}
2026-04-15 15:42:45,298 INFO     [TaskSelector] → do_load (zone A empty)
2026-04-15 15:42:45,299 INFO     [FetchInput] Entering state
2026-04-15 15:42:45,301 INFO     [Service] /compute_grasps → success=False msg='No images received from PnP camera.'
2026-04-15 15:42:45,301 ERROR    [FetchInput] /compute_grasps service failed → exiting: failed
2026-04-15 15:42:45,302 DEBUG    [TaskSelector] Evaluating zone states: {'A': 'EMPTY', 'B': 'EMPTY'}  busy: {'A': False, 'B': False}
2026-04-15 15:42:45,303 INFO     [TaskSelector] → do_load (zone A empty)
2026-04-15 15:42:45,303 INFO     [FetchInput] Entering state
2026-04-15 15:42:45,306 INFO     [Service] /compute_grasps → success=False msg='No images received from PnP camera.'
2026-04-15 15:42:45,306 ERROR    [FetchInput] /compute_grasps service failed → exiting: failed
2026-04-15 15:42:45,307 DEBUG    [TaskSelector] Evaluating zone states: {'A': 'EMPTY', 'B': 'EMPTY'}  busy: {'A': False, 'B': False}
2026-04-15 15:42:45,307 INFO     [TaskSelector] → do_load (zone A empty)
2026-04-15 15:42:45,308 INFO     [FetchInput] Entering state
2026-04-15 15:42:45,310 INFO     [Service] /compute_grasps → success=False msg='No images received from PnP camera.'
2026-04-15 15:42:45,310 ERROR    [FetchInput] /compute_grasps service failed → exiting: failed
2026-04-15 15:42:45,311 DEBUG    [TaskSelector] Evaluating zone states: {'A': 'EMPTY', 'B': 'EMPTY'}  busy: {'A': False, 'B': False}
2026-04-15 15:42:45,311 INFO     [TaskSelector] → do_load (zone A empty)
2026-04-15 15:42:45,312 INFO     [FetchInput] Entering state
2026-04-15 15:42:45,314 INFO     [Service] /compute_grasps → success=False msg='No images received from PnP camera.'
2026-04-15 15:42:45,314 ERROR    [FetchInput] /compute_grasps service failed → exiting: failed
2026-04-15 15:42:45,315 DEBUG    [TaskSelector] Evaluating zone states: {'A': 'EMPTY', 'B': 'EMPTY'}  busy: {'A': False, 'B': False}
2026-04-15 15:42:45,315 INFO     [TaskSelector] → do_load (zone A empty)
2026-04-15 15:42:45,316 INFO     [FetchInput] Entering state
2026-04-15 15:42:45,318 INFO     [Service] /compute_grasps → success=False msg='No images received from PnP camera.'
2026-04-15 15:42:45,318 ERROR    [FetchInput] /compute_grasps service failed → exiting: failed
2026-04-15 15:42:45,319 DEBUG    [TaskSelector] Evaluating zone states: {'A': 'EMPTY', 'B': 'EMPTY'}  busy: {'A': False, 'B': False}
2026-04-15 15:42:45,319 INFO     [TaskSelector] → do_load (zone A empty)
2026-04-15 15:42:45,320 INFO     [FetchInput] Entering state
2026-04-15 15:42:45,322 INFO     [Service] /compute_grasps → success=False msg='No images received from PnP camera.'
2026-04-15 15:42:45,322 ERROR    [FetchInput] /compute_grasps service failed → exiting: failed
2026-04-15 15:42:45,323 DEBUG    [TaskSelector] Evaluating zone states: {'A': 'EMPTY', 'B': 'EMPTY'}  busy: {'A': False, 'B': False}
2026-04-15 15:42:45,323 INFO     [TaskSelector] → do_load (zone A empty)
2026-04-15 15:42:45,324 INFO     [FetchInput] Entering state
2026-04-15 15:42:45,328 INFO     [Service] /compute_grasps → success=False msg='No images received from PnP camera.'
2026-04-15 15:42:45,328 ERROR    [FetchInput] /compute_grasps service failed → exiting: failed
2026-04-15 15:42:45,330 DEBUG    [TaskSelector] Evaluating zone states: {'A': 'EMPTY', 'B': 'EMPTY'}  busy: {'A': False, 'B': False}
2026-04-15 15:42:45,330 INFO     [TaskSelector] → do_load (zone A empty)
2026-04-15 15:42:45,332 INFO     [FetchInput] Entering state
2026-04-15 15:42:45,336 INFO     [Service] /compute_grasps → success=False msg='No images received from PnP camera.'
2026-04-15 15:42:45,336 ERROR    [FetchInput] /compute_grasps service failed → exiting: failed
2026-04-15 15:42:45,338 DEBUG    [TaskSelector] Evaluating zone states: {'A': 'EMPTY', 'B': 'EMPTY'}  busy: {'A': False, 'B': False}
2026-04-15 15:42:45,338 INFO     [TaskSelector] → do_load (zone A empty)
2026-04-15 15:42:45,339 INFO     [FetchInput] Entering state
2026-04-15 15:42:45,344 INFO     [Service] /compute_grasps → success=False msg='No images received from PnP camera.'
2026-04-15 15:42:45,345 ERROR    [FetchInput] /compute_grasps service failed → exiting: failed
2026-04-15 15:42:45,348 DEBUG    [TaskSelector] Evaluating zone states: {'A': 'EMPTY', 'B': 'EMPTY'}  busy: {'A': False, 'B': False}
2026-04-15 15:42:45,348 INFO     [TaskSelector] → do_load (zone A empty)
2026-04-15 15:42:45,349 INFO     [FetchInput] Entering state
2026-04-15 15:42:45,353 INFO     [Service] /compute_grasps → success=False msg='No images received from PnP camera.'
2026-04-15 15:42:45,353 ERROR    [FetchInput] /compute_grasps service failed → exiting: failed
2026-04-15 15:42:45,355 DEBUG    [TaskSelector] Evaluating zone states: {'A': 'EMPTY', 'B': 'EMPTY'}  busy: {'A': False, 'B': False}
2026-04-15 15:42:45,355 INFO     [TaskSelector] → do_load (zone A empty)
2026-04-15 15:42:45,356 INFO     [FetchInput] Entering state
2026-04-15 15:42:45,360 INFO     [Service] /compute_grasps → success=False msg='No images received from PnP camera.'
2026-04-15 15:42:45,360 ERROR    [FetchInput] /compute_grasps service failed → exiting: failed
2026-04-15 15:42:45,360 DEBUG    [TaskSelector] Evaluating zone states: {'A': 'EMPTY', 'B': 'EMPTY'}  busy: {'A': False, 'B': False}
2026-04-15 15:42:45,361 INFO     [TaskSelector] → do_load (zone A empty)
2026-04-15 15:42:45,361 INFO     [FetchInput] Entering state
2026-04-15 15:42:45,364 INFO     [Service] /compute_grasps → success=False msg='No images received from PnP camera.'
2026-04-15 15:42:45,364 ERROR    [FetchInput] /compute_grasps service failed → exiting: failed
2026-04-15 15:42:45,365 DEBUG    [TaskSelector] Evaluating zone states: {'A': 'EMPTY', 'B': 'EMPTY'}  busy: {'A': False, 'B': False}
2026-04-15 15:42:45,365 INFO     [TaskSelector] → do_load (zone A empty)
2026-04-15 15:42:45,366 INFO     [FetchInput] Entering state
2026-04-15 15:42:45,368 INFO     [Service] /compute_grasps → success=False msg='No images received from PnP camera.'
2026-04-15 15:42:45,368 ERROR    [FetchInput] /compute_grasps service failed → exiting: failed
2026-04-15 15:42:45,369 DEBUG    [TaskSelector] Evaluating zone states: {'A': 'EMPTY', 'B': 'EMPTY'}  busy: {'A': False, 'B': False}
2026-04-15 15:42:45,369 INFO     [TaskSelector] → do_load (zone A empty)
2026-04-15 15:42:45,370 INFO     [FetchInput] Entering state
2026-04-15 15:42:45,373 INFO     [Service] /compute_grasps → success=False msg='No images received from PnP camera.'
2026-04-15 15:42:45,373 ERROR    [FetchInput] /compute_grasps service failed → exiting: failed
2026-04-15 15:42:45,374 DEBUG    [TaskSelector] Evaluating zone states: {'A': 'EMPTY', 'B': 'EMPTY'}  busy: {'A': False, 'B': False}
2026-04-15 15:42:45,374 INFO     [TaskSelector] → do_load (zone A empty)
2026-04-15 15:42:45,375 INFO     [FetchInput] Entering state
2026-04-15 15:42:45,378 INFO     [Service] /compute_grasps → success=False msg='No images received from PnP camera.'
2026-04-15 15:42:45,378 ERROR    [FetchInput] /compute_grasps service failed → exiting: failed
2026-04-15 15:42:45,379 DEBUG    [TaskSelector] Evaluating zone states: {'A': 'EMPTY', 'B': 'EMPTY'}  busy: {'A': False, 'B': False}
2026-04-15 15:42:45,379 INFO     [TaskSelector] → do_load (zone A empty)
2026-04-15 15:42:45,380 INFO     [FetchInput] Entering state
2026-04-15 15:42:45,382 INFO     [Service] /compute_grasps → success=False msg='No images received from PnP camera.'
2026-04-15 15:42:45,383 ERROR    [FetchInput] /compute_grasps service failed → exiting: failed
2026-04-15 15:42:45,383 DEBUG    [TaskSelector] Evaluating zone states: {'A': 'EMPTY', 'B': 'EMPTY'}  busy: {'A': False, 'B': False}
2026-04-15 15:42:45,383 INFO     [TaskSelector] → do_load (zone A empty)
2026-04-15 15:42:45,384 INFO     [FetchInput] Entering state
2026-04-15 15:42:45,386 INFO     [Service] /compute_grasps → success=False msg='No images received from PnP camera.'
2026-04-15 15:42:45,386 ERROR    [FetchInput] /compute_grasps service failed → exiting: failed
2026-04-15 15:42:45,387 DEBUG    [TaskSelector] Evaluating zone states: {'A': 'EMPTY', 'B': 'EMPTY'}  busy: {'A': False, 'B': False}
2026-04-15 15:42:45,387 INFO     [TaskSelector] → do_load (zone A empty)
2026-04-15 15:42:45,388 INFO     [FetchInput] Entering state
2026-04-15 15:42:45,390 INFO     [Service] /compute_grasps → success=False msg='No images received from PnP camera.'
2026-04-15 15:42:45,390 ERROR    [FetchInput] /compute_grasps service failed → exiting: failed
2026-04-15 15:42:45,391 DEBUG    [TaskSelector] Evaluating zone states: {'A': 'EMPTY', 'B': 'EMPTY'}  busy: {'A': False, 'B': False}
2026-04-15 15:42:45,391 INFO     [TaskSelector] → do_load (zone A empty)
2026-04-15 15:42:45,392 INFO     [FetchInput] Entering state
2026-04-15 15:42:45,395 INFO     [Service] /compute_grasps → success=False msg='No images received from PnP camera.'
2026-04-15 15:42:45,395 ERROR    [FetchInput] /compute_grasps service failed → exiting: failed
2026-04-15 15:42:45,396 DEBUG    [TaskSelector] Evaluating zone states: {'A': 'EMPTY', 'B': 'EMPTY'}  busy: {'A': False, 'B': False}
2026-04-15 15:42:45,396 INFO     [TaskSelector] → do_load (zone A empty)
2026-04-15 15:42:45,397 INFO     [FetchInput] Entering state
2026-04-15 15:42:45,401 INFO     [Service] /compute_grasps → success=False msg='No images received from PnP camera.'
2026-04-15 15:42:45,401 ERROR    [FetchInput] /compute_grasps service failed → exiting: failed
2026-04-15 15:42:45,402 DEBUG    [TaskSelector] Evaluating zone states: {'A': 'EMPTY', 'B': 'EMPTY'}  busy: {'A': False, 'B': False}
2026-04-15 15:42:45,402 INFO     [TaskSelector] → do_load (zone A empty)
2026-04-15 15:42:45,403 INFO     [FetchInput] Entering state
2026-04-15 15:42:45,407 INFO     [Service] /compute_grasps → success=False msg='No images received from PnP camera.'
2026-04-15 15:42:45,408 ERROR    [FetchInput] /compute_grasps service failed → exiting: failed
2026-04-15 15:42:45,411 DEBUG    [TaskSelector] Evaluating zone states: {'A': 'EMPTY', 'B': 'EMPTY'}  busy: {'A': False, 'B': False}
2026-04-15 15:42:45,411 INFO     [TaskSelector] → do_load (zone A empty)
2026-04-15 15:42:45,412 INFO     [FetchInput] Entering state
2026-04-15 15:42:45,416 INFO     [Service] /compute_grasps → success=False msg='No images received from PnP camera.'
2026-04-15 15:42:45,416 ERROR    [FetchInput] /compute_grasps service failed → exiting: failed
2026-04-15 15:42:45,419 DEBUG    [TaskSelector] Evaluating zone states: {'A': 'EMPTY', 'B': 'EMPTY'}  busy: {'A': False, 'B': False}
2026-04-15 15:42:45,419 INFO     [TaskSelector] → do_load (zone A empty)
2026-04-15 15:42:45,420 INFO     [FetchInput] Entering state
2026-04-15 15:42:45,422 INFO     [Service] /compute_grasps → success=False msg='No images received from PnP camera.'
2026-04-15 15:42:45,423 ERROR    [FetchInput] /compute_grasps service failed → exiting: failed
2026-04-15 15:42:45,423 DEBUG    [TaskSelector] Evaluating zone states: {'A': 'EMPTY', 'B': 'EMPTY'}  busy: {'A': False, 'B': False}
2026-04-15 15:42:45,423 INFO     [TaskSelector] → do_load (zone A empty)
2026-04-15 15:42:45,424 INFO     [FetchInput] Entering state
2026-04-15 15:42:45,427 INFO     [Service] /compute_grasps → success=False msg='No images received from PnP camera.'
2026-04-15 15:42:45,427 ERROR    [FetchInput] /compute_grasps service failed → exiting: failed
2026-04-15 15:42:45,429 DEBUG    [TaskSelector] Evaluating zone states: {'A': 'EMPTY', 'B': 'EMPTY'}  busy: {'A': False, 'B': False}
2026-04-15 15:42:45,429 INFO     [TaskSelector] → do_load (zone A empty)
2026-04-15 15:42:45,430 INFO     [FetchInput] Entering state
2026-04-15 15:42:45,432 INFO     [Service] /compute_grasps → success=False msg='No images received from PnP camera.'
2026-04-15 15:42:45,432 ERROR    [FetchInput] /compute_grasps service failed → exiting: failed
2026-04-15 15:42:45,433 DEBUG    [TaskSelector] Evaluating zone states: {'A': 'EMPTY', 'B': 'EMPTY'}  busy: {'A': False, 'B': False}
2026-04-15 15:42:45,433 INFO     [TaskSelector] → do_load (zone A empty)
2026-04-15 15:42:45,433 INFO     [FetchInput] Entering state
2026-04-15 15:42:45,436 INFO     [Service] /compute_grasps → success=False msg='No images received from PnP camera.'
2026-04-15 15:42:45,436 ERROR    [FetchInput] /compute_grasps service failed → exiting: failed
2026-04-15 15:42:45,437 DEBUG    [TaskSelector] Evaluating zone states: {'A': 'EMPTY', 'B': 'EMPTY'}  busy: {'A': False, 'B': False}
2026-04-15 15:42:45,438 INFO     [TaskSelector] → do_load (zone A empty)
2026-04-15 15:42:45,438 INFO     [FetchInput] Entering state
2026-04-15 15:42:45,441 INFO     [Service] /compute_grasps → success=False msg='No images received from PnP camera.'
2026-04-15 15:42:45,441 ERROR    [FetchInput] /compute_grasps service failed → exiting: failed
2026-04-15 15:42:45,442 DEBUG    [TaskSelector] Evaluating zone states: {'A': 'EMPTY', 'B': 'EMPTY'}  busy: {'A': False, 'B': False}
2026-04-15 15:42:45,442 INFO     [TaskSelector] → do_load (zone A empty)
2026-04-15 15:42:45,442 INFO     [FetchInput] Entering state
2026-04-15 15:42:45,445 INFO     [Service] /compute_grasps → success=False msg='No images received from PnP camera.'
2026-04-15 15:42:45,445 ERROR    [FetchInput] /compute_grasps service failed → exiting: failed
2026-04-15 15:42:45,446 DEBUG    [TaskSelector] Evaluating zone states: {'A': 'EMPTY', 'B': 'EMPTY'}  busy: {'A': False, 'B': False}
2026-04-15 15:42:45,446 INFO     [TaskSelector] → do_load (zone A empty)
2026-04-15 15:42:45,446 INFO     [FetchInput] Entering state
2026-04-15 15:42:45,449 INFO     [Service] /compute_grasps → success=False msg='No images received from PnP camera.'
2026-04-15 15:42:45,449 ERROR    [FetchInput] /compute_grasps service failed → exiting: failed
2026-04-15 15:42:45,449 DEBUG    [TaskSelector] Evaluating zone states: {'A': 'EMPTY', 'B': 'EMPTY'}  busy: {'A': False, 'B': False}
2026-04-15 15:42:45,449 INFO     [TaskSelector] → do_load (zone A empty)
2026-04-15 15:42:45,450 INFO     [FetchInput] Entering state
2026-04-15 15:42:45,453 INFO     [Service] /compute_grasps → success=False msg='No images received from PnP camera.'
2026-04-15 15:42:45,453 ERROR    [FetchInput] /compute_grasps service failed → exiting: failed
2026-04-15 15:42:45,454 DEBUG    [TaskSelector] Evaluating zone states: {'A': 'EMPTY', 'B': 'EMPTY'}  busy: {'A': False, 'B': False}
2026-04-15 15:42:45,454 INFO     [TaskSelector] → do_load (zone A empty)
2026-04-15 15:42:45,454 INFO     [FetchInput] Entering state
2026-04-15 15:42:45,457 INFO     [Service] /compute_grasps → success=False msg='No images received from PnP camera.'
2026-04-15 15:42:45,457 ERROR    [FetchInput] /compute_grasps service failed → exiting: failed
2026-04-15 15:42:45,458 DEBUG    [TaskSelector] Evaluating zone states: {'A': 'EMPTY', 'B': 'EMPTY'}  busy: {'A': False, 'B': False}
2026-04-15 15:42:45,458 INFO     [TaskSelector] → do_load (zone A empty)
2026-04-15 15:42:45,459 INFO     [FetchInput] Entering state
2026-04-15 15:42:45,462 INFO     [Service] /compute_grasps → success=False msg='No images received from PnP camera.'
2026-04-15 15:42:45,463 ERROR    [FetchInput] /compute_grasps service failed → exiting: failed
2026-04-15 15:42:45,464 DEBUG    [TaskSelector] Evaluating zone states: {'A': 'EMPTY', 'B': 'EMPTY'}  busy: {'A': False, 'B': False}
2026-04-15 15:42:45,464 INFO     [TaskSelector] → do_load (zone A empty)
2026-04-15 15:42:45,466 INFO     [FetchInput] Entering state
2026-04-15 15:42:45,470 INFO     [Service] /compute_grasps → success=False msg='No images received from PnP camera.'
2026-04-15 15:42:45,470 ERROR    [FetchInput] /compute_grasps service failed → exiting: failed
2026-04-15 15:42:45,471 DEBUG    [TaskSelector] Evaluating zone states: {'A': 'EMPTY', 'B': 'EMPTY'}  busy: {'A': False, 'B': False}
2026-04-15 15:42:45,471 INFO     [TaskSelector] → do_load (zone A empty)
2026-04-15 15:42:45,472 INFO     [FetchInput] Entering state
2026-04-15 15:42:45,476 INFO     [Service] /compute_grasps → success=False msg='No images received from PnP camera.'
2026-04-15 15:42:45,477 ERROR    [FetchInput] /compute_grasps service failed → exiting: failed
2026-04-15 15:42:45,479 DEBUG    [TaskSelector] Evaluating zone states: {'A': 'EMPTY', 'B': 'EMPTY'}  busy: {'A': False, 'B': False}
2026-04-15 15:42:45,480 INFO     [TaskSelector] → do_load (zone A empty)
2026-04-15 15:42:45,481 INFO     [FetchInput] Entering state
2026-04-15 15:42:45,486 INFO     [Service] /compute_grasps → success=False msg='No images received from PnP camera.'
2026-04-15 15:42:45,486 ERROR    [FetchInput] /compute_grasps service failed → exiting: failed
2026-04-15 15:42:45,487 DEBUG    [TaskSelector] Evaluating zone states: {'A': 'EMPTY', 'B': 'EMPTY'}  busy: {'A': False, 'B': False}
2026-04-15 15:42:45,488 INFO     [TaskSelector] → do_load (zone A empty)
2026-04-15 15:42:45,489 INFO     [FetchInput] Entering state
2026-04-15 15:42:45,492 INFO     [Service] /compute_grasps → success=False msg='No images received from PnP camera.'
2026-04-15 15:42:45,492 ERROR    [FetchInput] /compute_grasps service failed → exiting: failed
2026-04-15 15:42:45,493 DEBUG    [TaskSelector] Evaluating zone states: {'A': 'EMPTY', 'B': 'EMPTY'}  busy: {'A': False, 'B': False}
2026-04-15 15:42:45,494 INFO     [TaskSelector] → do_load (zone A empty)
2026-04-15 15:42:45,494 INFO     [FetchInput] Entering state
2026-04-15 15:42:45,499 INFO     [Service] /compute_grasps → success=False msg='No images received from PnP camera.'
2026-04-15 15:42:45,499 ERROR    [FetchInput] /compute_grasps service failed → exiting: failed
2026-04-15 15:42:45,499 DEBUG    [TaskSelector] Evaluating zone states: {'A': 'EMPTY', 'B': 'EMPTY'}  busy: {'A': False, 'B': False}
2026-04-15 15:42:45,500 INFO     [TaskSelector] → do_load (zone A empty)
2026-04-15 15:42:45,500 INFO     [FetchInput] Entering state
2026-04-15 15:42:45,503 INFO     [Service] /compute_grasps → success=False msg='No images received from PnP camera.'
2026-04-15 15:42:45,503 ERROR    [FetchInput] /compute_grasps service failed → exiting: failed
2026-04-15 15:42:45,504 DEBUG    [TaskSelector] Evaluating zone states: {'A': 'EMPTY', 'B': 'EMPTY'}  busy: {'A': False, 'B': False}
2026-04-15 15:42:45,504 INFO     [TaskSelector] → do_load (zone A empty)
2026-04-15 15:42:45,505 INFO     [FetchInput] Entering state
2026-04-15 15:42:45,508 INFO     [Service] /compute_grasps → success=False msg='No images received from PnP camera.'
2026-04-15 15:42:45,508 ERROR    [FetchInput] /compute_grasps service failed → exiting: failed
2026-04-15 15:42:45,509 DEBUG    [TaskSelector] Evaluating zone states: {'A': 'EMPTY', 'B': 'EMPTY'}  busy: {'A': False, 'B': False}
2026-04-15 15:42:45,509 INFO     [TaskSelector] → do_load (zone A empty)
2026-04-15 15:42:45,510 INFO     [FetchInput] Entering state
2026-04-15 15:42:45,512 INFO     [Service] /compute_grasps → success=False msg='No images received from PnP camera.'
2026-04-15 15:42:45,512 ERROR    [FetchInput] /compute_grasps service failed → exiting: failed
2026-04-15 15:42:45,513 DEBUG    [TaskSelector] Evaluating zone states: {'A': 'EMPTY', 'B': 'EMPTY'}  busy: {'A': False, 'B': False}
2026-04-15 15:42:45,513 INFO     [TaskSelector] → do_load (zone A empty)
2026-04-15 15:42:45,513 INFO     [FetchInput] Entering state
2026-04-15 15:42:45,516 INFO     [Service] /compute_grasps → success=False msg='No images received from PnP camera.'
2026-04-15 15:42:45,516 ERROR    [FetchInput] /compute_grasps service failed → exiting: failed
2026-04-15 15:42:45,517 DEBUG    [TaskSelector] Evaluating zone states: {'A': 'EMPTY', 'B': 'EMPTY'}  busy: {'A': False, 'B': False}
2026-04-15 15:42:45,517 INFO     [TaskSelector] → do_load (zone A empty)
2026-04-15 15:42:45,518 INFO     [FetchInput] Entering state
2026-04-15 15:42:45,520 INFO     [Service] /compute_grasps → success=False msg='No images received from PnP camera.'
2026-04-15 15:42:45,520 ERROR    [FetchInput] /compute_grasps service failed → exiting: failed
2026-04-15 15:42:45,521 DEBUG    [TaskSelector] Evaluating zone states: {'A': 'EMPTY', 'B': 'EMPTY'}  busy: {'A': False, 'B': False}
2026-04-15 15:42:45,521 INFO     [TaskSelector] → do_load (zone A empty)
2026-04-15 15:42:45,522 INFO     [FetchInput] Entering state
2026-04-15 15:42:45,524 INFO     [Service] /compute_grasps → success=False msg='No images received from PnP camera.'
2026-04-15 15:42:45,524 ERROR    [FetchInput] /compute_grasps service failed → exiting: failed
2026-04-15 15:42:45,526 DEBUG    [TaskSelector] Evaluating zone states: {'A': 'EMPTY', 'B': 'EMPTY'}  busy: {'A': False, 'B': False}
2026-04-15 15:42:45,526 INFO     [TaskSelector] → do_load (zone A empty)
2026-04-15 15:42:45,527 INFO     [FetchInput] Entering state
2026-04-15 15:42:45,530 INFO     [Service] /compute_grasps → success=False msg='No images received from PnP camera.'
2026-04-15 15:42:45,530 ERROR    [FetchInput] /compute_grasps service failed → exiting: failed
2026-04-15 15:42:45,532 DEBUG    [TaskSelector] Evaluating zone states: {'A': 'EMPTY', 'B': 'EMPTY'}  busy: {'A': False, 'B': False}
2026-04-15 15:42:45,532 INFO     [TaskSelector] → do_load (zone A empty)
2026-04-15 15:42:45,533 INFO     [FetchInput] Entering state
2026-04-15 15:42:45,537 INFO     [Service] /compute_grasps → success=False msg='No images received from PnP camera.'
2026-04-15 15:42:45,537 ERROR    [FetchInput] /compute_grasps service failed → exiting: failed
2026-04-15 15:42:45,539 DEBUG    [TaskSelector] Evaluating zone states: {'A': 'EMPTY', 'B': 'EMPTY'}  busy: {'A': False, 'B': False}
2026-04-15 15:42:45,539 INFO     [TaskSelector] → do_load (zone A empty)
2026-04-15 15:42:45,540 INFO     [FetchInput] Entering state
2026-04-15 15:42:45,548 INFO     [Service] /compute_grasps → success=False msg='No images received from PnP camera.'
2026-04-15 15:42:45,548 ERROR    [FetchInput] /compute_grasps service failed → exiting: failed
2026-04-15 15:42:45,551 DEBUG    [TaskSelector] Evaluating zone states: {'A': 'EMPTY', 'B': 'EMPTY'}  busy: {'A': False, 'B': False}
2026-04-15 15:42:45,551 INFO     [TaskSelector] → do_load (zone A empty)
2026-04-15 15:42:45,552 INFO     [FetchInput] Entering state
2026-04-15 15:42:45,555 INFO     [Service] /compute_grasps → success=False msg='No images received from PnP camera.'
2026-04-15 15:42:45,555 ERROR    [FetchInput] /compute_grasps service failed → exiting: failed
2026-04-15 15:42:45,556 DEBUG    [TaskSelector] Evaluating zone states: {'A': 'EMPTY', 'B': 'EMPTY'}  busy: {'A': False, 'B': False}
2026-04-15 15:42:45,556 INFO     [TaskSelector] → do_load (zone A empty)
2026-04-15 15:42:45,557 INFO     [FetchInput] Entering state
2026-04-15 15:42:45,560 INFO     [Service] /compute_grasps → success=False msg='No images received from PnP camera.'
2026-04-15 15:42:45,561 ERROR    [FetchInput] /compute_grasps service failed → exiting: failed
2026-04-15 15:42:45,561 DEBUG    [TaskSelector] Evaluating zone states: {'A': 'EMPTY', 'B': 'EMPTY'}  busy: {'A': False, 'B': False}
2026-04-15 15:42:45,562 INFO     [TaskSelector] → do_load (zone A empty)
2026-04-15 15:42:45,563 INFO     [FetchInput] Entering state
2026-04-15 15:42:45,565 INFO     [Service] /compute_grasps → success=False msg='No images received from PnP camera.'
2026-04-15 15:42:45,565 ERROR    [FetchInput] /compute_grasps service failed → exiting: failed
2026-04-15 15:42:45,565 DEBUG    [TaskSelector] Evaluating zone states: {'A': 'EMPTY', 'B': 'EMPTY'}  busy: {'A': False, 'B': False}
2026-04-15 15:42:45,566 INFO     [TaskSelector] → do_load (zone A empty)
2026-04-15 15:42:45,566 INFO     [FetchInput] Entering state
2026-04-15 15:42:45,569 INFO     [Service] /compute_grasps → success=False msg='No images received from PnP camera.'
2026-04-15 15:42:45,569 ERROR    [FetchInput] /compute_grasps service failed → exiting: failed
2026-04-15 15:42:45,570 DEBUG    [TaskSelector] Evaluating zone states: {'A': 'EMPTY', 'B': 'EMPTY'}  busy: {'A': False, 'B': False}
2026-04-15 15:42:45,570 INFO     [TaskSelector] → do_load (zone A empty)
2026-04-15 15:42:45,571 INFO     [FetchInput] Entering state
2026-04-15 15:42:45,573 INFO     [Service] /compute_grasps → success=False msg='No images received from PnP camera.'
2026-04-15 15:42:45,573 ERROR    [FetchInput] /compute_grasps service failed → exiting: failed
2026-04-15 15:42:45,574 DEBUG    [TaskSelector] Evaluating zone states: {'A': 'EMPTY', 'B': 'EMPTY'}  busy: {'A': False, 'B': False}
2026-04-15 15:42:45,574 INFO     [TaskSelector] → do_load (zone A empty)
2026-04-15 15:42:45,577 INFO     [FetchInput] Entering state
2026-04-15 15:42:45,580 INFO     [Service] /compute_grasps → success=False msg='No images received from PnP camera.'
2026-04-15 15:42:45,580 ERROR    [FetchInput] /compute_grasps service failed → exiting: failed
2026-04-15 15:42:45,581 DEBUG    [TaskSelector] Evaluating zone states: {'A': 'EMPTY', 'B': 'EMPTY'}  busy: {'A': False, 'B': False}
2026-04-15 15:42:45,581 INFO     [TaskSelector] → do_load (zone A empty)
2026-04-15 15:42:45,582 INFO     [FetchInput] Entering state
2026-04-15 15:42:45,585 INFO     [Service] /compute_grasps → success=False msg='No images received from PnP camera.'
2026-04-15 15:42:45,585 ERROR    [FetchInput] /compute_grasps service failed → exiting: failed
2026-04-15 15:42:45,586 DEBUG    [TaskSelector] Evaluating zone states: {'A': 'EMPTY', 'B': 'EMPTY'}  busy: {'A': False, 'B': False}
2026-04-15 15:42:45,586 INFO     [TaskSelector] → do_load (zone A empty)
2026-04-15 15:42:45,586 INFO     [FetchInput] Entering state
2026-04-15 15:42:45,589 INFO     [Service] /compute_grasps → success=False msg='No images received from PnP camera.'
2026-04-15 15:42:45,589 ERROR    [FetchInput] /compute_grasps service failed → exiting: failed
2026-04-15 15:42:45,590 DEBUG    [TaskSelector] Evaluating zone states: {'A': 'EMPTY', 'B': 'EMPTY'}  busy: {'A': False, 'B': False}
2026-04-15 15:42:45,590 INFO     [TaskSelector] → do_load (zone A empty)
2026-04-15 15:42:45,590 INFO     [FetchInput] Entering state
2026-04-15 15:42:45,593 INFO     [Service] /compute_grasps → success=False msg='No images received from PnP camera.'
2026-04-15 15:42:45,593 ERROR    [FetchInput] /compute_grasps service failed → exiting: failed
2026-04-15 15:42:45,595 DEBUG    [TaskSelector] Evaluating zone states: {'A': 'EMPTY', 'B': 'EMPTY'}  busy: {'A': False, 'B': False}
2026-04-15 15:42:45,595 INFO     [TaskSelector] → do_load (zone A empty)
2026-04-15 15:42:45,595 INFO     [FetchInput] Entering state
2026-04-15 15:42:45,599 INFO     [Service] /compute_grasps → success=False msg='No images received from PnP camera.'
2026-04-15 15:42:45,599 ERROR    [FetchInput] /compute_grasps service failed → exiting: failed
2026-04-15 15:42:45,599 DEBUG    [TaskSelector] Evaluating zone states: {'A': 'EMPTY', 'B': 'EMPTY'}  busy: {'A': False, 'B': False}
2026-04-15 15:42:45,600 INFO     [TaskSelector] → do_load (zone A empty)
2026-04-15 15:42:45,601 INFO     [FetchInput] Entering state
2026-04-15 15:42:45,604 INFO     [Service] /compute_grasps → success=False msg='No images received from PnP camera.'
2026-04-15 15:42:45,604 ERROR    [FetchInput] /compute_grasps service failed → exiting: failed
2026-04-15 15:42:45,605 DEBUG    [TaskSelector] Evaluating zone states: {'A': 'EMPTY', 'B': 'EMPTY'}  busy: {'A': False, 'B': False}
2026-04-15 15:42:45,606 INFO     [TaskSelector] → do_load (zone A empty)
2026-04-15 15:42:45,608 INFO     [FetchInput] Entering state
2026-04-15 15:42:45,617 INFO     [Service] /compute_grasps → success=False msg='No images received from PnP camera.'
2026-04-15 15:42:45,617 ERROR    [FetchInput] /compute_grasps service failed → exiting: failed
2026-04-15 15:42:45,619 DEBUG    [TaskSelector] Evaluating zone states: {'A': 'EMPTY', 'B': 'EMPTY'}  busy: {'A': False, 'B': False}
2026-04-15 15:42:45,619 INFO     [TaskSelector] → do_load (zone A empty)
2026-04-15 15:42:45,621 INFO     [FetchInput] Entering state
2026-04-15 15:42:45,624 INFO     [Service] /compute_grasps → success=False msg='No images received from PnP camera.'
2026-04-15 15:42:45,625 ERROR    [FetchInput] /compute_grasps service failed → exiting: failed
2026-04-15 15:42:45,626 DEBUG    [TaskSelector] Evaluating zone states: {'A': 'EMPTY', 'B': 'EMPTY'}  busy: {'A': False, 'B': False}
2026-04-15 15:42:45,626 INFO     [TaskSelector] → do_load (zone A empty)
2026-04-15 15:42:45,627 INFO     [FetchInput] Entering state
2026-04-15 15:42:45,631 INFO     [Service] /compute_grasps → success=False msg='No images received from PnP camera.'
2026-04-15 15:42:45,631 ERROR    [FetchInput] /compute_grasps service failed → exiting: failed
2026-04-15 15:42:45,631 DEBUG    [TaskSelector] Evaluating zone states: {'A': 'EMPTY', 'B': 'EMPTY'}  busy: {'A': False, 'B': False}
2026-04-15 15:42:45,632 INFO     [TaskSelector] → do_load (zone A empty)
2026-04-15 15:42:45,632 INFO     [FetchInput] Entering state
2026-04-15 15:42:45,634 INFO     [Service] /compute_grasps → success=False msg='No images received from PnP camera.'
2026-04-15 15:42:45,634 ERROR    [FetchInput] /compute_grasps service failed → exiting: failed
2026-04-15 15:42:45,635 DEBUG    [TaskSelector] Evaluating zone states: {'A': 'EMPTY', 'B': 'EMPTY'}  busy: {'A': False, 'B': False}
2026-04-15 15:42:45,635 INFO     [TaskSelector] → do_load (zone A empty)
2026-04-15 15:42:45,635 INFO     [FetchInput] Entering state
2026-04-15 15:42:45,638 INFO     [Service] /compute_grasps → success=False msg='No images received from PnP camera.'
2026-04-15 15:42:45,638 ERROR    [FetchInput] /compute_grasps service failed → exiting: failed
2026-04-15 15:42:45,639 DEBUG    [TaskSelector] Evaluating zone states: {'A': 'EMPTY', 'B': 'EMPTY'}  busy: {'A': False, 'B': False}
2026-04-15 15:42:45,640 INFO     [TaskSelector] → do_load (zone A empty)
2026-04-15 15:42:45,640 INFO     [FetchInput] Entering state
2026-04-15 15:42:45,643 INFO     [Service] /compute_grasps → success=False msg='No images received from PnP camera.'
2026-04-15 15:42:45,643 ERROR    [FetchInput] /compute_grasps service failed → exiting: failed
2026-04-15 15:42:45,644 DEBUG    [TaskSelector] Evaluating zone states: {'A': 'EMPTY', 'B': 'EMPTY'}  busy: {'A': False, 'B': False}
2026-04-15 15:42:45,644 INFO     [TaskSelector] → do_load (zone A empty)
2026-04-15 15:42:45,645 INFO     [FetchInput] Entering state
2026-04-15 15:42:45,647 INFO     [Service] /compute_grasps → success=False msg='No images received from PnP camera.'
2026-04-15 15:42:45,647 ERROR    [FetchInput] /compute_grasps service failed → exiting: failed
2026-04-15 15:42:45,648 DEBUG    [TaskSelector] Evaluating zone states: {'A': 'EMPTY', 'B': 'EMPTY'}  busy: {'A': False, 'B': False}
2026-04-15 15:42:45,648 INFO     [TaskSelector] → do_load (zone A empty)
2026-04-15 15:42:45,649 INFO     [FetchInput] Entering state
2026-04-15 15:42:45,651 INFO     [Service] /compute_grasps → success=False msg='No images received from PnP camera.'
2026-04-15 15:42:45,651 ERROR    [FetchInput] /compute_grasps service failed → exiting: failed
2026-04-15 15:42:45,652 DEBUG    [TaskSelector] Evaluating zone states: {'A': 'EMPTY', 'B': 'EMPTY'}  busy: {'A': False, 'B': False}
2026-04-15 15:42:45,652 INFO     [TaskSelector] → do_load (zone A empty)
2026-04-15 15:42:45,652 INFO     [FetchInput] Entering state
2026-04-15 15:42:45,654 INFO     [Service] /compute_grasps → success=False msg='No images received from PnP camera.'
2026-04-15 15:42:45,655 ERROR    [FetchInput] /compute_grasps service failed → exiting: failed
2026-04-15 15:42:45,655 DEBUG    [TaskSelector] Evaluating zone states: {'A': 'EMPTY', 'B': 'EMPTY'}  busy: {'A': False, 'B': False}
2026-04-15 15:42:45,655 INFO     [TaskSelector] → do_load (zone A empty)
2026-04-15 15:42:45,656 INFO     [FetchInput] Entering state
2026-04-15 15:42:45,659 INFO     [Service] /compute_grasps → success=False msg='No images received from PnP camera.'
2026-04-15 15:42:45,659 ERROR    [FetchInput] /compute_grasps service failed → exiting: failed
2026-04-15 15:42:45,660 DEBUG    [TaskSelector] Evaluating zone states: {'A': 'EMPTY', 'B': 'EMPTY'}  busy: {'A': False, 'B': False}
2026-04-15 15:42:45,660 INFO     [TaskSelector] → do_load (zone A empty)
2026-04-15 15:42:45,661 INFO     [FetchInput] Entering state
2026-04-15 15:42:45,663 INFO     [Service] /compute_grasps → success=False msg='No images received from PnP camera.'
2026-04-15 15:42:45,663 ERROR    [FetchInput] /compute_grasps service failed → exiting: failed
2026-04-15 15:42:45,664 DEBUG    [TaskSelector] Evaluating zone states: {'A': 'EMPTY', 'B': 'EMPTY'}  busy: {'A': False, 'B': False}
2026-04-15 15:42:45,664 INFO     [TaskSelector] → do_load (zone A empty)
2026-04-15 15:42:45,665 INFO     [FetchInput] Entering state
2026-04-15 15:42:45,668 INFO     [Service] /compute_grasps → success=False msg='No images received from PnP camera.'
2026-04-15 15:42:45,669 ERROR    [FetchInput] /compute_grasps service failed → exiting: failed
2026-04-15 15:42:45,670 DEBUG    [TaskSelector] Evaluating zone states: {'A': 'EMPTY', 'B': 'EMPTY'}  busy: {'A': False, 'B': False}
2026-04-15 15:42:45,670 INFO     [TaskSelector] → do_load (zone A empty)
2026-04-15 15:42:45,672 INFO     [FetchInput] Entering state
2026-04-15 15:42:45,676 INFO     [Service] /compute_grasps → success=False msg='No images received from PnP camera.'
2026-04-15 15:42:45,677 ERROR    [FetchInput] /compute_grasps service failed → exiting: failed
2026-04-15 15:42:45,680 DEBUG    [TaskSelector] Evaluating zone states: {'A': 'EMPTY', 'B': 'EMPTY'}  busy: {'A': False, 'B': False}
2026-04-15 15:42:45,680 INFO     [TaskSelector] → do_load (zone A empty)
2026-04-15 15:42:45,683 INFO     [FetchInput] Entering state
2026-04-15 15:42:45,687 INFO     [Service] /compute_grasps → success=False msg='No images received from PnP camera.'
2026-04-15 15:42:45,687 ERROR    [FetchInput] /compute_grasps service failed → exiting: failed
2026-04-15 15:42:45,690 DEBUG    [TaskSelector] Evaluating zone states: {'A': 'EMPTY', 'B': 'EMPTY'}  busy: {'A': False, 'B': False}
2026-04-15 15:42:45,690 INFO     [TaskSelector] → do_load (zone A empty)
2026-04-15 15:42:45,692 INFO     [FetchInput] Entering state
2026-04-15 15:42:45,695 INFO     [Service] /compute_grasps → success=False msg='No images received from PnP camera.'
2026-04-15 15:42:45,695 ERROR    [FetchInput] /compute_grasps service failed → exiting: failed
2026-04-15 15:42:45,696 DEBUG    [TaskSelector] Evaluating zone states: {'A': 'EMPTY', 'B': 'EMPTY'}  busy: {'A': False, 'B': False}
2026-04-15 15:42:45,696 INFO     [TaskSelector] → do_load (zone A empty)
2026-04-15 15:42:45,696 INFO     [FetchInput] Entering state
2026-04-15 15:42:45,699 INFO     [Service] /compute_grasps → success=False msg='No images received from PnP camera.'
2026-04-15 15:42:45,699 ERROR    [FetchInput] /compute_grasps service failed → exiting: failed
2026-04-15 15:42:45,700 DEBUG    [TaskSelector] Evaluating zone states: {'A': 'EMPTY', 'B': 'EMPTY'}  busy: {'A': False, 'B': False}
2026-04-15 15:42:45,700 INFO     [TaskSelector] → do_load (zone A empty)
2026-04-15 15:42:45,700 INFO     [FetchInput] Entering state
2026-04-15 15:42:45,702 INFO     [Service] /compute_grasps → success=False msg='No images received from PnP camera.'
2026-04-15 15:42:45,703 ERROR    [FetchInput] /compute_grasps service failed → exiting: failed
2026-04-15 15:42:45,704 DEBUG    [TaskSelector] Evaluating zone states: {'A': 'EMPTY', 'B': 'EMPTY'}  busy: {'A': False, 'B': False}
2026-04-15 15:42:45,704 INFO     [TaskSelector] → do_load (zone A empty)
2026-04-15 15:42:45,705 INFO     [FetchInput] Entering state
2026-04-15 15:42:45,707 INFO     [Service] /compute_grasps → success=False msg='No images received from PnP camera.'
2026-04-15 15:42:45,708 ERROR    [FetchInput] /compute_grasps service failed → exiting: failed
2026-04-15 15:42:45,709 DEBUG    [TaskSelector] Evaluating zone states: {'A': 'EMPTY', 'B': 'EMPTY'}  busy: {'A': False, 'B': False}
2026-04-15 15:42:45,709 INFO     [TaskSelector] → do_load (zone A empty)
2026-04-15 15:42:45,710 INFO     [FetchInput] Entering state
2026-04-15 15:42:45,713 INFO     [Service] /compute_grasps → success=False msg='No images received from PnP camera.'
2026-04-15 15:42:45,713 ERROR    [FetchInput] /compute_grasps service failed → exiting: failed
2026-04-15 15:42:45,714 DEBUG    [TaskSelector] Evaluating zone states: {'A': 'EMPTY', 'B': 'EMPTY'}  busy: {'A': False, 'B': False}
2026-04-15 15:42:45,714 INFO     [TaskSelector] → do_load (zone A empty)
2026-04-15 15:42:45,715 INFO     [FetchInput] Entering state
2026-04-15 15:42:45,717 INFO     [Service] /compute_grasps → success=False msg='No images received from PnP camera.'
2026-04-15 15:42:45,717 ERROR    [FetchInput] /compute_grasps service failed → exiting: failed
2026-04-15 15:42:45,718 DEBUG    [TaskSelector] Evaluating zone states: {'A': 'EMPTY', 'B': 'EMPTY'}  busy: {'A': False, 'B': False}
2026-04-15 15:42:45,718 INFO     [TaskSelector] → do_load (zone A empty)
2026-04-15 15:42:45,718 INFO     [FetchInput] Entering state
2026-04-15 15:42:45,720 INFO     [Service] /compute_grasps → success=False msg='No images received from PnP camera.'
2026-04-15 15:42:45,720 ERROR    [FetchInput] /compute_grasps service failed → exiting: failed
2026-04-15 15:42:45,721 DEBUG    [TaskSelector] Evaluating zone states: {'A': 'EMPTY', 'B': 'EMPTY'}  busy: {'A': False, 'B': False}
2026-04-15 15:42:45,721 INFO     [TaskSelector] → do_load (zone A empty)
2026-04-15 15:42:45,722 INFO     [FetchInput] Entering state
2026-04-15 15:42:45,725 INFO     [Service] /compute_grasps → success=False msg='No images received from PnP camera.'
2026-04-15 15:42:45,726 ERROR    [FetchInput] /compute_grasps service failed → exiting: failed
2026-04-15 15:42:45,727 DEBUG    [TaskSelector] Evaluating zone states: {'A': 'EMPTY', 'B': 'EMPTY'}  busy: {'A': False, 'B': False}
2026-04-15 15:42:45,727 INFO     [TaskSelector] → do_load (zone A empty)
2026-04-15 15:42:45,728 INFO     [FetchInput] Entering state
2026-04-15 15:42:45,730 INFO     [Service] /compute_grasps → success=False msg='No images received from PnP camera.'
2026-04-15 15:42:45,730 ERROR    [FetchInput] /compute_grasps service failed → exiting: failed
2026-04-15 15:42:45,731 DEBUG    [TaskSelector] Evaluating zone states: {'A': 'EMPTY', 'B': 'EMPTY'}  busy: {'A': False, 'B': False}
2026-04-15 15:42:45,731 INFO     [TaskSelector] → do_load (zone A empty)
2026-04-15 15:42:45,732 INFO     [FetchInput] Entering state
2026-04-15 15:42:45,735 INFO     [Service] /compute_grasps → success=False msg='No images received from PnP camera.'
2026-04-15 15:42:45,735 ERROR    [FetchInput] /compute_grasps service failed → exiting: failed
2026-04-15 15:42:45,736 DEBUG    [TaskSelector] Evaluating zone states: {'A': 'EMPTY', 'B': 'EMPTY'}  busy: {'A': False, 'B': False}
2026-04-15 15:42:45,737 INFO     [TaskSelector] → do_load (zone A empty)
2026-04-15 15:42:45,738 INFO     [FetchInput] Entering state
2026-04-15 15:42:45,741 INFO     [Service] /compute_grasps → success=False msg='No images received from PnP camera.'
2026-04-15 15:42:45,741 ERROR    [FetchInput] /compute_grasps service failed → exiting: failed
2026-04-15 15:42:45,743 DEBUG    [TaskSelector] Evaluating zone states: {'A': 'EMPTY', 'B': 'EMPTY'}  busy: {'A': False, 'B': False}
2026-04-15 15:42:45,743 INFO     [TaskSelector] → do_load (zone A empty)
2026-04-15 15:42:45,745 INFO     [FetchInput] Entering state
2026-04-15 15:42:45,752 INFO     [Service] /compute_grasps → success=False msg='No images received from PnP camera.'
2026-04-15 15:42:45,752 ERROR    [FetchInput] /compute_grasps service failed → exiting: failed
2026-04-15 15:42:45,754 DEBUG    [TaskSelector] Evaluating zone states: {'A': 'EMPTY', 'B': 'EMPTY'}  busy: {'A': False, 'B': False}
2026-04-15 15:42:45,754 INFO     [TaskSelector] → do_load (zone A empty)
2026-04-15 15:42:45,755 INFO     [FetchInput] Entering state
2026-04-15 15:42:45,759 INFO     [Service] /compute_grasps → success=False msg='No images received from PnP camera.'
2026-04-15 15:42:45,759 ERROR    [FetchInput] /compute_grasps service failed → exiting: failed
2026-04-15 15:42:45,760 DEBUG    [TaskSelector] Evaluating zone states: {'A': 'EMPTY', 'B': 'EMPTY'}  busy: {'A': False, 'B': False}
2026-04-15 15:42:45,760 INFO     [TaskSelector] → do_load (zone A empty)
2026-04-15 15:42:45,761 INFO     [FetchInput] Entering state
2026-04-15 15:42:45,763 INFO     [Service] /compute_grasps → success=False msg='No images received from PnP camera.'
2026-04-15 15:42:45,763 ERROR    [FetchInput] /compute_grasps service failed → exiting: failed
2026-04-15 15:42:45,764 DEBUG    [TaskSelector] Evaluating zone states: {'A': 'EMPTY', 'B': 'EMPTY'}  busy: {'A': False, 'B': False}
2026-04-15 15:42:45,764 INFO     [TaskSelector] → do_load (zone A empty)
2026-04-15 15:42:45,765 INFO     [FetchInput] Entering state
2026-04-15 15:42:45,767 INFO     [Service] /compute_grasps → success=False msg='No images received from PnP camera.'
2026-04-15 15:42:45,767 ERROR    [FetchInput] /compute_grasps service failed → exiting: failed
2026-04-15 15:42:45,768 DEBUG    [TaskSelector] Evaluating zone states: {'A': 'EMPTY', 'B': 'EMPTY'}  busy: {'A': False, 'B': False}
2026-04-15 15:42:45,768 INFO     [TaskSelector] → do_load (zone A empty)
2026-04-15 15:42:45,769 INFO     [FetchInput] Entering state
2026-04-15 15:42:45,772 INFO     [Service] /compute_grasps → success=False msg='No images received from PnP camera.'
2026-04-15 15:42:45,772 ERROR    [FetchInput] /compute_grasps service failed → exiting: failed
2026-04-15 15:42:45,773 DEBUG    [TaskSelector] Evaluating zone states: {'A': 'EMPTY', 'B': 'EMPTY'}  busy: {'A': False, 'B': False}
2026-04-15 15:42:45,773 INFO     [TaskSelector] → do_load (zone A empty)
2026-04-15 15:42:45,774 INFO     [FetchInput] Entering state
2026-04-15 15:42:45,776 INFO     [Service] /compute_grasps → success=False msg='No images received from PnP camera.'
2026-04-15 15:42:45,776 ERROR    [FetchInput] /compute_grasps service failed → exiting: failed
2026-04-15 15:42:45,778 DEBUG    [TaskSelector] Evaluating zone states: {'A': 'EMPTY', 'B': 'EMPTY'}  busy: {'A': False, 'B': False}
2026-04-15 15:42:45,778 INFO     [TaskSelector] → do_load (zone A empty)
2026-04-15 15:42:45,778 INFO     [FetchInput] Entering state
2026-04-15 15:42:45,781 INFO     [Service] /compute_grasps → success=False msg='No images received from PnP camera.'
2026-04-15 15:42:45,781 ERROR    [FetchInput] /compute_grasps service failed → exiting: failed
2026-04-15 15:42:45,782 DEBUG    [TaskSelector] Evaluating zone states: {'A': 'EMPTY', 'B': 'EMPTY'}  busy: {'A': False, 'B': False}
2026-04-15 15:42:45,782 INFO     [TaskSelector] → do_load (zone A empty)
2026-04-15 15:42:45,783 INFO     [FetchInput] Entering state
2026-04-15 15:42:45,785 INFO     [Service] /compute_grasps → success=False msg='No images received from PnP camera.'
2026-04-15 15:42:45,785 ERROR    [FetchInput] /compute_grasps service failed → exiting: failed
2026-04-15 15:42:45,787 DEBUG    [TaskSelector] Evaluating zone states: {'A': 'EMPTY', 'B': 'EMPTY'}  busy: {'A': False, 'B': False}
2026-04-15 15:42:45,787 INFO     [TaskSelector] → do_load (zone A empty)
2026-04-15 15:42:45,787 INFO     [FetchInput] Entering state
2026-04-15 15:42:45,789 INFO     [Service] /compute_grasps → success=False msg='No images received from PnP camera.'
2026-04-15 15:42:45,790 ERROR    [FetchInput] /compute_grasps service failed → exiting: failed
2026-04-15 15:42:45,790 DEBUG    [TaskSelector] Evaluating zone states: {'A': 'EMPTY', 'B': 'EMPTY'}  busy: {'A': False, 'B': False}
2026-04-15 15:42:45,790 INFO     [TaskSelector] → do_load (zone A empty)
2026-04-15 15:42:45,791 INFO     [FetchInput] Entering state
2026-04-15 15:42:45,793 INFO     [Service] /compute_grasps → success=False msg='No images received from PnP camera.'
2026-04-15 15:42:45,793 ERROR    [FetchInput] /compute_grasps service failed → exiting: failed
2026-04-15 15:42:45,794 DEBUG    [TaskSelector] Evaluating zone states: {'A': 'EMPTY', 'B': 'EMPTY'}  busy: {'A': False, 'B': False}
2026-04-15 15:42:45,794 INFO     [TaskSelector] → do_load (zone A empty)
2026-04-15 15:42:45,795 INFO     [FetchInput] Entering state
2026-04-15 15:42:45,798 INFO     [Service] /compute_grasps → success=False msg='No images received from PnP camera.'
2026-04-15 15:42:45,798 ERROR    [FetchInput] /compute_grasps service failed → exiting: failed
2026-04-15 15:42:45,799 DEBUG    [TaskSelector] Evaluating zone states: {'A': 'EMPTY', 'B': 'EMPTY'}  busy: {'A': False, 'B': False}
2026-04-15 15:42:45,799 INFO     [TaskSelector] → do_load (zone A empty)
2026-04-15 15:42:45,800 INFO     [FetchInput] Entering state
2026-04-15 15:42:45,804 INFO     [Service] /compute_grasps → success=False msg='No images received from PnP camera.'
2026-04-15 15:42:45,804 ERROR    [FetchInput] /compute_grasps service failed → exiting: failed
2026-04-15 15:42:45,806 DEBUG    [TaskSelector] Evaluating zone states: {'A': 'EMPTY', 'B': 'EMPTY'}  busy: {'A': False, 'B': False}
2026-04-15 15:42:45,806 INFO     [TaskSelector] → do_load (zone A empty)
2026-04-15 15:42:45,807 INFO     [FetchInput] Entering state
2026-04-15 15:42:45,814 INFO     [Service] /compute_grasps → success=False msg='No images received from PnP camera.'
2026-04-15 15:42:45,814 ERROR    [FetchInput] /compute_grasps service failed → exiting: failed
2026-04-15 15:42:45,816 DEBUG    [TaskSelector] Evaluating zone states: {'A': 'EMPTY', 'B': 'EMPTY'}  busy: {'A': False, 'B': False}
2026-04-15 15:42:45,816 INFO     [TaskSelector] → do_load (zone A empty)
2026-04-15 15:42:45,816 INFO     [FetchInput] Entering state
2026-04-15 15:42:45,819 INFO     [Service] /compute_grasps → success=False msg='No images received from PnP camera.'
2026-04-15 15:42:45,820 ERROR    [FetchInput] /compute_grasps service failed → exiting: failed
2026-04-15 15:42:45,821 DEBUG    [TaskSelector] Evaluating zone states: {'A': 'EMPTY', 'B': 'EMPTY'}  busy: {'A': False, 'B': False}
2026-04-15 15:42:45,822 INFO     [TaskSelector] → do_load (zone A empty)
2026-04-15 15:42:45,823 INFO     [FetchInput] Entering state
2026-04-15 15:42:45,827 INFO     [Service] /compute_grasps → success=False msg='No images received from PnP camera.'
2026-04-15 15:42:45,827 ERROR    [FetchInput] /compute_grasps service failed → exiting: failed
2026-04-15 15:42:45,829 DEBUG    [TaskSelector] Evaluating zone states: {'A': 'EMPTY', 'B': 'EMPTY'}  busy: {'A': False, 'B': False}
2026-04-15 15:42:45,829 INFO     [TaskSelector] → do_load (zone A empty)
2026-04-15 15:42:45,830 INFO     [FetchInput] Entering state
2026-04-15 15:42:45,833 INFO     [Service] /compute_grasps → success=False msg='No images received from PnP camera.'
2026-04-15 15:42:45,833 ERROR    [FetchInput] /compute_grasps service failed → exiting: failed
2026-04-15 15:42:45,834 DEBUG    [TaskSelector] Evaluating zone states: {'A': 'EMPTY', 'B': 'EMPTY'}  busy: {'A': False, 'B': False}
2026-04-15 15:42:45,834 INFO     [TaskSelector] → do_load (zone A empty)
2026-04-15 15:42:45,835 INFO     [FetchInput] Entering state
2026-04-15 15:42:45,837 INFO     [Service] /compute_grasps → success=False msg='No images received from PnP camera.'
2026-04-15 15:42:45,837 ERROR    [FetchInput] /compute_grasps service failed → exiting: failed
2026-04-15 15:42:45,838 DEBUG    [TaskSelector] Evaluating zone states: {'A': 'EMPTY', 'B': 'EMPTY'}  busy: {'A': False, 'B': False}
2026-04-15 15:42:45,838 INFO     [TaskSelector] → do_load (zone A empty)
2026-04-15 15:42:45,839 INFO     [FetchInput] Entering state
2026-04-15 15:42:45,841 INFO     [Service] /compute_grasps → success=False msg='No images received from PnP camera.'
2026-04-15 15:42:45,842 ERROR    [FetchInput] /compute_grasps service failed → exiting: failed
2026-04-15 15:42:45,843 DEBUG    [TaskSelector] Evaluating zone states: {'A': 'EMPTY', 'B': 'EMPTY'}  busy: {'A': False, 'B': False}
2026-04-15 15:42:45,843 INFO     [TaskSelector] → do_load (zone A empty)
2026-04-15 15:42:45,844 INFO     [FetchInput] Entering state
2026-04-15 15:42:45,846 INFO     [Service] /compute_grasps → success=False msg='No images received from PnP camera.'
2026-04-15 15:42:45,846 ERROR    [FetchInput] /compute_grasps service failed → exiting: failed
2026-04-15 15:42:45,847 DEBUG    [TaskSelector] Evaluating zone states: {'A': 'EMPTY', 'B': 'EMPTY'}  busy: {'A': False, 'B': False}
2026-04-15 15:42:45,847 INFO     [TaskSelector] → do_load (zone A empty)
2026-04-15 15:42:45,847 INFO     [FetchInput] Entering state
2026-04-15 15:42:45,849 INFO     [Service] /compute_grasps → success=False msg='No images received from PnP camera.'
2026-04-15 15:42:45,849 ERROR    [FetchInput] /compute_grasps service failed → exiting: failed
2026-04-15 15:42:45,850 DEBUG    [TaskSelector] Evaluating zone states: {'A': 'EMPTY', 'B': 'EMPTY'}  busy: {'A': False, 'B': False}
2026-04-15 15:42:45,850 INFO     [TaskSelector] → do_load (zone A empty)
2026-04-15 15:42:45,851 INFO     [FetchInput] Entering state
2026-04-15 15:42:45,853 INFO     [Service] /compute_grasps → success=False msg='No images received from PnP camera.'
2026-04-15 15:42:45,853 ERROR    [FetchInput] /compute_grasps service failed → exiting: failed
2026-04-15 15:42:45,854 DEBUG    [TaskSelector] Evaluating zone states: {'A': 'EMPTY', 'B': 'EMPTY'}  busy: {'A': False, 'B': False}
2026-04-15 15:42:45,854 INFO     [TaskSelector] → do_load (zone A empty)
2026-04-15 15:42:45,854 INFO     [FetchInput] Entering state
2026-04-15 15:42:45,857 INFO     [Service] /compute_grasps → success=False msg='No images received from PnP camera.'
2026-04-15 15:42:45,857 ERROR    [FetchInput] /compute_grasps service failed → exiting: failed
2026-04-15 15:42:45,859 DEBUG    [TaskSelector] Evaluating zone states: {'A': 'EMPTY', 'B': 'EMPTY'}  busy: {'A': False, 'B': False}
2026-04-15 15:42:45,859 INFO     [TaskSelector] → do_load (zone A empty)
2026-04-15 15:42:45,860 INFO     [FetchInput] Entering state
2026-04-15 15:42:45,862 INFO     [Service] /compute_grasps → success=False msg='No images received from PnP camera.'
2026-04-15 15:42:45,863 ERROR    [FetchInput] /compute_grasps service failed → exiting: failed
2026-04-15 15:42:45,863 DEBUG    [TaskSelector] Evaluating zone states: {'A': 'EMPTY', 'B': 'EMPTY'}  busy: {'A': False, 'B': False}
2026-04-15 15:42:45,864 INFO     [TaskSelector] → do_load (zone A empty)
2026-04-15 15:42:45,864 INFO     [FetchInput] Entering state
2026-04-15 15:42:45,868 INFO     [Service] /compute_grasps → success=False msg='No images received from PnP camera.'
2026-04-15 15:42:45,869 ERROR    [FetchInput] /compute_grasps service failed → exiting: failed
2026-04-15 15:42:45,870 DEBUG    [TaskSelector] Evaluating zone states: {'A': 'EMPTY', 'B': 'EMPTY'}  busy: {'A': False, 'B': False}
2026-04-15 15:42:45,870 INFO     [TaskSelector] → do_load (zone A empty)
2026-04-15 15:42:45,872 INFO     [FetchInput] Entering state
2026-04-15 15:42:45,876 INFO     [Service] /compute_grasps → success=False msg='No images received from PnP camera.'
2026-04-15 15:42:45,876 ERROR    [FetchInput] /compute_grasps service failed → exiting: failed
2026-04-15 15:42:45,878 DEBUG    [TaskSelector] Evaluating zone states: {'A': 'EMPTY', 'B': 'EMPTY'}  busy: {'A': False, 'B': False}
2026-04-15 15:42:45,878 INFO     [TaskSelector] → do_load (zone A empty)
2026-04-15 15:42:45,880 INFO     [FetchInput] Entering state
2026-04-15 15:42:45,885 INFO     [Service] /compute_grasps → success=False msg='No images received from PnP camera.'
2026-04-15 15:42:45,885 ERROR    [FetchInput] /compute_grasps service failed → exiting: failed
2026-04-15 15:42:45,886 DEBUG    [TaskSelector] Evaluating zone states: {'A': 'EMPTY', 'B': 'EMPTY'}  busy: {'A': False, 'B': False}
2026-04-15 15:42:45,886 INFO     [TaskSelector] → do_load (zone A empty)
2026-04-15 15:42:45,887 INFO     [FetchInput] Entering state
2026-04-15 15:42:45,892 INFO     [Service] /compute_grasps → success=False msg='No images received from PnP camera.'
2026-04-15 15:42:45,892 ERROR    [FetchInput] /compute_grasps service failed → exiting: failed
2026-04-15 15:42:45,894 DEBUG    [TaskSelector] Evaluating zone states: {'A': 'EMPTY', 'B': 'EMPTY'}  busy: {'A': False, 'B': False}
2026-04-15 15:42:45,894 INFO     [TaskSelector] → do_load (zone A empty)
2026-04-15 15:42:45,895 INFO     [FetchInput] Entering state
2026-04-15 15:42:45,898 INFO     [Service] /compute_grasps → success=False msg='No images received from PnP camera.'
2026-04-15 15:42:45,898 ERROR    [FetchInput] /compute_grasps service failed → exiting: failed
2026-04-15 15:42:45,899 DEBUG    [TaskSelector] Evaluating zone states: {'A': 'EMPTY', 'B': 'EMPTY'}  busy: {'A': False, 'B': False}
2026-04-15 15:42:45,899 INFO     [TaskSelector] → do_load (zone A empty)
2026-04-15 15:42:45,900 INFO     [FetchInput] Entering state
2026-04-15 15:42:45,902 INFO     [Service] /compute_grasps → success=False msg='No images received from PnP camera.'
2026-04-15 15:42:45,902 ERROR    [FetchInput] /compute_grasps service failed → exiting: failed
2026-04-15 15:42:45,903 DEBUG    [TaskSelector] Evaluating zone states: {'A': 'EMPTY', 'B': 'EMPTY'}  busy: {'A': False, 'B': False}
2026-04-15 15:42:45,903 INFO     [TaskSelector] → do_load (zone A empty)
2026-04-15 15:42:45,904 INFO     [FetchInput] Entering state
2026-04-15 15:42:45,906 INFO     [Service] /compute_grasps → success=False msg='No images received from PnP camera.'
2026-04-15 15:42:45,907 ERROR    [FetchInput] /compute_grasps service failed → exiting: failed
2026-04-15 15:42:45,908 DEBUG    [TaskSelector] Evaluating zone states: {'A': 'EMPTY', 'B': 'EMPTY'}  busy: {'A': False, 'B': False}
2026-04-15 15:42:45,908 INFO     [TaskSelector] → do_load (zone A empty)
2026-04-15 15:42:45,909 INFO     [FetchInput] Entering state
2026-04-15 15:42:45,911 INFO     [Service] /compute_grasps → success=False msg='No images received from PnP camera.'
2026-04-15 15:42:45,911 ERROR    [FetchInput] /compute_grasps service failed → exiting: failed
2026-04-15 15:42:45,912 DEBUG    [TaskSelector] Evaluating zone states: {'A': 'EMPTY', 'B': 'EMPTY'}  busy: {'A': False, 'B': False}
2026-04-15 15:42:45,912 INFO     [TaskSelector] → do_load (zone A empty)
2026-04-15 15:42:45,913 INFO     [FetchInput] Entering state
2026-04-15 15:42:45,915 INFO     [Service] /compute_grasps → success=False msg='No images received from PnP camera.'
2026-04-15 15:42:45,915 ERROR    [FetchInput] /compute_grasps service failed → exiting: failed
2026-04-15 15:42:45,916 DEBUG    [TaskSelector] Evaluating zone states: {'A': 'EMPTY', 'B': 'EMPTY'}  busy: {'A': False, 'B': False}
2026-04-15 15:42:45,916 INFO     [TaskSelector] → do_load (zone A empty)
2026-04-15 15:42:45,916 INFO     [FetchInput] Entering state
2026-04-15 15:42:45,919 INFO     [Service] /compute_grasps → success=False msg='No images received from PnP camera.'
2026-04-15 15:42:45,919 ERROR    [FetchInput] /compute_grasps service failed → exiting: failed
2026-04-15 15:42:45,919 DEBUG    [TaskSelector] Evaluating zone states: {'A': 'EMPTY', 'B': 'EMPTY'}  busy: {'A': False, 'B': False}
2026-04-15 15:42:45,919 INFO     [TaskSelector] → do_load (zone A empty)
2026-04-15 15:42:45,920 INFO     [FetchInput] Entering state
2026-04-15 15:42:45,922 INFO     [Service] /compute_grasps → success=False msg='No images received from PnP camera.'
2026-04-15 15:42:45,923 ERROR    [FetchInput] /compute_grasps service failed → exiting: failed
2026-04-15 15:42:45,923 DEBUG    [TaskSelector] Evaluating zone states: {'A': 'EMPTY', 'B': 'EMPTY'}  busy: {'A': False, 'B': False}
2026-04-15 15:42:45,924 INFO     [TaskSelector] → do_load (zone A empty)
2026-04-15 15:42:45,924 INFO     [FetchInput] Entering state
2026-04-15 15:42:45,928 INFO     [Service] /compute_grasps → success=False msg='No images received from PnP camera.'
2026-04-15 15:42:45,928 ERROR    [FetchInput] /compute_grasps service failed → exiting: failed
2026-04-15 15:42:45,929 DEBUG    [TaskSelector] Evaluating zone states: {'A': 'EMPTY', 'B': 'EMPTY'}  busy: {'A': False, 'B': False}
2026-04-15 15:42:45,929 INFO     [TaskSelector] → do_load (zone A empty)
2026-04-15 15:42:45,930 INFO     [FetchInput] Entering state
2026-04-15 15:42:45,933 INFO     [Service] /compute_grasps → success=False msg='No images received from PnP camera.'
2026-04-15 15:42:45,933 ERROR    [FetchInput] /compute_grasps service failed → exiting: failed
2026-04-15 15:42:45,933 DEBUG    [TaskSelector] Evaluating zone states: {'A': 'EMPTY', 'B': 'EMPTY'}  busy: {'A': False, 'B': False}
2026-04-15 15:42:45,934 INFO     [TaskSelector] → do_load (zone A empty)
2026-04-15 15:42:45,935 INFO     [FetchInput] Entering state
2026-04-15 15:42:45,939 INFO     [Service] /compute_grasps → success=False msg='No images received from PnP camera.'
2026-04-15 15:42:45,939 ERROR    [FetchInput] /compute_grasps service failed → exiting: failed
2026-04-15 15:42:45,941 DEBUG    [TaskSelector] Evaluating zone states: {'A': 'EMPTY', 'B': 'EMPTY'}  busy: {'A': False, 'B': False}
2026-04-15 15:42:45,941 INFO     [TaskSelector] → do_load (zone A empty)
2026-04-15 15:42:45,942 INFO     [FetchInput] Entering state
2026-04-15 15:42:45,946 INFO     [Service] /compute_grasps → success=False msg='No images received from PnP camera.'
2026-04-15 15:42:45,946 ERROR    [FetchInput] /compute_grasps service failed → exiting: failed
2026-04-15 15:42:45,948 DEBUG    [TaskSelector] Evaluating zone states: {'A': 'EMPTY', 'B': 'EMPTY'}  busy: {'A': False, 'B': False}
2026-04-15 15:42:45,949 INFO     [TaskSelector] → do_load (zone A empty)
2026-04-15 15:42:45,950 INFO     [FetchInput] Entering state
2026-04-15 15:42:45,955 INFO     [Service] /compute_grasps → success=False msg='No images received from PnP camera.'
2026-04-15 15:42:45,955 ERROR    [FetchInput] /compute_grasps service failed → exiting: failed
2026-04-15 15:42:45,958 DEBUG    [TaskSelector] Evaluating zone states: {'A': 'EMPTY', 'B': 'EMPTY'}  busy: {'A': False, 'B': False}
2026-04-15 15:42:45,958 INFO     [TaskSelector] → do_load (zone A empty)
2026-04-15 15:42:45,960 INFO     [FetchInput] Entering state
2026-04-15 15:42:45,963 INFO     [Service] /compute_grasps → success=False msg='No images received from PnP camera.'
2026-04-15 15:42:45,963 ERROR    [FetchInput] /compute_grasps service failed → exiting: failed
2026-04-15 15:42:45,964 DEBUG    [TaskSelector] Evaluating zone states: {'A': 'EMPTY', 'B': 'EMPTY'}  busy: {'A': False, 'B': False}
2026-04-15 15:42:45,964 INFO     [TaskSelector] → do_load (zone A empty)
2026-04-15 15:42:45,965 INFO     [FetchInput] Entering state
2026-04-15 15:42:45,968 INFO     [Service] /compute_grasps → success=False msg='No images received from PnP camera.'
2026-04-15 15:42:45,968 ERROR    [FetchInput] /compute_grasps service failed → exiting: failed
2026-04-15 15:42:45,969 DEBUG    [TaskSelector] Evaluating zone states: {'A': 'EMPTY', 'B': 'EMPTY'}  busy: {'A': False, 'B': False}
2026-04-15 15:42:45,969 INFO     [TaskSelector] → do_load (zone A empty)
2026-04-15 15:42:45,970 INFO     [FetchInput] Entering state
2026-04-15 15:42:45,972 INFO     [Service] /compute_grasps → success=False msg='No images received from PnP camera.'
2026-04-15 15:42:45,972 ERROR    [FetchInput] /compute_grasps service failed → exiting: failed
2026-04-15 15:42:45,973 DEBUG    [TaskSelector] Evaluating zone states: {'A': 'EMPTY', 'B': 'EMPTY'}  busy: {'A': False, 'B': False}
2026-04-15 15:42:45,973 INFO     [TaskSelector] → do_load (zone A empty)
2026-04-15 15:42:45,974 INFO     [FetchInput] Entering state
2026-04-15 15:42:45,977 INFO     [Service] /compute_grasps → success=False msg='No images received from PnP camera.'
2026-04-15 15:42:45,977 ERROR    [FetchInput] /compute_grasps service failed → exiting: failed
2026-04-15 15:42:45,978 DEBUG    [TaskSelector] Evaluating zone states: {'A': 'EMPTY', 'B': 'EMPTY'}  busy: {'A': False, 'B': False}
2026-04-15 15:42:45,978 INFO     [TaskSelector] → do_load (zone A empty)
2026-04-15 15:42:45,979 INFO     [FetchInput] Entering state
2026-04-15 15:42:45,981 INFO     [Service] /compute_grasps → success=False msg='No images received from PnP camera.'
2026-04-15 15:42:45,982 ERROR    [FetchInput] /compute_grasps service failed → exiting: failed
2026-04-15 15:42:45,982 DEBUG    [TaskSelector] Evaluating zone states: {'A': 'EMPTY', 'B': 'EMPTY'}  busy: {'A': False, 'B': False}
2026-04-15 15:42:45,983 INFO     [TaskSelector] → do_load (zone A empty)
2026-04-15 15:42:45,983 INFO     [FetchInput] Entering state
2026-04-15 15:42:45,986 INFO     [Service] /compute_grasps → success=False msg='No images received from PnP camera.'
2026-04-15 15:42:45,986 ERROR    [FetchInput] /compute_grasps service failed → exiting: failed
2026-04-15 15:42:45,987 DEBUG    [TaskSelector] Evaluating zone states: {'A': 'EMPTY', 'B': 'EMPTY'}  busy: {'A': False, 'B': False}
2026-04-15 15:42:45,987 INFO     [TaskSelector] → do_load (zone A empty)
2026-04-15 15:42:45,988 INFO     [FetchInput] Entering state
2026-04-15 15:42:45,990 INFO     [Service] /compute_grasps → success=False msg='No images received from PnP camera.'
2026-04-15 15:42:45,990 ERROR    [FetchInput] /compute_grasps service failed → exiting: failed
2026-04-15 15:42:45,991 DEBUG    [TaskSelector] Evaluating zone states: {'A': 'EMPTY', 'B': 'EMPTY'}  busy: {'A': False, 'B': False}
2026-04-15 15:42:45,991 INFO     [TaskSelector] → do_load (zone A empty)
2026-04-15 15:42:45,992 INFO     [FetchInput] Entering state
2026-04-15 15:42:45,995 INFO     [Service] /compute_grasps → success=False msg='No images received from PnP camera.'
2026-04-15 15:42:45,996 ERROR    [FetchInput] /compute_grasps service failed → exiting: failed
2026-04-15 15:42:45,997 DEBUG    [TaskSelector] Evaluating zone states: {'A': 'EMPTY', 'B': 'EMPTY'}  busy: {'A': False, 'B': False}
2026-04-15 15:42:45,997 INFO     [TaskSelector] → do_load (zone A empty)
2026-04-15 15:42:45,998 INFO     [FetchInput] Entering state
2026-04-15 15:42:46,000 INFO     [Service] /compute_grasps → success=False msg='No images received from PnP camera.'
2026-04-15 15:42:46,000 ERROR    [FetchInput] /compute_grasps service failed → exiting: failed
2026-04-15 15:42:46,001 DEBUG    [TaskSelector] Evaluating zone states: {'A': 'EMPTY', 'B': 'EMPTY'}  busy: {'A': False, 'B': False}
2026-04-15 15:42:46,002 INFO     [TaskSelector] → do_load (zone A empty)
2026-04-15 15:42:46,002 INFO     [FetchInput] Entering state
2026-04-15 15:42:46,008 INFO     [Service] /compute_grasps → success=False msg='No images received from PnP camera.'
2026-04-15 15:42:46,008 ERROR    [FetchInput] /compute_grasps service failed → exiting: failed
2026-04-15 15:42:46,009 DEBUG    [TaskSelector] Evaluating zone states: {'A': 'EMPTY', 'B': 'EMPTY'}  busy: {'A': False, 'B': False}
2026-04-15 15:42:46,009 INFO     [TaskSelector] → do_load (zone A empty)
2026-04-15 15:42:46,010 INFO     [FetchInput] Entering state
2026-04-15 15:42:46,014 INFO     [Service] /compute_grasps → success=False msg='No images received from PnP camera.'
2026-04-15 15:42:46,014 ERROR    [FetchInput] /compute_grasps service failed → exiting: failed
2026-04-15 15:42:46,016 DEBUG    [TaskSelector] Evaluating zone states: {'A': 'EMPTY', 'B': 'EMPTY'}  busy: {'A': False, 'B': False}
2026-04-15 15:42:46,016 INFO     [TaskSelector] → do_load (zone A empty)
2026-04-15 15:42:46,017 INFO     [FetchInput] Entering state
2026-04-15 15:42:46,024 INFO     [Service] /compute_grasps → success=False msg='No images received from PnP camera.'
2026-04-15 15:42:46,024 ERROR    [FetchInput] /compute_grasps service failed → exiting: failed
2026-04-15 15:42:46,026 DEBUG    [TaskSelector] Evaluating zone states: {'A': 'EMPTY', 'B': 'EMPTY'}  busy: {'A': False, 'B': False}
2026-04-15 15:42:46,026 INFO     [TaskSelector] → do_load (zone A empty)
2026-04-15 15:42:46,027 INFO     [FetchInput] Entering state
2026-04-15 15:42:46,030 INFO     [Service] /compute_grasps → success=False msg='No images received from PnP camera.'
2026-04-15 15:42:46,030 ERROR    [FetchInput] /compute_grasps service failed → exiting: failed
2026-04-15 15:42:46,031 DEBUG    [TaskSelector] Evaluating zone states: {'A': 'EMPTY', 'B': 'EMPTY'}  busy: {'A': False, 'B': False}
2026-04-15 15:42:46,031 INFO     [TaskSelector] → do_load (zone A empty)
2026-04-15 15:42:46,033 INFO     [FetchInput] Entering state
2026-04-15 15:42:46,035 INFO     [Service] /compute_grasps → success=False msg='No images received from PnP camera.'
2026-04-15 15:42:46,035 ERROR    [FetchInput] /compute_grasps service failed → exiting: failed
2026-04-15 15:42:46,036 DEBUG    [TaskSelector] Evaluating zone states: {'A': 'EMPTY', 'B': 'EMPTY'}  busy: {'A': False, 'B': False}
2026-04-15 15:42:46,036 INFO     [TaskSelector] → do_load (zone A empty)
2026-04-15 15:42:46,036 INFO     [FetchInput] Entering state
2026-04-15 15:42:46,039 INFO     [Service] /compute_grasps → success=False msg='No images received from PnP camera.'
2026-04-15 15:42:46,039 ERROR    [FetchInput] /compute_grasps service failed → exiting: failed
2026-04-15 15:42:46,040 DEBUG    [TaskSelector] Evaluating zone states: {'A': 'EMPTY', 'B': 'EMPTY'}  busy: {'A': False, 'B': False}
2026-04-15 15:42:46,040 INFO     [TaskSelector] → do_load (zone A empty)
2026-04-15 15:42:46,041 INFO     [FetchInput] Entering state
2026-04-15 15:42:46,044 INFO     [Service] /compute_grasps → success=False msg='No images received from PnP camera.'
2026-04-15 15:42:46,044 ERROR    [FetchInput] /compute_grasps service failed → exiting: failed
2026-04-15 15:42:46,045 DEBUG    [TaskSelector] Evaluating zone states: {'A': 'EMPTY', 'B': 'EMPTY'}  busy: {'A': False, 'B': False}
2026-04-15 15:42:46,045 INFO     [TaskSelector] → do_load (zone A empty)
2026-04-15 15:42:46,046 INFO     [FetchInput] Entering state
2026-04-15 15:42:46,048 INFO     [Service] /compute_grasps → success=False msg='No images received from PnP camera.'
2026-04-15 15:42:46,048 ERROR    [FetchInput] /compute_grasps service failed → exiting: failed
2026-04-15 15:42:46,049 DEBUG    [TaskSelector] Evaluating zone states: {'A': 'EMPTY', 'B': 'EMPTY'}  busy: {'A': False, 'B': False}
2026-04-15 15:42:46,049 INFO     [TaskSelector] → do_load (zone A empty)
2026-04-15 15:42:46,050 INFO     [FetchInput] Entering state
2026-04-15 15:42:46,052 INFO     [Service] /compute_grasps → success=False msg='No images received from PnP camera.'
2026-04-15 15:42:46,052 ERROR    [FetchInput] /compute_grasps service failed → exiting: failed
2026-04-15 15:42:46,053 DEBUG    [TaskSelector] Evaluating zone states: {'A': 'EMPTY', 'B': 'EMPTY'}  busy: {'A': False, 'B': False}
2026-04-15 15:42:46,053 INFO     [TaskSelector] → do_load (zone A empty)
2026-04-15 15:42:46,054 INFO     [FetchInput] Entering state
2026-04-15 15:42:46,056 INFO     [Service] /compute_grasps → success=False msg='No images received from PnP camera.'
2026-04-15 15:42:46,056 ERROR    [FetchInput] /compute_grasps service failed → exiting: failed
2026-04-15 15:42:46,058 DEBUG    [TaskSelector] Evaluating zone states: {'A': 'EMPTY', 'B': 'EMPTY'}  busy: {'A': False, 'B': False}
2026-04-15 15:42:46,058 INFO     [TaskSelector] → do_load (zone A empty)
2026-04-15 15:42:46,059 INFO     [FetchInput] Entering state
2026-04-15 15:42:46,062 INFO     [Service] /compute_grasps → success=False msg='No images received from PnP camera.'
2026-04-15 15:42:46,062 ERROR    [FetchInput] /compute_grasps service failed → exiting: failed
2026-04-15 15:42:46,063 DEBUG    [TaskSelector] Evaluating zone states: {'A': 'EMPTY', 'B': 'EMPTY'}  busy: {'A': False, 'B': False}
2026-04-15 15:42:46,063 INFO     [TaskSelector] → do_load (zone A empty)
2026-04-15 15:42:46,064 INFO     [FetchInput] Entering state
2026-04-15 15:42:46,066 INFO     [Service] /compute_grasps → success=False msg='No images received from PnP camera.'
2026-04-15 15:42:46,066 ERROR    [FetchInput] /compute_grasps service failed → exiting: failed
2026-04-15 15:42:46,068 DEBUG    [TaskSelector] Evaluating zone states: {'A': 'EMPTY', 'B': 'EMPTY'}  busy: {'A': False, 'B': False}
2026-04-15 15:42:46,068 INFO     [TaskSelector] → do_load (zone A empty)
2026-04-15 15:42:46,069 INFO     [FetchInput] Entering state
2026-04-15 15:42:46,073 INFO     [Service] /compute_grasps → success=False msg='No images received from PnP camera.'
2026-04-15 15:42:46,074 ERROR    [FetchInput] /compute_grasps service failed → exiting: failed
2026-04-15 15:42:46,075 DEBUG    [TaskSelector] Evaluating zone states: {'A': 'EMPTY', 'B': 'EMPTY'}  busy: {'A': False, 'B': False}
2026-04-15 15:42:46,075 INFO     [TaskSelector] → do_load (zone A empty)
2026-04-15 15:42:46,077 INFO     [FetchInput] Entering state
2026-04-15 15:42:46,086 INFO     [Service] /compute_grasps → success=False msg='No images received from PnP camera.'
2026-04-15 15:42:46,086 ERROR    [FetchInput] /compute_grasps service failed → exiting: failed
2026-04-15 15:42:46,088 DEBUG    [TaskSelector] Evaluating zone states: {'A': 'EMPTY', 'B': 'EMPTY'}  busy: {'A': False, 'B': False}
2026-04-15 15:42:46,088 INFO     [TaskSelector] → do_load (zone A empty)
2026-04-15 15:42:46,089 INFO     [FetchInput] Entering state
2026-04-15 15:42:46,094 INFO     [Service] /compute_grasps → success=False msg='No images received from PnP camera.'
2026-04-15 15:42:46,095 ERROR    [FetchInput] /compute_grasps service failed → exiting: failed
2026-04-15 15:42:46,097 DEBUG    [TaskSelector] Evaluating zone states: {'A': 'EMPTY', 'B': 'EMPTY'}  busy: {'A': False, 'B': False}
2026-04-15 15:42:46,097 INFO     [TaskSelector] → do_load (zone A empty)
2026-04-15 15:42:46,098 INFO     [FetchInput] Entering state
2026-04-15 15:42:46,101 INFO     [Service] /compute_grasps → success=False msg='No images received from PnP camera.'
2026-04-15 15:42:46,101 ERROR    [FetchInput] /compute_grasps service failed → exiting: failed
2026-04-15 15:42:46,102 DEBUG    [TaskSelector] Evaluating zone states: {'A': 'EMPTY', 'B': 'EMPTY'}  busy: {'A': False, 'B': False}
2026-04-15 15:42:46,102 INFO     [TaskSelector] → do_load (zone A empty)
2026-04-15 15:42:46,103 INFO     [FetchInput] Entering state
2026-04-15 15:42:46,106 INFO     [Service] /compute_grasps → success=False msg='No images received from PnP camera.'
2026-04-15 15:42:46,107 ERROR    [FetchInput] /compute_grasps service failed → exiting: failed
2026-04-15 15:42:46,108 DEBUG    [TaskSelector] Evaluating zone states: {'A': 'EMPTY', 'B': 'EMPTY'}  busy: {'A': False, 'B': False}
2026-04-15 15:42:46,108 INFO     [TaskSelector] → do_load (zone A empty)
2026-04-15 15:42:46,109 INFO     [FetchInput] Entering state
2026-04-15 15:42:46,112 INFO     [Service] /compute_grasps → success=False msg='No images received from PnP camera.'
2026-04-15 15:42:46,112 ERROR    [FetchInput] /compute_grasps service failed → exiting: failed
2026-04-15 15:42:46,113 DEBUG    [TaskSelector] Evaluating zone states: {'A': 'EMPTY', 'B': 'EMPTY'}  busy: {'A': False, 'B': False}
2026-04-15 15:42:46,113 INFO     [TaskSelector] → do_load (zone A empty)
2026-04-15 15:42:46,113 INFO     [FetchInput] Entering state
2026-04-15 15:42:46,116 INFO     [Service] /compute_grasps → success=False msg='No images received from PnP camera.'
2026-04-15 15:42:46,116 ERROR    [FetchInput] /compute_grasps service failed → exiting: failed
2026-04-15 15:42:46,116 DEBUG    [TaskSelector] Evaluating zone states: {'A': 'EMPTY', 'B': 'EMPTY'}  busy: {'A': False, 'B': False}
2026-04-15 15:42:46,116 INFO     [TaskSelector] → do_load (zone A empty)
2026-04-15 15:42:46,117 INFO     [FetchInput] Entering state
2026-04-15 15:42:46,120 INFO     [Service] /compute_grasps → success=False msg='No images received from PnP camera.'
2026-04-15 15:42:46,120 ERROR    [FetchInput] /compute_grasps service failed → exiting: failed
2026-04-15 15:42:46,121 DEBUG    [TaskSelector] Evaluating zone states: {'A': 'EMPTY', 'B': 'EMPTY'}  busy: {'A': False, 'B': False}
2026-04-15 15:42:46,121 INFO     [TaskSelector] → do_load (zone A empty)
2026-04-15 15:42:46,121 INFO     [FetchInput] Entering state
2026-04-15 15:42:46,124 INFO     [Service] /compute_grasps → success=False msg='No images received from PnP camera.'
2026-04-15 15:42:46,124 ERROR    [FetchInput] /compute_grasps service failed → exiting: failed
2026-04-15 15:42:46,125 DEBUG    [TaskSelector] Evaluating zone states: {'A': 'EMPTY', 'B': 'EMPTY'}  busy: {'A': False, 'B': False}
2026-04-15 15:42:46,125 INFO     [TaskSelector] → do_load (zone A empty)
2026-04-15 15:42:46,126 INFO     [FetchInput] Entering state
2026-04-15 15:42:46,129 INFO     [Service] /compute_grasps → success=False msg='No images received from PnP camera.'
2026-04-15 15:42:46,130 ERROR    [FetchInput] /compute_grasps service failed → exiting: failed
2026-04-15 15:42:46,130 DEBUG    [TaskSelector] Evaluating zone states: {'A': 'EMPTY', 'B': 'EMPTY'}  busy: {'A': False, 'B': False}
2026-04-15 15:42:46,130 INFO     [TaskSelector] → do_load (zone A empty)
2026-04-15 15:42:46,131 INFO     [FetchInput] Entering state
2026-04-15 15:42:46,133 INFO     [Service] /compute_grasps → success=False msg='No images received from PnP camera.'
2026-04-15 15:42:46,133 ERROR    [FetchInput] /compute_grasps service failed → exiting: failed
2026-04-15 15:42:46,134 DEBUG    [TaskSelector] Evaluating zone states: {'A': 'EMPTY', 'B': 'EMPTY'}  busy: {'A': False, 'B': False}
2026-04-15 15:42:46,134 INFO     [TaskSelector] → do_load (zone A empty)
2026-04-15 15:42:46,135 INFO     [FetchInput] Entering state
2026-04-15 15:42:46,139 INFO     [Service] /compute_grasps → success=False msg='No images received from PnP camera.'
2026-04-15 15:42:46,140 ERROR    [FetchInput] /compute_grasps service failed → exiting: failed
2026-04-15 15:42:46,142 DEBUG    [TaskSelector] Evaluating zone states: {'A': 'EMPTY', 'B': 'EMPTY'}  busy: {'A': False, 'B': False}
2026-04-15 15:42:46,142 INFO     [TaskSelector] → do_load (zone A empty)
2026-04-15 15:42:46,142 INFO     [FetchInput] Entering state
2026-04-15 15:42:46,145 INFO     [Service] /compute_grasps → success=False msg='No images received from PnP camera.'
2026-04-15 15:42:46,146 ERROR    [FetchInput] /compute_grasps service failed → exiting: failed
2026-04-15 15:42:46,147 DEBUG    [TaskSelector] Evaluating zone states: {'A': 'EMPTY', 'B': 'EMPTY'}  busy: {'A': False, 'B': False}
2026-04-15 15:42:46,148 INFO     [TaskSelector] → do_load (zone A empty)
2026-04-15 15:42:46,149 INFO     [FetchInput] Entering state
2026-04-15 15:42:46,152 INFO     [Service] /compute_grasps → success=False msg='No images received from PnP camera.'
2026-04-15 15:42:46,153 ERROR    [FetchInput] /compute_grasps service failed → exiting: failed
2026-04-15 15:42:46,154 DEBUG    [TaskSelector] Evaluating zone states: {'A': 'EMPTY', 'B': 'EMPTY'}  busy: {'A': False, 'B': False}
2026-04-15 15:42:46,154 INFO     [TaskSelector] → do_load (zone A empty)
2026-04-15 15:42:46,156 INFO     [FetchInput] Entering state
2026-04-15 15:42:46,160 INFO     [Service] /compute_grasps → success=False msg='No images received from PnP camera.'
2026-04-15 15:42:46,160 ERROR    [FetchInput] /compute_grasps service failed → exiting: failed
2026-04-15 15:42:46,162 DEBUG    [TaskSelector] Evaluating zone states: {'A': 'EMPTY', 'B': 'EMPTY'}  busy: {'A': False, 'B': False}
2026-04-15 15:42:46,162 INFO     [TaskSelector] → do_load (zone A empty)
2026-04-15 15:42:46,163 INFO     [FetchInput] Entering state
2026-04-15 15:42:46,166 INFO     [Service] /compute_grasps → success=False msg='No images received from PnP camera.'
2026-04-15 15:42:46,166 ERROR    [FetchInput] /compute_grasps service failed → exiting: failed
2026-04-15 15:42:46,167 DEBUG    [TaskSelector] Evaluating zone states: {'A': 'EMPTY', 'B': 'EMPTY'}  busy: {'A': False, 'B': False}
2026-04-15 15:42:46,167 INFO     [TaskSelector] → do_load (zone A empty)
2026-04-15 15:42:46,168 INFO     [FetchInput] Entering state
2026-04-15 15:42:46,170 INFO     [Service] /compute_grasps → success=False msg='No images received from PnP camera.'
2026-04-15 15:42:46,170 ERROR    [FetchInput] /compute_grasps service failed → exiting: failed
2026-04-15 15:42:46,171 DEBUG    [TaskSelector] Evaluating zone states: {'A': 'EMPTY', 'B': 'EMPTY'}  busy: {'A': False, 'B': False}
2026-04-15 15:42:46,171 INFO     [TaskSelector] → do_load (zone A empty)
2026-04-15 15:42:46,173 INFO     [FetchInput] Entering state
2026-04-15 15:42:46,176 INFO     [Service] /compute_grasps → success=False msg='No images received from PnP camera.'
2026-04-15 15:42:46,176 ERROR    [FetchInput] /compute_grasps service failed → exiting: failed
2026-04-15 15:42:46,178 DEBUG    [TaskSelector] Evaluating zone states: {'A': 'EMPTY', 'B': 'EMPTY'}  busy: {'A': False, 'B': False}
2026-04-15 15:42:46,178 INFO     [TaskSelector] → do_load (zone A empty)
2026-04-15 15:42:46,179 INFO     [FetchInput] Entering state
2026-04-15 15:42:46,181 INFO     [Service] /compute_grasps → success=False msg='No images received from PnP camera.'
2026-04-15 15:42:46,181 ERROR    [FetchInput] /compute_grasps service failed → exiting: failed
2026-04-15 15:42:46,183 DEBUG    [TaskSelector] Evaluating zone states: {'A': 'EMPTY', 'B': 'EMPTY'}  busy: {'A': False, 'B': False}
2026-04-15 15:42:46,183 INFO     [TaskSelector] → do_load (zone A empty)
2026-04-15 15:42:46,183 INFO     [FetchInput] Entering state
2026-04-15 15:42:46,186 INFO     [Service] /compute_grasps → success=False msg='No images received from PnP camera.'
2026-04-15 15:42:46,186 ERROR    [FetchInput] /compute_grasps service failed → exiting: failed
2026-04-15 15:42:46,186 DEBUG    [TaskSelector] Evaluating zone states: {'A': 'EMPTY', 'B': 'EMPTY'}  busy: {'A': False, 'B': False}
2026-04-15 15:42:46,186 INFO     [TaskSelector] → do_load (zone A empty)
2026-04-15 15:42:46,187 INFO     [FetchInput] Entering state
2026-04-15 15:42:46,189 INFO     [Service] /compute_grasps → success=False msg='No images received from PnP camera.'
2026-04-15 15:42:46,190 ERROR    [FetchInput] /compute_grasps service failed → exiting: failed
2026-04-15 15:42:46,190 DEBUG    [TaskSelector] Evaluating zone states: {'A': 'EMPTY', 'B': 'EMPTY'}  busy: {'A': False, 'B': False}
2026-04-15 15:42:46,190 INFO     [TaskSelector] → do_load (zone A empty)
2026-04-15 15:42:46,191 INFO     [FetchInput] Entering state
2026-04-15 15:42:46,194 INFO     [Service] /compute_grasps → success=False msg='No images received from PnP camera.'
2026-04-15 15:42:46,194 ERROR    [FetchInput] /compute_grasps service failed → exiting: failed
2026-04-15 15:42:46,195 DEBUG    [TaskSelector] Evaluating zone states: {'A': 'EMPTY', 'B': 'EMPTY'}  busy: {'A': False, 'B': False}
2026-04-15 15:42:46,195 INFO     [TaskSelector] → do_load (zone A empty)
2026-04-15 15:42:46,196 INFO     [FetchInput] Entering state
2026-04-15 15:42:46,198 INFO     [Service] /compute_grasps → success=False msg='No images received from PnP camera.'
2026-04-15 15:42:46,198 ERROR    [FetchInput] /compute_grasps service failed → exiting: failed
2026-04-15 15:42:46,199 DEBUG    [TaskSelector] Evaluating zone states: {'A': 'EMPTY', 'B': 'EMPTY'}  busy: {'A': False, 'B': False}
2026-04-15 15:42:46,199 INFO     [TaskSelector] → do_load (zone A empty)
2026-04-15 15:42:46,200 INFO     [FetchInput] Entering state
2026-04-15 15:42:46,202 INFO     [Service] /compute_grasps → success=False msg='No images received from PnP camera.'
2026-04-15 15:42:46,203 ERROR    [FetchInput] /compute_grasps service failed → exiting: failed
2026-04-15 15:42:46,204 DEBUG    [TaskSelector] Evaluating zone states: {'A': 'EMPTY', 'B': 'EMPTY'}  busy: {'A': False, 'B': False}
2026-04-15 15:42:46,204 INFO     [TaskSelector] → do_load (zone A empty)
2026-04-15 15:42:46,206 INFO     [FetchInput] Entering state
2026-04-15 15:42:46,211 INFO     [Service] /compute_grasps → success=False msg='No images received from PnP camera.'
2026-04-15 15:42:46,212 ERROR    [FetchInput] /compute_grasps service failed → exiting: failed
2026-04-15 15:42:46,213 DEBUG    [TaskSelector] Evaluating zone states: {'A': 'EMPTY', 'B': 'EMPTY'}  busy: {'A': False, 'B': False}
2026-04-15 15:42:46,213 INFO     [TaskSelector] → do_load (zone A empty)
2026-04-15 15:42:46,215 INFO     [FetchInput] Entering state
2026-04-15 15:42:46,222 INFO     [Service] /compute_grasps → success=False msg='No images received from PnP camera.'
2026-04-15 15:42:46,222 ERROR    [FetchInput] /compute_grasps service failed → exiting: failed
2026-04-15 15:42:46,224 DEBUG    [TaskSelector] Evaluating zone states: {'A': 'EMPTY', 'B': 'EMPTY'}  busy: {'A': False, 'B': False}
2026-04-15 15:42:46,224 INFO     [TaskSelector] → do_load (zone A empty)
2026-04-15 15:42:46,225 INFO     [FetchInput] Entering state
2026-04-15 15:42:46,229 INFO     [Service] /compute_grasps → success=False msg='No images received from PnP camera.'
2026-04-15 15:42:46,229 ERROR    [FetchInput] /compute_grasps service failed → exiting: failed
2026-04-15 15:42:46,230 DEBUG    [TaskSelector] Evaluating zone states: {'A': 'EMPTY', 'B': 'EMPTY'}  busy: {'A': False, 'B': False}
2026-04-15 15:42:46,230 INFO     [TaskSelector] → do_load (zone A empty)
2026-04-15 15:42:46,231 INFO     [FetchInput] Entering state
2026-04-15 15:42:46,233 INFO     [Service] /compute_grasps → success=False msg='No images received from PnP camera.'
2026-04-15 15:42:46,233 ERROR    [FetchInput] /compute_grasps service failed → exiting: failed
2026-04-15 15:42:46,234 DEBUG    [TaskSelector] Evaluating zone states: {'A': 'EMPTY', 'B': 'EMPTY'}  busy: {'A': False, 'B': False}
2026-04-15 15:42:46,234 INFO     [TaskSelector] → do_load (zone A empty)
2026-04-15 15:42:46,235 INFO     [FetchInput] Entering state
2026-04-15 15:42:46,237 INFO     [Service] /compute_grasps → success=False msg='No images received from PnP camera.'
2026-04-15 15:42:46,237 ERROR    [FetchInput] /compute_grasps service failed → exiting: failed
2026-04-15 15:42:46,238 DEBUG    [TaskSelector] Evaluating zone states: {'A': 'EMPTY', 'B': 'EMPTY'}  busy: {'A': False, 'B': False}
2026-04-15 15:42:46,238 INFO     [TaskSelector] → do_load (zone A empty)
2026-04-15 15:42:46,239 INFO     [FetchInput] Entering state
2026-04-15 15:42:46,242 INFO     [Service] /compute_grasps → success=False msg='No images received from PnP camera.'
2026-04-15 15:42:46,242 ERROR    [FetchInput] /compute_grasps service failed → exiting: failed
2026-04-15 15:42:46,243 DEBUG    [TaskSelector] Evaluating zone states: {'A': 'EMPTY', 'B': 'EMPTY'}  busy: {'A': False, 'B': False}
2026-04-15 15:42:46,243 INFO     [TaskSelector] → do_load (zone A empty)
2026-04-15 15:42:46,244 INFO     [FetchInput] Entering state
2026-04-15 15:42:46,247 INFO     [Service] /compute_grasps → success=False msg='No images received from PnP camera.'
2026-04-15 15:42:46,247 ERROR    [FetchInput] /compute_grasps service failed → exiting: failed
2026-04-15 15:42:46,248 DEBUG    [TaskSelector] Evaluating zone states: {'A': 'EMPTY', 'B': 'EMPTY'}  busy: {'A': False, 'B': False}
2026-04-15 15:42:46,248 INFO     [TaskSelector] → do_load (zone A empty)
2026-04-15 15:42:46,249 INFO     [FetchInput] Entering state
2026-04-15 15:42:46,251 INFO     [Service] /compute_grasps → success=False msg='No images received from PnP camera.'
2026-04-15 15:42:46,251 ERROR    [FetchInput] /compute_grasps service failed → exiting: failed
2026-04-15 15:42:46,251 DEBUG    [TaskSelector] Evaluating zone states: {'A': 'EMPTY', 'B': 'EMPTY'}  busy: {'A': False, 'B': False}
2026-04-15 15:42:46,252 INFO     [TaskSelector] → do_load (zone A empty)
2026-04-15 15:42:46,252 INFO     [FetchInput] Entering state
2026-04-15 15:42:46,255 INFO     [Service] /compute_grasps → success=False msg='No images received from PnP camera.'
2026-04-15 15:42:46,255 ERROR    [FetchInput] /compute_grasps service failed → exiting: failed
2026-04-15 15:42:46,256 DEBUG    [TaskSelector] Evaluating zone states: {'A': 'EMPTY', 'B': 'EMPTY'}  busy: {'A': False, 'B': False}
2026-04-15 15:42:46,256 INFO     [TaskSelector] → do_load (zone A empty)
2026-04-15 15:42:46,256 INFO     [FetchInput] Entering state
2026-04-15 15:42:46,259 INFO     [Service] /compute_grasps → success=False msg='No images received from PnP camera.'
2026-04-15 15:42:46,260 ERROR    [FetchInput] /compute_grasps service failed → exiting: failed
2026-04-15 15:42:46,260 DEBUG    [TaskSelector] Evaluating zone states: {'A': 'EMPTY', 'B': 'EMPTY'}  busy: {'A': False, 'B': False}
2026-04-15 15:42:46,261 INFO     [TaskSelector] → do_load (zone A empty)
2026-04-15 15:42:46,261 INFO     [FetchInput] Entering state
2026-04-15 15:42:46,264 INFO     [Service] /compute_grasps → success=False msg='No images received from PnP camera.'
2026-04-15 15:42:46,264 ERROR    [FetchInput] /compute_grasps service failed → exiting: failed
2026-04-15 15:42:46,265 DEBUG    [TaskSelector] Evaluating zone states: {'A': 'EMPTY', 'B': 'EMPTY'}  busy: {'A': False, 'B': False}
2026-04-15 15:42:46,265 INFO     [TaskSelector] → do_load (zone A empty)
2026-04-15 15:42:46,266 INFO     [FetchInput] Entering state
2026-04-15 15:42:46,268 INFO     [Service] /compute_grasps → success=False msg='No images received from PnP camera.'
2026-04-15 15:42:46,268 ERROR    [FetchInput] /compute_grasps service failed → exiting: failed
2026-04-15 15:42:46,269 DEBUG    [TaskSelector] Evaluating zone states: {'A': 'EMPTY', 'B': 'EMPTY'}  busy: {'A': False, 'B': False}
2026-04-15 15:42:46,269 INFO     [TaskSelector] → do_load (zone A empty)
2026-04-15 15:42:46,270 INFO     [FetchInput] Entering state
2026-04-15 15:42:46,276 INFO     [Service] /compute_grasps → success=False msg='No images received from PnP camera.'
2026-04-15 15:42:46,277 ERROR    [FetchInput] /compute_grasps service failed → exiting: failed
2026-04-15 15:42:46,278 DEBUG    [TaskSelector] Evaluating zone states: {'A': 'EMPTY', 'B': 'EMPTY'}  busy: {'A': False, 'B': False}
2026-04-15 15:42:46,278 INFO     [TaskSelector] → do_load (zone A empty)
2026-04-15 15:42:46,279 INFO     [FetchInput] Entering state
2026-04-15 15:42:46,285 INFO     [Service] /compute_grasps → success=False msg='No images received from PnP camera.'
2026-04-15 15:42:46,286 ERROR    [FetchInput] /compute_grasps service failed → exiting: failed
2026-04-15 15:42:46,287 DEBUG    [TaskSelector] Evaluating zone states: {'A': 'EMPTY', 'B': 'EMPTY'}  busy: {'A': False, 'B': False}
2026-04-15 15:42:46,287 INFO     [TaskSelector] → do_load (zone A empty)
2026-04-15 15:42:46,288 INFO     [FetchInput] Entering state
2026-04-15 15:42:46,292 INFO     [Service] /compute_grasps → success=False msg='No images received from PnP camera.'
2026-04-15 15:42:46,292 ERROR    [FetchInput] /compute_grasps service failed → exiting: failed
2026-04-15 15:42:46,294 DEBUG    [TaskSelector] Evaluating zone states: {'A': 'EMPTY', 'B': 'EMPTY'}  busy: {'A': False, 'B': False}
2026-04-15 15:42:46,294 INFO     [TaskSelector] → do_load (zone A empty)
2026-04-15 15:42:46,296 INFO     [FetchInput] Entering state
2026-04-15 15:42:46,300 INFO     [Service] /compute_grasps → success=False msg='No images received from PnP camera.'
2026-04-15 15:42:46,300 ERROR    [FetchInput] /compute_grasps service failed → exiting: failed
2026-04-15 15:42:46,301 DEBUG    [TaskSelector] Evaluating zone states: {'A': 'EMPTY', 'B': 'EMPTY'}  busy: {'A': False, 'B': False}
2026-04-15 15:42:46,301 INFO     [TaskSelector] → do_load (zone A empty)
2026-04-15 15:42:46,301 INFO     [FetchInput] Entering state
2026-04-15 15:42:46,304 INFO     [Service] /compute_grasps → success=False msg='No images received from PnP camera.'
2026-04-15 15:42:46,304 ERROR    [FetchInput] /compute_grasps service failed → exiting: failed
2026-04-15 15:42:46,304 DEBUG    [TaskSelector] Evaluating zone states: {'A': 'EMPTY', 'B': 'EMPTY'}  busy: {'A': False, 'B': False}
2026-04-15 15:42:46,304 INFO     [TaskSelector] → do_load (zone A empty)
2026-04-15 15:42:46,305 INFO     [FetchInput] Entering state
2026-04-15 15:42:46,310 INFO     [Service] /compute_grasps → success=False msg='No images received from PnP camera.'
2026-04-15 15:42:46,310 ERROR    [FetchInput] /compute_grasps service failed → exiting: failed
2026-04-15 15:42:46,311 DEBUG    [TaskSelector] Evaluating zone states: {'A': 'EMPTY', 'B': 'EMPTY'}  busy: {'A': False, 'B': False}
2026-04-15 15:42:46,311 INFO     [TaskSelector] → do_load (zone A empty)
2026-04-15 15:42:46,312 INFO     [FetchInput] Entering state
2026-04-15 15:42:46,314 INFO     [Service] /compute_grasps → success=False msg='No images received from PnP camera.'
2026-04-15 15:42:46,315 ERROR    [FetchInput] /compute_grasps service failed → exiting: failed
2026-04-15 15:42:46,316 DEBUG    [TaskSelector] Evaluating zone states: {'A': 'EMPTY', 'B': 'EMPTY'}  busy: {'A': False, 'B': False}
2026-04-15 15:42:46,316 INFO     [TaskSelector] → do_load (zone A empty)
2026-04-15 15:42:46,316 INFO     [FetchInput] Entering state
2026-04-15 15:42:46,318 INFO     [Service] /compute_grasps → success=False msg='No images received from PnP camera.'
2026-04-15 15:42:46,318 ERROR    [FetchInput] /compute_grasps service failed → exiting: failed
2026-04-15 15:42:46,319 DEBUG    [TaskSelector] Evaluating zone states: {'A': 'EMPTY', 'B': 'EMPTY'}  busy: {'A': False, 'B': False}
2026-04-15 15:42:46,319 INFO     [TaskSelector] → do_load (zone A empty)
2026-04-15 15:42:46,320 INFO     [FetchInput] Entering state
2026-04-15 15:42:46,322 INFO     [Service] /compute_grasps → success=False msg='No images received from PnP camera.'
2026-04-15 15:42:46,322 ERROR    [FetchInput] /compute_grasps service failed → exiting: failed
2026-04-15 15:42:46,323 DEBUG    [TaskSelector] Evaluating zone states: {'A': 'EMPTY', 'B': 'EMPTY'}  busy: {'A': False, 'B': False}
2026-04-15 15:42:46,323 INFO     [TaskSelector] → do_load (zone A empty)
2026-04-15 15:42:46,324 INFO     [FetchInput] Entering state
2026-04-15 15:42:46,327 INFO     [Service] /compute_grasps → success=False msg='No images received from PnP camera.'
2026-04-15 15:42:46,327 ERROR    [FetchInput] /compute_grasps service failed → exiting: failed
2026-04-15 15:42:46,328 DEBUG    [TaskSelector] Evaluating zone states: {'A': 'EMPTY', 'B': 'EMPTY'}  busy: {'A': False, 'B': False}
2026-04-15 15:42:46,328 INFO     [TaskSelector] → do_load (zone A empty)
2026-04-15 15:42:46,329 INFO     [FetchInput] Entering state
2026-04-15 15:42:46,332 INFO     [Service] /compute_grasps → success=False msg='No images received from PnP camera.'
2026-04-15 15:42:46,332 ERROR    [FetchInput] /compute_grasps service failed → exiting: failed
2026-04-15 15:42:46,332 DEBUG    [TaskSelector] Evaluating zone states: {'A': 'EMPTY', 'B': 'EMPTY'}  busy: {'A': False, 'B': False}
2026-04-15 15:42:46,332 INFO     [TaskSelector] → do_load (zone A empty)
2026-04-15 15:42:46,333 INFO     [FetchInput] Entering state
2026-04-15 15:42:46,335 INFO     [Service] /compute_grasps → success=False msg='No images received from PnP camera.'
2026-04-15 15:42:46,335 ERROR    [FetchInput] /compute_grasps service failed → exiting: failed
2026-04-15 15:42:46,337 DEBUG    [TaskSelector] Evaluating zone states: {'A': 'EMPTY', 'B': 'EMPTY'}  busy: {'A': False, 'B': False}
2026-04-15 15:42:46,337 INFO     [TaskSelector] → do_load (zone A empty)
2026-04-15 15:42:46,338 INFO     [FetchInput] Entering state
2026-04-15 15:42:46,344 INFO     [Service] /compute_grasps → success=False msg='No images received from PnP camera.'
2026-04-15 15:42:46,344 ERROR    [FetchInput] /compute_grasps service failed → exiting: failed
2026-04-15 15:42:46,345 DEBUG    [TaskSelector] Evaluating zone states: {'A': 'EMPTY', 'B': 'EMPTY'}  busy: {'A': False, 'B': False}
2026-04-15 15:42:46,345 INFO     [TaskSelector] → do_load (zone A empty)
2026-04-15 15:42:46,346 INFO     [FetchInput] Entering state
2026-04-15 15:42:46,354 INFO     [Service] /compute_grasps → success=False msg='No images received from PnP camera.'
2026-04-15 15:42:46,354 ERROR    [FetchInput] /compute_grasps service failed → exiting: failed
2026-04-15 15:42:46,354 DEBUG    [TaskSelector] Evaluating zone states: {'A': 'EMPTY', 'B': 'EMPTY'}  busy: {'A': False, 'B': False}
2026-04-15 15:42:46,355 INFO     [TaskSelector] → do_load (zone A empty)
2026-04-15 15:42:46,356 INFO     [FetchInput] Entering state
2026-04-15 15:42:46,362 INFO     [Service] /compute_grasps → success=False msg='No images received from PnP camera.'
2026-04-15 15:42:46,363 ERROR    [FetchInput] /compute_grasps service failed → exiting: failed
2026-04-15 15:42:46,363 DEBUG    [TaskSelector] Evaluating zone states: {'A': 'EMPTY', 'B': 'EMPTY'}  busy: {'A': False, 'B': False}
2026-04-15 15:42:46,363 INFO     [TaskSelector] → do_load (zone A empty)
2026-04-15 15:42:46,364 INFO     [FetchInput] Entering state
2026-04-15 15:42:46,366 INFO     [Service] /compute_grasps → success=False msg='No images received from PnP camera.'
2026-04-15 15:42:46,366 ERROR    [FetchInput] /compute_grasps service failed → exiting: failed
2026-04-15 15:42:46,367 DEBUG    [TaskSelector] Evaluating zone states: {'A': 'EMPTY', 'B': 'EMPTY'}  busy: {'A': False, 'B': False}
2026-04-15 15:42:46,367 INFO     [TaskSelector] → do_load (zone A empty)
2026-04-15 15:42:46,368 INFO     [FetchInput] Entering state
2026-04-15 15:42:46,370 INFO     [Service] /compute_grasps → success=False msg='No images received from PnP camera.'
2026-04-15 15:42:46,370 ERROR    [FetchInput] /compute_grasps service failed → exiting: failed
2026-04-15 15:42:46,371 DEBUG    [TaskSelector] Evaluating zone states: {'A': 'EMPTY', 'B': 'EMPTY'}  busy: {'A': False, 'B': False}
2026-04-15 15:42:46,371 INFO     [TaskSelector] → do_load (zone A empty)
2026-04-15 15:42:46,372 INFO     [FetchInput] Entering state
2026-04-15 15:42:46,376 INFO     [Service] /compute_grasps → success=False msg='No images received from PnP camera.'
2026-04-15 15:42:46,376 ERROR    [FetchInput] /compute_grasps service failed → exiting: failed
2026-04-15 15:42:46,377 DEBUG    [TaskSelector] Evaluating zone states: {'A': 'EMPTY', 'B': 'EMPTY'}  busy: {'A': False, 'B': False}
2026-04-15 15:42:46,377 INFO     [TaskSelector] → do_load (zone A empty)
2026-04-15 15:42:46,378 INFO     [FetchInput] Entering state
2026-04-15 15:42:46,381 INFO     [Service] /compute_grasps → success=False msg='No images received from PnP camera.'
2026-04-15 15:42:46,381 ERROR    [FetchInput] /compute_grasps service failed → exiting: failed
2026-04-15 15:42:46,382 DEBUG    [TaskSelector] Evaluating zone states: {'A': 'EMPTY', 'B': 'EMPTY'}  busy: {'A': False, 'B': False}
2026-04-15 15:42:46,382 INFO     [TaskSelector] → do_load (zone A empty)
2026-04-15 15:42:46,383 INFO     [FetchInput] Entering state
2026-04-15 15:42:46,385 INFO     [Service] /compute_grasps → success=False msg='No images received from PnP camera.'
2026-04-15 15:42:46,385 ERROR    [FetchInput] /compute_grasps service failed → exiting: failed
2026-04-15 15:42:46,386 DEBUG    [TaskSelector] Evaluating zone states: {'A': 'EMPTY', 'B': 'EMPTY'}  busy: {'A': False, 'B': False}
2026-04-15 15:42:46,386 INFO     [TaskSelector] → do_load (zone A empty)
2026-04-15 15:42:46,387 INFO     [FetchInput] Entering state
2026-04-15 15:42:46,389 INFO     [Service] /compute_grasps → success=False msg='No images received from PnP camera.'
2026-04-15 15:42:46,389 ERROR    [FetchInput] /compute_grasps service failed → exiting: failed
2026-04-15 15:42:46,390 DEBUG    [TaskSelector] Evaluating zone states: {'A': 'EMPTY', 'B': 'EMPTY'}  busy: {'A': False, 'B': False}
2026-04-15 15:42:46,390 INFO     [TaskSelector] → do_load (zone A empty)
2026-04-15 15:42:46,391 INFO     [FetchInput] Entering state
2026-04-15 15:42:46,393 INFO     [Service] /compute_grasps → success=False msg='No images received from PnP camera.'
2026-04-15 15:42:46,394 ERROR    [FetchInput] /compute_grasps service failed → exiting: failed
2026-04-15 15:42:46,394 DEBUG    [TaskSelector] Evaluating zone states: {'A': 'EMPTY', 'B': 'EMPTY'}  busy: {'A': False, 'B': False}
2026-04-15 15:42:46,394 INFO     [TaskSelector] → do_load (zone A empty)
2026-04-15 15:42:46,395 INFO     [FetchInput] Entering state
2026-04-15 15:42:46,398 INFO     [Service] /compute_grasps → success=False msg='No images received from PnP camera.'
2026-04-15 15:42:46,398 ERROR    [FetchInput] /compute_grasps service failed → exiting: failed
2026-04-15 15:42:46,399 DEBUG    [TaskSelector] Evaluating zone states: {'A': 'EMPTY', 'B': 'EMPTY'}  busy: {'A': False, 'B': False}
2026-04-15 15:42:46,399 INFO     [TaskSelector] → do_load (zone A empty)
2026-04-15 15:42:46,399 INFO     [FetchInput] Entering state
2026-04-15 15:42:46,402 INFO     [Service] /compute_grasps → success=False msg='No images received from PnP camera.'
2026-04-15 15:42:46,402 ERROR    [FetchInput] /compute_grasps service failed → exiting: failed
2026-04-15 15:42:46,403 DEBUG    [TaskSelector] Evaluating zone states: {'A': 'EMPTY', 'B': 'EMPTY'}  busy: {'A': False, 'B': False}
2026-04-15 15:42:46,403 INFO     [TaskSelector] → do_load (zone A empty)
2026-04-15 15:42:46,404 INFO     [FetchInput] Entering state
2026-04-15 15:42:46,410 INFO     [Service] /compute_grasps → success=False msg='No images received from PnP camera.'
2026-04-15 15:42:46,411 ERROR    [FetchInput] /compute_grasps service failed → exiting: failed
2026-04-15 15:42:46,412 DEBUG    [TaskSelector] Evaluating zone states: {'A': 'EMPTY', 'B': 'EMPTY'}  busy: {'A': False, 'B': False}
2026-04-15 15:42:46,412 INFO     [TaskSelector] → do_load (zone A empty)
2026-04-15 15:42:46,413 INFO     [FetchInput] Entering state
2026-04-15 15:42:46,419 INFO     [Service] /compute_grasps → success=False msg='No images received from PnP camera.'
2026-04-15 15:42:46,419 ERROR    [FetchInput] /compute_grasps service failed → exiting: failed
2026-04-15 15:42:46,421 DEBUG    [TaskSelector] Evaluating zone states: {'A': 'EMPTY', 'B': 'EMPTY'}  busy: {'A': False, 'B': False}
2026-04-15 15:42:46,421 INFO     [TaskSelector] → do_load (zone A empty)
2026-04-15 15:42:46,423 INFO     [FetchInput] Entering state
2026-04-15 15:42:46,428 INFO     [Service] /compute_grasps → success=False msg='No images received from PnP camera.'
2026-04-15 15:42:46,429 ERROR    [FetchInput] /compute_grasps service failed → exiting: failed
2026-04-15 15:42:46,430 DEBUG    [TaskSelector] Evaluating zone states: {'A': 'EMPTY', 'B': 'EMPTY'}  busy: {'A': False, 'B': False}
2026-04-15 15:42:46,430 INFO     [TaskSelector] → do_load (zone A empty)
2026-04-15 15:42:46,433 INFO     [FetchInput] Entering state
2026-04-15 15:42:46,436 INFO     [Service] /compute_grasps → success=False msg='No images received from PnP camera.'
2026-04-15 15:42:46,436 ERROR    [FetchInput] /compute_grasps service failed → exiting: failed
2026-04-15 15:42:46,437 DEBUG    [TaskSelector] Evaluating zone states: {'A': 'EMPTY', 'B': 'EMPTY'}  busy: {'A': False, 'B': False}
2026-04-15 15:42:46,437 INFO     [TaskSelector] → do_load (zone A empty)
2026-04-15 15:42:46,438 INFO     [FetchInput] Entering state
2026-04-15 15:42:46,441 INFO     [Service] /compute_grasps → success=False msg='No images received from PnP camera.'
2026-04-15 15:42:46,441 ERROR    [FetchInput] /compute_grasps service failed → exiting: failed
2026-04-15 15:42:46,442 DEBUG    [TaskSelector] Evaluating zone states: {'A': 'EMPTY', 'B': 'EMPTY'}  busy: {'A': False, 'B': False}
2026-04-15 15:42:46,442 INFO     [TaskSelector] → do_load (zone A empty)
2026-04-15 15:42:46,442 INFO     [FetchInput] Entering state
2026-04-15 15:42:46,445 INFO     [Service] /compute_grasps → success=False msg='No images received from PnP camera.'
2026-04-15 15:42:46,445 ERROR    [FetchInput] /compute_grasps service failed → exiting: failed
2026-04-15 15:42:46,446 DEBUG    [TaskSelector] Evaluating zone states: {'A': 'EMPTY', 'B': 'EMPTY'}  busy: {'A': False, 'B': False}
2026-04-15 15:42:46,446 INFO     [TaskSelector] → do_load (zone A empty)
2026-04-15 15:42:46,446 INFO     [FetchInput] Entering state
2026-04-15 15:42:46,449 INFO     [Service] /compute_grasps → success=False msg='No images received from PnP camera.'
2026-04-15 15:42:46,449 ERROR    [FetchInput] /compute_grasps service failed → exiting: failed
2026-04-15 15:42:46,450 DEBUG    [TaskSelector] Evaluating zone states: {'A': 'EMPTY', 'B': 'EMPTY'}  busy: {'A': False, 'B': False}
2026-04-15 15:42:46,450 INFO     [TaskSelector] → do_load (zone A empty)
2026-04-15 15:42:46,450 INFO     [FetchInput] Entering state
2026-04-15 15:42:46,452 INFO     [Service] /compute_grasps → success=False msg='No images received from PnP camera.'
2026-04-15 15:42:46,453 ERROR    [FetchInput] /compute_grasps service failed → exiting: failed
2026-04-15 15:42:46,453 DEBUG    [TaskSelector] Evaluating zone states: {'A': 'EMPTY', 'B': 'EMPTY'}  busy: {'A': False, 'B': False}
2026-04-15 15:42:46,453 INFO     [TaskSelector] → do_load (zone A empty)
2026-04-15 15:42:46,454 INFO     [FetchInput] Entering state
2026-04-15 15:42:46,457 INFO     [Service] /compute_grasps → success=False msg='No images received from PnP camera.'
2026-04-15 15:42:46,457 ERROR    [FetchInput] /compute_grasps service failed → exiting: failed
2026-04-15 15:42:46,458 DEBUG    [TaskSelector] Evaluating zone states: {'A': 'EMPTY', 'B': 'EMPTY'}  busy: {'A': False, 'B': False}
2026-04-15 15:42:46,458 INFO     [TaskSelector] → do_load (zone A empty)
2026-04-15 15:42:46,459 INFO     [FetchInput] Entering state
2026-04-15 15:42:46,461 INFO     [Service] /compute_grasps → success=False msg='No images received from PnP camera.'
2026-04-15 15:42:46,461 ERROR    [FetchInput] /compute_grasps service failed → exiting: failed
2026-04-15 15:42:46,462 DEBUG    [TaskSelector] Evaluating zone states: {'A': 'EMPTY', 'B': 'EMPTY'}  busy: {'A': False, 'B': False}
2026-04-15 15:42:46,462 INFO     [TaskSelector] → do_load (zone A empty)
2026-04-15 15:42:46,463 INFO     [FetchInput] Entering state
2026-04-15 15:42:46,465 INFO     [Service] /compute_grasps → success=False msg='No images received from PnP camera.'
2026-04-15 15:42:46,465 ERROR    [FetchInput] /compute_grasps service failed → exiting: failed
2026-04-15 15:42:46,466 DEBUG    [TaskSelector] Evaluating zone states: {'A': 'EMPTY', 'B': 'EMPTY'}  busy: {'A': False, 'B': False}
2026-04-15 15:42:46,466 INFO     [TaskSelector] → do_load (zone A empty)
2026-04-15 15:42:46,467 INFO     [FetchInput] Entering state
2026-04-15 15:42:46,469 INFO     [Service] /compute_grasps → success=False msg='No images received from PnP camera.'
2026-04-15 15:42:46,469 ERROR    [FetchInput] /compute_grasps service failed → exiting: failed
2026-04-15 15:42:46,471 DEBUG    [TaskSelector] Evaluating zone states: {'A': 'EMPTY', 'B': 'EMPTY'}  busy: {'A': False, 'B': False}
2026-04-15 15:42:46,471 INFO     [TaskSelector] → do_load (zone A empty)
2026-04-15 15:42:46,472 INFO     [FetchInput] Entering state
2026-04-15 15:42:46,479 INFO     [Service] /compute_grasps → success=False msg='No images received from PnP camera.'
2026-04-15 15:42:46,479 ERROR    [FetchInput] /compute_grasps service failed → exiting: failed
2026-04-15 15:42:46,481 DEBUG    [TaskSelector] Evaluating zone states: {'A': 'EMPTY', 'B': 'EMPTY'}  busy: {'A': False, 'B': False}
2026-04-15 15:42:46,481 INFO     [TaskSelector] → do_load (zone A empty)
2026-04-15 15:42:46,482 INFO     [FetchInput] Entering state
2026-04-15 15:42:46,486 INFO     [Service] /compute_grasps → success=False msg='No images received from PnP camera.'
2026-04-15 15:42:46,486 ERROR    [FetchInput] /compute_grasps service failed → exiting: failed
2026-04-15 15:42:46,488 DEBUG    [TaskSelector] Evaluating zone states: {'A': 'EMPTY', 'B': 'EMPTY'}  busy: {'A': False, 'B': False}
2026-04-15 15:42:46,488 INFO     [TaskSelector] → do_load (zone A empty)
2026-04-15 15:42:46,489 INFO     [FetchInput] Entering state
2026-04-15 15:42:46,493 INFO     [Service] /compute_grasps → success=False msg='No images received from PnP camera.'
2026-04-15 15:42:46,493 ERROR    [FetchInput] /compute_grasps service failed → exiting: failed
2026-04-15 15:42:46,495 DEBUG    [TaskSelector] Evaluating zone states: {'A': 'EMPTY', 'B': 'EMPTY'}  busy: {'A': False, 'B': False}
2026-04-15 15:42:46,495 INFO     [TaskSelector] → do_load (zone A empty)
2026-04-15 15:42:46,497 INFO     [FetchInput] Entering state
2026-04-15 15:42:46,501 INFO     [Service] /compute_grasps → success=False msg='No images received from PnP camera.'
2026-04-15 15:42:46,501 ERROR    [FetchInput] /compute_grasps service failed → exiting: failed
2026-04-15 15:42:46,502 DEBUG    [TaskSelector] Evaluating zone states: {'A': 'EMPTY', 'B': 'EMPTY'}  busy: {'A': False, 'B': False}
2026-04-15 15:42:46,502 INFO     [TaskSelector] → do_load (zone A empty)
2026-04-15 15:42:46,503 INFO     [FetchInput] Entering state
2026-04-15 15:42:46,506 INFO     [Service] /compute_grasps → success=False msg='No images received from PnP camera.'
2026-04-15 15:42:46,506 ERROR    [FetchInput] /compute_grasps service failed → exiting: failed
2026-04-15 15:42:46,508 DEBUG    [TaskSelector] Evaluating zone states: {'A': 'EMPTY', 'B': 'EMPTY'}  busy: {'A': False, 'B': False}
2026-04-15 15:42:46,508 INFO     [TaskSelector] → do_load (zone A empty)
2026-04-15 15:42:46,509 INFO     [FetchInput] Entering state
2026-04-15 15:42:46,512 INFO     [Service] /compute_grasps → success=False msg='No images received from PnP camera.'
2026-04-15 15:42:46,512 ERROR    [FetchInput] /compute_grasps service failed → exiting: failed
2026-04-15 15:42:46,513 DEBUG    [TaskSelector] Evaluating zone states: {'A': 'EMPTY', 'B': 'EMPTY'}  busy: {'A': False, 'B': False}
2026-04-15 15:42:46,513 INFO     [TaskSelector] → do_load (zone A empty)
2026-04-15 15:42:46,514 INFO     [FetchInput] Entering state
2026-04-15 15:42:46,516 INFO     [Service] /compute_grasps → success=False msg='No images received from PnP camera.'
2026-04-15 15:42:46,517 ERROR    [FetchInput] /compute_grasps service failed → exiting: failed
2026-04-15 15:42:46,517 DEBUG    [TaskSelector] Evaluating zone states: {'A': 'EMPTY', 'B': 'EMPTY'}  busy: {'A': False, 'B': False}
2026-04-15 15:42:46,517 INFO     [TaskSelector] → do_load (zone A empty)
2026-04-15 15:42:46,518 INFO     [FetchInput] Entering state
2026-04-15 15:42:46,520 INFO     [Service] /compute_grasps → success=False msg='No images received from PnP camera.'
2026-04-15 15:42:46,520 ERROR    [FetchInput] /compute_grasps service failed → exiting: failed
2026-04-15 15:42:46,521 DEBUG    [TaskSelector] Evaluating zone states: {'A': 'EMPTY', 'B': 'EMPTY'}  busy: {'A': False, 'B': False}
2026-04-15 15:42:46,521 INFO     [TaskSelector] → do_load (zone A empty)
2026-04-15 15:42:46,522 INFO     [FetchInput] Entering state
2026-04-15 15:42:46,524 INFO     [Service] /compute_grasps → success=False msg='No images received from PnP camera.'
2026-04-15 15:42:46,524 ERROR    [FetchInput] /compute_grasps service failed → exiting: failed
2026-04-15 15:42:46,525 DEBUG    [TaskSelector] Evaluating zone states: {'A': 'EMPTY', 'B': 'EMPTY'}  busy: {'A': False, 'B': False}
2026-04-15 15:42:46,525 INFO     [TaskSelector] → do_load (zone A empty)
2026-04-15 15:42:46,527 INFO     [FetchInput] Entering state
2026-04-15 15:42:46,530 INFO     [Service] /compute_grasps → success=False msg='No images received from PnP camera.'
2026-04-15 15:42:46,530 ERROR    [FetchInput] /compute_grasps service failed → exiting: failed
2026-04-15 15:42:46,531 DEBUG    [TaskSelector] Evaluating zone states: {'A': 'EMPTY', 'B': 'EMPTY'}  busy: {'A': False, 'B': False}
2026-04-15 15:42:46,531 INFO     [TaskSelector] → do_load (zone A empty)
2026-04-15 15:42:46,531 INFO     [FetchInput] Entering state
2026-04-15 15:42:46,534 INFO     [Service] /compute_grasps → success=False msg='No images received from PnP camera.'
2026-04-15 15:42:46,534 ERROR    [FetchInput] /compute_grasps service failed → exiting: failed
2026-04-15 15:42:46,535 DEBUG    [TaskSelector] Evaluating zone states: {'A': 'EMPTY', 'B': 'EMPTY'}  busy: {'A': False, 'B': False}
2026-04-15 15:42:46,535 INFO     [TaskSelector] → do_load (zone A empty)
2026-04-15 15:42:46,536 INFO     [FetchInput] Entering state
2026-04-15 15:42:46,540 INFO     [Service] /compute_grasps → success=False msg='No images received from PnP camera.'
2026-04-15 15:42:46,540 ERROR    [FetchInput] /compute_grasps service failed → exiting: failed
2026-04-15 15:42:46,542 DEBUG    [TaskSelector] Evaluating zone states: {'A': 'EMPTY', 'B': 'EMPTY'}  busy: {'A': False, 'B': False}
2026-04-15 15:42:46,542 INFO     [TaskSelector] → do_load (zone A empty)
2026-04-15 15:42:46,543 INFO     [FetchInput] Entering state
2026-04-15 15:42:46,547 INFO     [Service] /compute_grasps → success=False msg='No images received from PnP camera.'
2026-04-15 15:42:46,547 ERROR    [FetchInput] /compute_grasps service failed → exiting: failed
2026-04-15 15:42:46,548 DEBUG    [TaskSelector] Evaluating zone states: {'A': 'EMPTY', 'B': 'EMPTY'}  busy: {'A': False, 'B': False}
2026-04-15 15:42:46,548 INFO     [TaskSelector] → do_load (zone A empty)
2026-04-15 15:42:46,549 INFO     [FetchInput] Entering state
2026-04-15 15:42:46,555 INFO     [Service] /compute_grasps → success=False msg='No images received from PnP camera.'
2026-04-15 15:42:46,555 ERROR    [FetchInput] /compute_grasps service failed → exiting: failed
2026-04-15 15:42:46,556 DEBUG    [TaskSelector] Evaluating zone states: {'A': 'EMPTY', 'B': 'EMPTY'}  busy: {'A': False, 'B': False}
2026-04-15 15:42:46,557 INFO     [TaskSelector] → do_load (zone A empty)
2026-04-15 15:42:46,560 INFO     [FetchInput] Entering state
2026-04-15 15:42:46,563 INFO     [Service] /compute_grasps → success=False msg='No images received from PnP camera.'
2026-04-15 15:42:46,564 ERROR    [FetchInput] /compute_grasps service failed → exiting: failed
2026-04-15 15:42:46,564 DEBUG    [TaskSelector] Evaluating zone states: {'A': 'EMPTY', 'B': 'EMPTY'}  busy: {'A': False, 'B': False}
2026-04-15 15:42:46,565 INFO     [TaskSelector] → do_load (zone A empty)
2026-04-15 15:42:46,566 INFO     [FetchInput] Entering state
2026-04-15 15:42:46,568 INFO     [Service] /compute_grasps → success=False msg='No images received from PnP camera.'
2026-04-15 15:42:46,568 ERROR    [FetchInput] /compute_grasps service failed → exiting: failed
2026-04-15 15:42:46,569 DEBUG    [TaskSelector] Evaluating zone states: {'A': 'EMPTY', 'B': 'EMPTY'}  busy: {'A': False, 'B': False}
2026-04-15 15:42:46,569 INFO     [TaskSelector] → do_load (zone A empty)
2026-04-15 15:42:46,570 INFO     [FetchInput] Entering state
2026-04-15 15:42:46,572 INFO     [Service] /compute_grasps → success=False msg='No images received from PnP camera.'
2026-04-15 15:42:46,572 ERROR    [FetchInput] /compute_grasps service failed → exiting: failed
2026-04-15 15:42:46,573 DEBUG    [TaskSelector] Evaluating zone states: {'A': 'EMPTY', 'B': 'EMPTY'}  busy: {'A': False, 'B': False}
2026-04-15 15:42:46,573 INFO     [TaskSelector] → do_load (zone A empty)
2026-04-15 15:42:46,574 INFO     [FetchInput] Entering state
2026-04-15 15:42:46,579 INFO     [Service] /compute_grasps → success=False msg='No images received from PnP camera.'
2026-04-15 15:42:46,579 ERROR    [FetchInput] /compute_grasps service failed → exiting: failed
2026-04-15 15:42:46,580 DEBUG    [TaskSelector] Evaluating zone states: {'A': 'EMPTY', 'B': 'EMPTY'}  busy: {'A': False, 'B': False}
2026-04-15 15:42:46,580 INFO     [TaskSelector] → do_load (zone A empty)
2026-04-15 15:42:46,581 INFO     [FetchInput] Entering state
2026-04-15 15:42:46,583 INFO     [Service] /compute_grasps → success=False msg='No images received from PnP camera.'
2026-04-15 15:42:46,584 ERROR    [FetchInput] /compute_grasps service failed → exiting: failed
2026-04-15 15:42:46,585 DEBUG    [TaskSelector] Evaluating zone states: {'A': 'EMPTY', 'B': 'EMPTY'}  busy: {'A': False, 'B': False}
2026-04-15 15:42:46,585 INFO     [TaskSelector] → do_load (zone A empty)
2026-04-15 15:42:46,585 INFO     [FetchInput] Entering state
2026-04-15 15:42:46,588 INFO     [Service] /compute_grasps → success=False msg='No images received from PnP camera.'
2026-04-15 15:42:46,588 ERROR    [FetchInput] /compute_grasps service failed → exiting: failed
2026-04-15 15:42:46,588 DEBUG    [TaskSelector] Evaluating zone states: {'A': 'EMPTY', 'B': 'EMPTY'}  busy: {'A': False, 'B': False}
2026-04-15 15:42:46,588 INFO     [TaskSelector] → do_load (zone A empty)
2026-04-15 15:42:46,589 INFO     [FetchInput] Entering state
2026-04-15 15:42:46,592 INFO     [Service] /compute_grasps → success=False msg='No images received from PnP camera.'
2026-04-15 15:42:46,593 ERROR    [FetchInput] /compute_grasps service failed → exiting: failed
2026-04-15 15:42:46,594 DEBUG    [TaskSelector] Evaluating zone states: {'A': 'EMPTY', 'B': 'EMPTY'}  busy: {'A': False, 'B': False}
2026-04-15 15:42:46,594 INFO     [TaskSelector] → do_load (zone A empty)
2026-04-15 15:42:46,595 INFO     [FetchInput] Entering state
2026-04-15 15:42:46,598 INFO     [Service] /compute_grasps → success=False msg='No images received from PnP camera.'
2026-04-15 15:42:46,598 ERROR    [FetchInput] /compute_grasps service failed → exiting: failed
2026-04-15 15:42:46,599 DEBUG    [TaskSelector] Evaluating zone states: {'A': 'EMPTY', 'B': 'EMPTY'}  busy: {'A': False, 'B': False}
2026-04-15 15:42:46,599 INFO     [TaskSelector] → do_load (zone A empty)
2026-04-15 15:42:46,599 INFO     [FetchInput] Entering state
2026-04-15 15:42:46,602 INFO     [Service] /compute_grasps → success=False msg='No images received from PnP camera.'
2026-04-15 15:42:46,602 ERROR    [FetchInput] /compute_grasps service failed → exiting: failed
2026-04-15 15:42:46,602 DEBUG    [TaskSelector] Evaluating zone states: {'A': 'EMPTY', 'B': 'EMPTY'}  busy: {'A': False, 'B': False}
2026-04-15 15:42:46,603 INFO     [TaskSelector] → do_load (zone A empty)
2026-04-15 15:42:46,603 INFO     [FetchInput] Entering state
2026-04-15 15:42:46,608 INFO     [Service] /compute_grasps → success=False msg='No images received from PnP camera.'
2026-04-15 15:42:46,609 ERROR    [FetchInput] /compute_grasps service failed → exiting: failed
2026-04-15 15:42:46,612 DEBUG    [TaskSelector] Evaluating zone states: {'A': 'EMPTY', 'B': 'EMPTY'}  busy: {'A': False, 'B': False}
2026-04-15 15:42:46,612 INFO     [TaskSelector] → do_load (zone A empty)
2026-04-15 15:42:46,614 INFO     [FetchInput] Entering state
2026-04-15 15:42:46,617 INFO     [Service] /compute_grasps → success=False msg='No images received from PnP camera.'
2026-04-15 15:42:46,617 ERROR    [FetchInput] /compute_grasps service failed → exiting: failed
2026-04-15 15:42:46,618 DEBUG    [TaskSelector] Evaluating zone states: {'A': 'EMPTY', 'B': 'EMPTY'}  busy: {'A': False, 'B': False}
2026-04-15 15:42:46,618 INFO     [TaskSelector] → do_load (zone A empty)
2026-04-15 15:42:46,620 INFO     [FetchInput] Entering state
2026-04-15 15:42:46,625 INFO     [Service] /compute_grasps → success=False msg='No images received from PnP camera.'
2026-04-15 15:42:46,625 ERROR    [FetchInput] /compute_grasps service failed → exiting: failed
2026-04-15 15:42:46,629 DEBUG    [TaskSelector] Evaluating zone states: {'A': 'EMPTY', 'B': 'EMPTY'}  busy: {'A': False, 'B': False}
2026-04-15 15:42:46,629 INFO     [TaskSelector] → do_load (zone A empty)
2026-04-15 15:42:46,631 INFO     [FetchInput] Entering state
2026-04-15 15:42:46,634 INFO     [Service] /compute_grasps → success=False msg='No images received from PnP camera.'
2026-04-15 15:42:46,634 ERROR    [FetchInput] /compute_grasps service failed → exiting: failed
2026-04-15 15:42:46,635 DEBUG    [TaskSelector] Evaluating zone states: {'A': 'EMPTY', 'B': 'EMPTY'}  busy: {'A': False, 'B': False}
2026-04-15 15:42:46,635 INFO     [TaskSelector] → do_load (zone A empty)
2026-04-15 15:42:46,636 INFO     [FetchInput] Entering state
2026-04-15 15:42:46,638 INFO     [Service] /compute_grasps → success=False msg='No images received from PnP camera.'
2026-04-15 15:42:46,638 ERROR    [FetchInput] /compute_grasps service failed → exiting: failed
2026-04-15 15:42:46,639 DEBUG    [TaskSelector] Evaluating zone states: {'A': 'EMPTY', 'B': 'EMPTY'}  busy: {'A': False, 'B': False}
2026-04-15 15:42:46,639 INFO     [TaskSelector] → do_load (zone A empty)
2026-04-15 15:42:46,640 INFO     [FetchInput] Entering state
2026-04-15 15:42:46,643 INFO     [Service] /compute_grasps → success=False msg='No images received from PnP camera.'
2026-04-15 15:42:46,643 ERROR    [FetchInput] /compute_grasps service failed → exiting: failed
2026-04-15 15:42:46,644 DEBUG    [TaskSelector] Evaluating zone states: {'A': 'EMPTY', 'B': 'EMPTY'}  busy: {'A': False, 'B': False}
2026-04-15 15:42:46,644 INFO     [TaskSelector] → do_load (zone A empty)
2026-04-15 15:42:46,645 INFO     [FetchInput] Entering state
2026-04-15 15:42:46,647 INFO     [Service] /compute_grasps → success=False msg='No images received from PnP camera.'
2026-04-15 15:42:46,647 ERROR    [FetchInput] /compute_grasps service failed → exiting: failed
2026-04-15 15:42:46,648 DEBUG    [TaskSelector] Evaluating zone states: {'A': 'EMPTY', 'B': 'EMPTY'}  busy: {'A': False, 'B': False}
2026-04-15 15:42:46,648 INFO     [TaskSelector] → do_load (zone A empty)
2026-04-15 15:42:46,649 INFO     [FetchInput] Entering state
2026-04-15 15:42:46,651 INFO     [Service] /compute_grasps → success=False msg='No images received from PnP camera.'
2026-04-15 15:42:46,651 ERROR    [FetchInput] /compute_grasps service failed → exiting: failed
2026-04-15 15:42:46,652 DEBUG    [TaskSelector] Evaluating zone states: {'A': 'EMPTY', 'B': 'EMPTY'}  busy: {'A': False, 'B': False}
2026-04-15 15:42:46,652 INFO     [TaskSelector] → do_load (zone A empty)
2026-04-15 15:42:46,652 INFO     [FetchInput] Entering state
2026-04-15 15:42:46,655 INFO     [Service] /compute_grasps → success=False msg='No images received from PnP camera.'
2026-04-15 15:42:46,655 ERROR    [FetchInput] /compute_grasps service failed → exiting: failed
2026-04-15 15:42:46,656 DEBUG    [TaskSelector] Evaluating zone states: {'A': 'EMPTY', 'B': 'EMPTY'}  busy: {'A': False, 'B': False}
2026-04-15 15:42:46,656 INFO     [TaskSelector] → do_load (zone A empty)
2026-04-15 15:42:46,657 INFO     [FetchInput] Entering state
2026-04-15 15:42:46,660 INFO     [Service] /compute_grasps → success=False msg='No images received from PnP camera.'
2026-04-15 15:42:46,660 ERROR    [FetchInput] /compute_grasps service failed → exiting: failed
2026-04-15 15:42:46,661 DEBUG    [TaskSelector] Evaluating zone states: {'A': 'EMPTY', 'B': 'EMPTY'}  busy: {'A': False, 'B': False}
2026-04-15 15:42:46,661 INFO     [TaskSelector] → do_load (zone A empty)
2026-04-15 15:42:46,661 INFO     [FetchInput] Entering state
2026-04-15 15:42:46,664 INFO     [Service] /compute_grasps → success=False msg='No images received from PnP camera.'
2026-04-15 15:42:46,664 ERROR    [FetchInput] /compute_grasps service failed → exiting: failed
2026-04-15 15:42:46,665 DEBUG    [TaskSelector] Evaluating zone states: {'A': 'EMPTY', 'B': 'EMPTY'}  busy: {'A': False, 'B': False}
2026-04-15 15:42:46,665 INFO     [TaskSelector] → do_load (zone A empty)
2026-04-15 15:42:46,666 INFO     [FetchInput] Entering state
2026-04-15 15:42:46,668 INFO     [Service] /compute_grasps → success=False msg='No images received from PnP camera.'
2026-04-15 15:42:46,668 ERROR    [FetchInput] /compute_grasps service failed → exiting: failed
2026-04-15 15:42:46,669 DEBUG    [TaskSelector] Evaluating zone states: {'A': 'EMPTY', 'B': 'EMPTY'}  busy: {'A': False, 'B': False}
2026-04-15 15:42:46,669 INFO     [TaskSelector] → do_load (zone A empty)
2026-04-15 15:42:46,670 INFO     [FetchInput] Entering state
2026-04-15 15:42:46,674 INFO     [Service] /compute_grasps → success=False msg='No images received from PnP camera.'
2026-04-15 15:42:46,674 ERROR    [FetchInput] /compute_grasps service failed → exiting: failed
2026-04-15 15:42:46,678 DEBUG    [TaskSelector] Evaluating zone states: {'A': 'EMPTY', 'B': 'EMPTY'}  busy: {'A': False, 'B': False}
2026-04-15 15:42:46,679 INFO     [TaskSelector] → do_load (zone A empty)
2026-04-15 15:42:46,680 INFO     [FetchInput] Entering state
2026-04-15 15:42:46,683 INFO     [Service] /compute_grasps → success=False msg='No images received from PnP camera.'
2026-04-15 15:42:46,684 ERROR    [FetchInput] /compute_grasps service failed → exiting: failed
2026-04-15 15:42:46,686 DEBUG    [TaskSelector] Evaluating zone states: {'A': 'EMPTY', 'B': 'EMPTY'}  busy: {'A': False, 'B': False}
2026-04-15 15:42:46,686 INFO     [TaskSelector] → do_load (zone A empty)
2026-04-15 15:42:46,687 INFO     [FetchInput] Entering state
2026-04-15 15:42:46,692 INFO     [Service] /compute_grasps → success=False msg='No images received from PnP camera.'
2026-04-15 15:42:46,693 ERROR    [FetchInput] /compute_grasps service failed → exiting: failed
2026-04-15 15:42:46,696 DEBUG    [TaskSelector] Evaluating zone states: {'A': 'EMPTY', 'B': 'EMPTY'}  busy: {'A': False, 'B': False}
2026-04-15 15:42:46,696 INFO     [TaskSelector] → do_load (zone A empty)
2026-04-15 15:42:46,699 INFO     [FetchInput] Entering state
2026-04-15 15:42:46,701 INFO     [Service] /compute_grasps → success=False msg='No images received from PnP camera.'
2026-04-15 15:42:46,701 ERROR    [FetchInput] /compute_grasps service failed → exiting: failed
2026-04-15 15:42:46,702 DEBUG    [TaskSelector] Evaluating zone states: {'A': 'EMPTY', 'B': 'EMPTY'}  busy: {'A': False, 'B': False}
2026-04-15 15:42:46,702 INFO     [TaskSelector] → do_load (zone A empty)
2026-04-15 15:42:46,703 INFO     [FetchInput] Entering state
2026-04-15 15:42:46,705 INFO     [Service] /compute_grasps → success=False msg='No images received from PnP camera.'
2026-04-15 15:42:46,705 ERROR    [FetchInput] /compute_grasps service failed → exiting: failed
2026-04-15 15:42:46,706 DEBUG    [TaskSelector] Evaluating zone states: {'A': 'EMPTY', 'B': 'EMPTY'}  busy: {'A': False, 'B': False}
2026-04-15 15:42:46,706 INFO     [TaskSelector] → do_load (zone A empty)
2026-04-15 15:42:46,707 INFO     [FetchInput] Entering state
2026-04-15 15:42:46,711 INFO     [Service] /compute_grasps → success=False msg='No images received from PnP camera.'
2026-04-15 15:42:46,711 ERROR    [FetchInput] /compute_grasps service failed → exiting: failed
2026-04-15 15:42:46,712 DEBUG    [TaskSelector] Evaluating zone states: {'A': 'EMPTY', 'B': 'EMPTY'}  busy: {'A': False, 'B': False}
2026-04-15 15:42:46,712 INFO     [TaskSelector] → do_load (zone A empty)
2026-04-15 15:42:46,712 INFO     [FetchInput] Entering state
2026-04-15 15:42:46,714 INFO     [Service] /compute_grasps → success=False msg='No images received from PnP camera.'
2026-04-15 15:42:46,714 ERROR    [FetchInput] /compute_grasps service failed → exiting: failed
2026-04-15 15:42:46,715 DEBUG    [TaskSelector] Evaluating zone states: {'A': 'EMPTY', 'B': 'EMPTY'}  busy: {'A': False, 'B': False}
2026-04-15 15:42:46,715 INFO     [TaskSelector] → do_load (zone A empty)
2026-04-15 15:42:46,715 INFO     [FetchInput] Entering state
2026-04-15 15:42:46,718 INFO     [Service] /compute_grasps → success=False msg='No images received from PnP camera.'
2026-04-15 15:42:46,718 ERROR    [FetchInput] /compute_grasps service failed → exiting: failed
2026-04-15 15:42:46,719 DEBUG    [TaskSelector] Evaluating zone states: {'A': 'EMPTY', 'B': 'EMPTY'}  busy: {'A': False, 'B': False}
2026-04-15 15:42:46,719 INFO     [TaskSelector] → do_load (zone A empty)
2026-04-15 15:42:46,719 INFO     [FetchInput] Entering state
2026-04-15 15:42:46,722 INFO     [Service] /compute_grasps → success=False msg='No images received from PnP camera.'
2026-04-15 15:42:46,722 ERROR    [FetchInput] /compute_grasps service failed → exiting: failed
2026-04-15 15:42:46,722 DEBUG    [TaskSelector] Evaluating zone states: {'A': 'EMPTY', 'B': 'EMPTY'}  busy: {'A': False, 'B': False}
2026-04-15 15:42:46,722 INFO     [TaskSelector] → do_load (zone A empty)
2026-04-15 15:42:46,723 INFO     [FetchInput] Entering state
2026-04-15 15:42:46,726 INFO     [Service] /compute_grasps → success=False msg='No images received from PnP camera.'
2026-04-15 15:42:46,726 ERROR    [FetchInput] /compute_grasps service failed → exiting: failed
2026-04-15 15:42:46,727 DEBUG    [TaskSelector] Evaluating zone states: {'A': 'EMPTY', 'B': 'EMPTY'}  busy: {'A': False, 'B': False}
2026-04-15 15:42:46,727 INFO     [TaskSelector] → do_load (zone A empty)
2026-04-15 15:42:46,728 INFO     [FetchInput] Entering state
2026-04-15 15:42:46,731 INFO     [Service] /compute_grasps → success=False msg='No images received from PnP camera.'
2026-04-15 15:42:46,731 ERROR    [FetchInput] /compute_grasps service failed → exiting: failed
2026-04-15 15:42:46,732 DEBUG    [TaskSelector] Evaluating zone states: {'A': 'EMPTY', 'B': 'EMPTY'}  busy: {'A': False, 'B': False}
2026-04-15 15:42:46,732 INFO     [TaskSelector] → do_load (zone A empty)
2026-04-15 15:42:46,733 INFO     [FetchInput] Entering state
2026-04-15 15:42:46,735 INFO     [Service] /compute_grasps → success=False msg='No images received from PnP camera.'
2026-04-15 15:42:46,735 ERROR    [FetchInput] /compute_grasps service failed → exiting: failed
2026-04-15 15:42:46,736 DEBUG    [TaskSelector] Evaluating zone states: {'A': 'EMPTY', 'B': 'EMPTY'}  busy: {'A': False, 'B': False}
2026-04-15 15:42:46,736 INFO     [TaskSelector] → do_load (zone A empty)
2026-04-15 15:42:46,737 INFO     [FetchInput] Entering state
2026-04-15 15:42:46,740 INFO     [Service] /compute_grasps → success=False msg='No images received from PnP camera.'
2026-04-15 15:42:46,741 ERROR    [FetchInput] /compute_grasps service failed → exiting: failed
2026-04-15 15:42:46,742 DEBUG    [TaskSelector] Evaluating zone states: {'A': 'EMPTY', 'B': 'EMPTY'}  busy: {'A': False, 'B': False}
2026-04-15 15:42:46,742 INFO     [TaskSelector] → do_load (zone A empty)
2026-04-15 15:42:46,744 INFO     [FetchInput] Entering state
2026-04-15 15:42:46,747 INFO     [Service] /compute_grasps → success=False msg='No images received from PnP camera.'
2026-04-15 15:42:46,748 ERROR    [FetchInput] /compute_grasps service failed → exiting: failed
2026-04-15 15:42:46,748 DEBUG    [TaskSelector] Evaluating zone states: {'A': 'EMPTY', 'B': 'EMPTY'}  busy: {'A': False, 'B': False}
2026-04-15 15:42:46,748 INFO     [TaskSelector] → do_load (zone A empty)
2026-04-15 15:42:46,749 INFO     [FetchInput] Entering state
2026-04-15 15:42:46,753 INFO     [Service] /compute_grasps → success=False msg='No images received from PnP camera.'
2026-04-15 15:42:46,753 ERROR    [FetchInput] /compute_grasps service failed → exiting: failed
2026-04-15 15:42:46,755 DEBUG    [TaskSelector] Evaluating zone states: {'A': 'EMPTY', 'B': 'EMPTY'}  busy: {'A': False, 'B': False}
2026-04-15 15:42:46,755 INFO     [TaskSelector] → do_load (zone A empty)
2026-04-15 15:42:46,757 INFO     [FetchInput] Entering state
2026-04-15 15:42:46,763 INFO     [Service] /compute_grasps → success=False msg='No images received from PnP camera.'
2026-04-15 15:42:46,763 ERROR    [FetchInput] /compute_grasps service failed → exiting: failed
2026-04-15 15:42:46,765 DEBUG    [TaskSelector] Evaluating zone states: {'A': 'EMPTY', 'B': 'EMPTY'}  busy: {'A': False, 'B': False}
2026-04-15 15:42:46,765 INFO     [TaskSelector] → do_load (zone A empty)
2026-04-15 15:42:46,767 INFO     [FetchInput] Entering state
2026-04-15 15:42:46,770 INFO     [Service] /compute_grasps → success=False msg='No images received from PnP camera.'
2026-04-15 15:42:46,770 ERROR    [FetchInput] /compute_grasps service failed → exiting: failed
2026-04-15 15:42:46,771 DEBUG    [TaskSelector] Evaluating zone states: {'A': 'EMPTY', 'B': 'EMPTY'}  busy: {'A': False, 'B': False}
2026-04-15 15:42:46,771 INFO     [TaskSelector] → do_load (zone A empty)
2026-04-15 15:42:46,771 INFO     [FetchInput] Entering state
2026-04-15 15:42:46,776 INFO     [Service] /compute_grasps → success=False msg='No images received from PnP camera.'
2026-04-15 15:42:46,776 ERROR    [FetchInput] /compute_grasps service failed → exiting: failed
2026-04-15 15:42:46,777 DEBUG    [TaskSelector] Evaluating zone states: {'A': 'EMPTY', 'B': 'EMPTY'}  busy: {'A': False, 'B': False}
2026-04-15 15:42:46,777 INFO     [TaskSelector] → do_load (zone A empty)
2026-04-15 15:42:46,778 INFO     [FetchInput] Entering state
2026-04-15 15:42:46,781 INFO     [Service] /compute_grasps → success=False msg='No images received from PnP camera.'
2026-04-15 15:42:46,781 ERROR    [FetchInput] /compute_grasps service failed → exiting: failed
2026-04-15 15:42:46,782 DEBUG    [TaskSelector] Evaluating zone states: {'A': 'EMPTY', 'B': 'EMPTY'}  busy: {'A': False, 'B': False}
2026-04-15 15:42:46,782 INFO     [TaskSelector] → do_load (zone A empty)
2026-04-15 15:42:46,782 INFO     [FetchInput] Entering state
2026-04-15 15:42:46,785 INFO     [Service] /compute_grasps → success=False msg='No images received from PnP camera.'
2026-04-15 15:42:46,785 ERROR    [FetchInput] /compute_grasps service failed → exiting: failed
2026-04-15 15:42:46,786 DEBUG    [TaskSelector] Evaluating zone states: {'A': 'EMPTY', 'B': 'EMPTY'}  busy: {'A': False, 'B': False}
2026-04-15 15:42:46,786 INFO     [TaskSelector] → do_load (zone A empty)
2026-04-15 15:42:46,787 INFO     [FetchInput] Entering state
2026-04-15 15:42:46,789 INFO     [Service] /compute_grasps → success=False msg='No images received from PnP camera.'
2026-04-15 15:42:46,789 ERROR    [FetchInput] /compute_grasps service failed → exiting: failed
2026-04-15 15:42:46,790 DEBUG    [TaskSelector] Evaluating zone states: {'A': 'EMPTY', 'B': 'EMPTY'}  busy: {'A': False, 'B': False}
2026-04-15 15:42:46,790 INFO     [TaskSelector] → do_load (zone A empty)
2026-04-15 15:42:46,791 INFO     [FetchInput] Entering state
2026-04-15 15:42:46,794 INFO     [Service] /compute_grasps → success=False msg='No images received from PnP camera.'
2026-04-15 15:42:46,794 ERROR    [FetchInput] /compute_grasps service failed → exiting: failed
2026-04-15 15:42:46,794 DEBUG    [TaskSelector] Evaluating zone states: {'A': 'EMPTY', 'B': 'EMPTY'}  busy: {'A': False, 'B': False}
2026-04-15 15:42:46,795 INFO     [TaskSelector] → do_load (zone A empty)
2026-04-15 15:42:46,795 INFO     [FetchInput] Entering state
2026-04-15 15:42:46,798 INFO     [Service] /compute_grasps → success=False msg='No images received from PnP camera.'
2026-04-15 15:42:46,798 ERROR    [FetchInput] /compute_grasps service failed → exiting: failed
2026-04-15 15:42:46,799 DEBUG    [TaskSelector] Evaluating zone states: {'A': 'EMPTY', 'B': 'EMPTY'}  busy: {'A': False, 'B': False}
2026-04-15 15:42:46,799 INFO     [TaskSelector] → do_load (zone A empty)
2026-04-15 15:42:46,799 INFO     [FetchInput] Entering state
2026-04-15 15:42:46,802 INFO     [Service] /compute_grasps → success=False msg='No images received from PnP camera.'
2026-04-15 15:42:46,802 ERROR    [FetchInput] /compute_grasps service failed → exiting: failed
2026-04-15 15:42:46,802 DEBUG    [TaskSelector] Evaluating zone states: {'A': 'EMPTY', 'B': 'EMPTY'}  busy: {'A': False, 'B': False}
2026-04-15 15:42:46,802 INFO     [TaskSelector] → do_load (zone A empty)
2026-04-15 15:42:46,803 INFO     [FetchInput] Entering state
2026-04-15 15:42:46,807 INFO     [Service] /compute_grasps → success=False msg='No images received from PnP camera.'
2026-04-15 15:42:46,807 ERROR    [FetchInput] /compute_grasps service failed → exiting: failed
2026-04-15 15:42:46,810 DEBUG    [TaskSelector] Evaluating zone states: {'A': 'EMPTY', 'B': 'EMPTY'}  busy: {'A': False, 'B': False}
2026-04-15 15:42:46,811 INFO     [TaskSelector] → do_load (zone A empty)
2026-04-15 15:42:46,812 INFO     [FetchInput] Entering state
2026-04-15 15:42:46,815 INFO     [Service] /compute_grasps → success=False msg='No images received from PnP camera.'
2026-04-15 15:42:46,815 ERROR    [FetchInput] /compute_grasps service failed → exiting: failed
2026-04-15 15:42:46,816 DEBUG    [TaskSelector] Evaluating zone states: {'A': 'EMPTY', 'B': 'EMPTY'}  busy: {'A': False, 'B': False}
2026-04-15 15:42:46,816 INFO     [TaskSelector] → do_load (zone A empty)
2026-04-15 15:42:46,818 INFO     [FetchInput] Entering state
2026-04-15 15:42:46,821 INFO     [Service] /compute_grasps → success=False msg='No images received from PnP camera.'
2026-04-15 15:42:46,821 ERROR    [FetchInput] /compute_grasps service failed → exiting: failed
2026-04-15 15:42:46,823 DEBUG    [TaskSelector] Evaluating zone states: {'A': 'EMPTY', 'B': 'EMPTY'}  busy: {'A': False, 'B': False}
2026-04-15 15:42:46,823 INFO     [TaskSelector] → do_load (zone A empty)
2026-04-15 15:42:46,824 INFO     [FetchInput] Entering state
2026-04-15 15:42:46,833 INFO     [Service] /compute_grasps → success=False msg='No images received from PnP camera.'
2026-04-15 15:42:46,833 ERROR    [FetchInput] /compute_grasps service failed → exiting: failed
2026-04-15 15:42:46,834 DEBUG    [TaskSelector] Evaluating zone states: {'A': 'EMPTY', 'B': 'EMPTY'}  busy: {'A': False, 'B': False}
2026-04-15 15:42:46,834 INFO     [TaskSelector] → do_load (zone A empty)
2026-04-15 15:42:46,835 INFO     [FetchInput] Entering state
2026-04-15 15:42:46,838 INFO     [Service] /compute_grasps → success=False msg='No images received from PnP camera.'
2026-04-15 15:42:46,838 ERROR    [FetchInput] /compute_grasps service failed → exiting: failed
2026-04-15 15:42:46,839 DEBUG    [TaskSelector] Evaluating zone states: {'A': 'EMPTY', 'B': 'EMPTY'}  busy: {'A': False, 'B': False}
2026-04-15 15:42:46,839 INFO     [TaskSelector] → do_load (zone A empty)
2026-04-15 15:42:46,839 INFO     [FetchInput] Entering state
2026-04-15 15:42:46,842 INFO     [Service] /compute_grasps → success=False msg='No images received from PnP camera.'
2026-04-15 15:42:46,843 ERROR    [FetchInput] /compute_grasps service failed → exiting: failed
2026-04-15 15:42:46,843 DEBUG    [TaskSelector] Evaluating zone states: {'A': 'EMPTY', 'B': 'EMPTY'}  busy: {'A': False, 'B': False}
2026-04-15 15:42:46,844 INFO     [TaskSelector] → do_load (zone A empty)
2026-04-15 15:42:46,844 INFO     [FetchInput] Entering state
2026-04-15 15:42:46,847 INFO     [Service] /compute_grasps → success=False msg='No images received from PnP camera.'
2026-04-15 15:42:46,847 ERROR    [FetchInput] /compute_grasps service failed → exiting: failed
2026-04-15 15:42:46,848 DEBUG    [TaskSelector] Evaluating zone states: {'A': 'EMPTY', 'B': 'EMPTY'}  busy: {'A': False, 'B': False}
2026-04-15 15:42:46,848 INFO     [TaskSelector] → do_load (zone A empty)
2026-04-15 15:42:46,849 INFO     [FetchInput] Entering state
2026-04-15 15:42:46,851 INFO     [Service] /compute_grasps → success=False msg='No images received from PnP camera.'
2026-04-15 15:42:46,851 ERROR    [FetchInput] /compute_grasps service failed → exiting: failed
2026-04-15 15:42:46,852 DEBUG    [TaskSelector] Evaluating zone states: {'A': 'EMPTY', 'B': 'EMPTY'}  busy: {'A': False, 'B': False}
2026-04-15 15:42:46,852 INFO     [TaskSelector] → do_load (zone A empty)
2026-04-15 15:42:46,853 INFO     [FetchInput] Entering state
2026-04-15 15:42:46,855 INFO     [Service] /compute_grasps → success=False msg='No images received from PnP camera.'
2026-04-15 15:42:46,855 ERROR    [FetchInput] /compute_grasps service failed → exiting: failed
2026-04-15 15:42:46,856 DEBUG    [TaskSelector] Evaluating zone states: {'A': 'EMPTY', 'B': 'EMPTY'}  busy: {'A': False, 'B': False}
2026-04-15 15:42:46,856 INFO     [TaskSelector] → do_load (zone A empty)
2026-04-15 15:42:46,857 INFO     [FetchInput] Entering state
2026-04-15 15:42:46,860 INFO     [Service] /compute_grasps → success=False msg='No images received from PnP camera.'
2026-04-15 15:42:46,860 ERROR    [FetchInput] /compute_grasps service failed → exiting: failed
2026-04-15 15:42:46,861 DEBUG    [TaskSelector] Evaluating zone states: {'A': 'EMPTY', 'B': 'EMPTY'}  busy: {'A': False, 'B': False}
2026-04-15 15:42:46,861 INFO     [TaskSelector] → do_load (zone A empty)
2026-04-15 15:42:46,862 INFO     [FetchInput] Entering state
2026-04-15 15:42:46,864 INFO     [Service] /compute_grasps → success=False msg='No images received from PnP camera.'
2026-04-15 15:42:46,864 ERROR    [FetchInput] /compute_grasps service failed → exiting: failed
2026-04-15 15:42:46,865 DEBUG    [TaskSelector] Evaluating zone states: {'A': 'EMPTY', 'B': 'EMPTY'}  busy: {'A': False, 'B': False}
2026-04-15 15:42:46,865 INFO     [TaskSelector] → do_load (zone A empty)
2026-04-15 15:42:46,866 INFO     [FetchInput] Entering state
2026-04-15 15:42:46,868 INFO     [Service] /compute_grasps → success=False msg='No images received from PnP camera.'
2026-04-15 15:42:46,868 ERROR    [FetchInput] /compute_grasps service failed → exiting: failed
2026-04-15 15:42:46,869 DEBUG    [TaskSelector] Evaluating zone states: {'A': 'EMPTY', 'B': 'EMPTY'}  busy: {'A': False, 'B': False}
2026-04-15 15:42:46,869 INFO     [TaskSelector] → do_load (zone A empty)
2026-04-15 15:42:46,870 INFO     [FetchInput] Entering state
2026-04-15 15:42:46,873 INFO     [Service] /compute_grasps → success=False msg='No images received from PnP camera.'
2026-04-15 15:42:46,873 ERROR    [FetchInput] /compute_grasps service failed → exiting: failed
2026-04-15 15:42:46,875 DEBUG    [TaskSelector] Evaluating zone states: {'A': 'EMPTY', 'B': 'EMPTY'}  busy: {'A': False, 'B': False}
2026-04-15 15:42:46,875 INFO     [TaskSelector] → do_load (zone A empty)
2026-04-15 15:42:46,878 INFO     [FetchInput] Entering state
2026-04-15 15:42:46,884 INFO     [Service] /compute_grasps → success=False msg='No images received from PnP camera.'
2026-04-15 15:42:46,884 ERROR    [FetchInput] /compute_grasps service failed → exiting: failed
2026-04-15 15:42:46,885 DEBUG    [TaskSelector] Evaluating zone states: {'A': 'EMPTY', 'B': 'EMPTY'}  busy: {'A': False, 'B': False}
2026-04-15 15:42:46,885 INFO     [TaskSelector] → do_load (zone A empty)
2026-04-15 15:42:46,886 INFO     [FetchInput] Entering state
2026-04-15 15:42:46,893 INFO     [Service] /compute_grasps → success=False msg='No images received from PnP camera.'
2026-04-15 15:42:46,893 ERROR    [FetchInput] /compute_grasps service failed → exiting: failed
2026-04-15 15:42:46,895 DEBUG    [TaskSelector] Evaluating zone states: {'A': 'EMPTY', 'B': 'EMPTY'}  busy: {'A': False, 'B': False}
2026-04-15 15:42:46,895 INFO     [TaskSelector] → do_load (zone A empty)
2026-04-15 15:42:46,897 INFO     [FetchInput] Entering state
2026-04-15 15:42:46,901 INFO     [Service] /compute_grasps → success=False msg='No images received from PnP camera.'
2026-04-15 15:42:46,901 ERROR    [FetchInput] /compute_grasps service failed → exiting: failed
2026-04-15 15:42:46,902 DEBUG    [TaskSelector] Evaluating zone states: {'A': 'EMPTY', 'B': 'EMPTY'}  busy: {'A': False, 'B': False}
2026-04-15 15:42:46,902 INFO     [TaskSelector] → do_load (zone A empty)
2026-04-15 15:42:46,902 INFO     [FetchInput] Entering state
2026-04-15 15:42:46,904 INFO     [Service] /compute_grasps → success=False msg='No images received from PnP camera.'
2026-04-15 15:42:46,905 ERROR    [FetchInput] /compute_grasps service failed → exiting: failed
2026-04-15 15:42:46,905 DEBUG    [TaskSelector] Evaluating zone states: {'A': 'EMPTY', 'B': 'EMPTY'}  busy: {'A': False, 'B': False}
2026-04-15 15:42:46,905 INFO     [TaskSelector] → do_load (zone A empty)
2026-04-15 15:42:46,906 INFO     [FetchInput] Entering state
2026-04-15 15:42:46,910 INFO     [Service] /compute_grasps → success=False msg='No images received from PnP camera.'
2026-04-15 15:42:46,910 ERROR    [FetchInput] /compute_grasps service failed → exiting: failed
2026-04-15 15:42:46,911 DEBUG    [TaskSelector] Evaluating zone states: {'A': 'EMPTY', 'B': 'EMPTY'}  busy: {'A': False, 'B': False}
2026-04-15 15:42:46,911 INFO     [TaskSelector] → do_load (zone A empty)
2026-04-15 15:42:46,912 INFO     [FetchInput] Entering state
2026-04-15 15:42:46,915 INFO     [Service] /compute_grasps → success=False msg='No images received from PnP camera.'
2026-04-15 15:42:46,915 ERROR    [FetchInput] /compute_grasps service failed → exiting: failed
2026-04-15 15:42:46,916 DEBUG    [TaskSelector] Evaluating zone states: {'A': 'EMPTY', 'B': 'EMPTY'}  busy: {'A': False, 'B': False}
2026-04-15 15:42:46,916 INFO     [TaskSelector] → do_load (zone A empty)
2026-04-15 15:42:46,916 INFO     [FetchInput] Entering state
2026-04-15 15:42:46,919 INFO     [Service] /compute_grasps → success=False msg='No images received from PnP camera.'
2026-04-15 15:42:46,919 ERROR    [FetchInput] /compute_grasps service failed → exiting: failed
2026-04-15 15:42:46,920 DEBUG    [TaskSelector] Evaluating zone states: {'A': 'EMPTY', 'B': 'EMPTY'}  busy: {'A': False, 'B': False}
2026-04-15 15:42:46,920 INFO     [TaskSelector] → do_load (zone A empty)
2026-04-15 15:42:46,920 INFO     [FetchInput] Entering state
2026-04-15 15:42:46,923 INFO     [Service] /compute_grasps → success=False msg='No images received from PnP camera.'
2026-04-15 15:42:46,923 ERROR    [FetchInput] /compute_grasps service failed → exiting: failed
2026-04-15 15:42:46,923 DEBUG    [TaskSelector] Evaluating zone states: {'A': 'EMPTY', 'B': 'EMPTY'}  busy: {'A': False, 'B': False}
2026-04-15 15:42:46,923 INFO     [TaskSelector] → do_load (zone A empty)
2026-04-15 15:42:46,924 INFO     [FetchInput] Entering state
2026-04-15 15:42:46,927 INFO     [Service] /compute_grasps → success=False msg='No images received from PnP camera.'
2026-04-15 15:42:46,927 ERROR    [FetchInput] /compute_grasps service failed → exiting: failed
2026-04-15 15:42:46,929 DEBUG    [TaskSelector] Evaluating zone states: {'A': 'EMPTY', 'B': 'EMPTY'}  busy: {'A': False, 'B': False}
2026-04-15 15:42:46,929 INFO     [TaskSelector] → do_load (zone A empty)
2026-04-15 15:42:46,929 INFO     [FetchInput] Entering state
2026-04-15 15:42:46,932 INFO     [Service] /compute_grasps → success=False msg='No images received from PnP camera.'
2026-04-15 15:42:46,932 ERROR    [FetchInput] /compute_grasps service failed → exiting: failed
2026-04-15 15:42:46,933 DEBUG    [TaskSelector] Evaluating zone states: {'A': 'EMPTY', 'B': 'EMPTY'}  busy: {'A': False, 'B': False}
2026-04-15 15:42:46,933 INFO     [TaskSelector] → do_load (zone A empty)
2026-04-15 15:42:46,933 INFO     [FetchInput] Entering state
2026-04-15 15:42:46,935 INFO     [Service] /compute_grasps → success=False msg='No images received from PnP camera.'
2026-04-15 15:42:46,936 ERROR    [FetchInput] /compute_grasps service failed → exiting: failed
2026-04-15 15:42:46,937 DEBUG    [TaskSelector] Evaluating zone states: {'A': 'EMPTY', 'B': 'EMPTY'}  busy: {'A': False, 'B': False}
2026-04-15 15:42:46,937 INFO     [TaskSelector] → do_load (zone A empty)
2026-04-15 15:42:46,937 INFO     [FetchInput] Entering state
2026-04-15 15:42:46,941 INFO     [Service] /compute_grasps → success=False msg='No images received from PnP camera.'
2026-04-15 15:42:46,941 ERROR    [FetchInput] /compute_grasps service failed → exiting: failed
2026-04-15 15:42:46,943 DEBUG    [TaskSelector] Evaluating zone states: {'A': 'EMPTY', 'B': 'EMPTY'}  busy: {'A': False, 'B': False}
2026-04-15 15:42:46,943 INFO     [TaskSelector] → do_load (zone A empty)
2026-04-15 15:42:46,944 INFO     [FetchInput] Entering state
2026-04-15 15:42:46,947 INFO     [Service] /compute_grasps → success=False msg='No images received from PnP camera.'
2026-04-15 15:42:46,947 ERROR    [FetchInput] /compute_grasps service failed → exiting: failed
2026-04-15 15:42:46,948 DEBUG    [TaskSelector] Evaluating zone states: {'A': 'EMPTY', 'B': 'EMPTY'}  busy: {'A': False, 'B': False}
2026-04-15 15:42:46,948 INFO     [TaskSelector] → do_load (zone A empty)
2026-04-15 15:42:46,949 INFO     [FetchInput] Entering state
2026-04-15 15:42:46,955 INFO     [Service] /compute_grasps → success=False msg='No images received from PnP camera.'
2026-04-15 15:42:46,955 ERROR    [FetchInput] /compute_grasps service failed → exiting: failed
2026-04-15 15:42:46,957 DEBUG    [TaskSelector] Evaluating zone states: {'A': 'EMPTY', 'B': 'EMPTY'}  busy: {'A': False, 'B': False}
2026-04-15 15:42:46,957 INFO     [TaskSelector] → do_load (zone A empty)
2026-04-15 15:42:46,960 INFO     [FetchInput] Entering state
2026-04-15 15:42:46,964 INFO     [Service] /compute_grasps → success=False msg='No images received from PnP camera.'
2026-04-15 15:42:46,964 ERROR    [FetchInput] /compute_grasps service failed → exiting: failed
2026-04-15 15:42:46,965 DEBUG    [TaskSelector] Evaluating zone states: {'A': 'EMPTY', 'B': 'EMPTY'}  busy: {'A': False, 'B': False}
2026-04-15 15:42:46,965 INFO     [TaskSelector] → do_load (zone A empty)
2026-04-15 15:42:46,966 INFO     [FetchInput] Entering state
2026-04-15 15:42:46,968 INFO     [Service] /compute_grasps → success=False msg='No images received from PnP camera.'
2026-04-15 15:42:46,968 ERROR    [FetchInput] /compute_grasps service failed → exiting: failed
2026-04-15 15:42:46,969 DEBUG    [TaskSelector] Evaluating zone states: {'A': 'EMPTY', 'B': 'EMPTY'}  busy: {'A': False, 'B': False}
2026-04-15 15:42:46,969 INFO     [TaskSelector] → do_load (zone A empty)
2026-04-15 15:42:46,970 INFO     [FetchInput] Entering state
2026-04-15 15:42:46,972 INFO     [Service] /compute_grasps → success=False msg='No images received from PnP camera.'
2026-04-15 15:42:46,972 ERROR    [FetchInput] /compute_grasps service failed → exiting: failed
2026-04-15 15:42:46,973 DEBUG    [TaskSelector] Evaluating zone states: {'A': 'EMPTY', 'B': 'EMPTY'}  busy: {'A': False, 'B': False}
2026-04-15 15:42:46,973 INFO     [TaskSelector] → do_load (zone A empty)
2026-04-15 15:42:46,974 INFO     [FetchInput] Entering state
2026-04-15 15:42:46,979 INFO     [Service] /compute_grasps → success=False msg='No images received from PnP camera.'
2026-04-15 15:42:46,979 ERROR    [FetchInput] /compute_grasps service failed → exiting: failed
2026-04-15 15:42:46,980 DEBUG    [TaskSelector] Evaluating zone states: {'A': 'EMPTY', 'B': 'EMPTY'}  busy: {'A': False, 'B': False}
2026-04-15 15:42:46,980 INFO     [TaskSelector] → do_load (zone A empty)
2026-04-15 15:42:46,981 INFO     [FetchInput] Entering state
2026-04-15 15:42:46,983 INFO     [Service] /compute_grasps → success=False msg='No images received from PnP camera.'
2026-04-15 15:42:46,983 ERROR    [FetchInput] /compute_grasps service failed → exiting: failed
2026-04-15 15:42:46,984 DEBUG    [TaskSelector] Evaluating zone states: {'A': 'EMPTY', 'B': 'EMPTY'}  busy: {'A': False, 'B': False}
2026-04-15 15:42:46,984 INFO     [TaskSelector] → do_load (zone A empty)
2026-04-15 15:42:46,985 INFO     [FetchInput] Entering state
2026-04-15 15:42:46,987 INFO     [Service] /compute_grasps → success=False msg='No images received from PnP camera.'
2026-04-15 15:42:46,987 ERROR    [FetchInput] /compute_grasps service failed → exiting: failed
2026-04-15 15:42:46,988 DEBUG    [TaskSelector] Evaluating zone states: {'A': 'EMPTY', 'B': 'EMPTY'}  busy: {'A': False, 'B': False}
2026-04-15 15:42:46,988 INFO     [TaskSelector] → do_load (zone A empty)
2026-04-15 15:42:46,988 INFO     [FetchInput] Entering state
2026-04-15 15:42:46,991 INFO     [Service] /compute_grasps → success=False msg='No images received from PnP camera.'
2026-04-15 15:42:46,991 ERROR    [FetchInput] /compute_grasps service failed → exiting: failed
2026-04-15 15:42:46,992 DEBUG    [TaskSelector] Evaluating zone states: {'A': 'EMPTY', 'B': 'EMPTY'}  busy: {'A': False, 'B': False}
2026-04-15 15:42:46,992 INFO     [TaskSelector] → do_load (zone A empty)
2026-04-15 15:42:46,993 INFO     [FetchInput] Entering state
2026-04-15 15:42:46,995 INFO     [Service] /compute_grasps → success=False msg='No images received from PnP camera.'
2026-04-15 15:42:46,995 ERROR    [FetchInput] /compute_grasps service failed → exiting: failed
2026-04-15 15:42:46,996 DEBUG    [TaskSelector] Evaluating zone states: {'A': 'EMPTY', 'B': 'EMPTY'}  busy: {'A': False, 'B': False}
2026-04-15 15:42:46,996 INFO     [TaskSelector] → do_load (zone A empty)
2026-04-15 15:42:46,997 INFO     [FetchInput] Entering state
2026-04-15 15:42:46,999 INFO     [Service] /compute_grasps → success=False msg='No images received from PnP camera.'
2026-04-15 15:42:46,999 ERROR    [FetchInput] /compute_grasps service failed → exiting: failed
2026-04-15 15:42:47,000 DEBUG    [TaskSelector] Evaluating zone states: {'A': 'EMPTY', 'B': 'EMPTY'}  busy: {'A': False, 'B': False}
2026-04-15 15:42:47,000 INFO     [TaskSelector] → do_load (zone A empty)
2026-04-15 15:42:47,001 INFO     [FetchInput] Entering state
2026-04-15 15:42:47,003 INFO     [Service] /compute_grasps → success=False msg='No images received from PnP camera.'
2026-04-15 15:42:47,003 ERROR    [FetchInput] /compute_grasps service failed → exiting: failed
2026-04-15 15:42:47,004 DEBUG    [TaskSelector] Evaluating zone states: {'A': 'EMPTY', 'B': 'EMPTY'}  busy: {'A': False, 'B': False}
2026-04-15 15:42:47,004 INFO     [TaskSelector] → do_load (zone A empty)
2026-04-15 15:42:47,005 INFO     [FetchInput] Entering state
2026-04-15 15:42:47,011 INFO     [Service] /compute_grasps → success=False msg='No images received from PnP camera.'
2026-04-15 15:42:47,012 ERROR    [FetchInput] /compute_grasps service failed → exiting: failed
2026-04-15 15:42:47,014 DEBUG    [TaskSelector] Evaluating zone states: {'A': 'EMPTY', 'B': 'EMPTY'}  busy: {'A': False, 'B': False}
2026-04-15 15:42:47,015 INFO     [TaskSelector] → do_load (zone A empty)
2026-04-15 15:42:47,017 INFO     [FetchInput] Entering state
2026-04-15 15:42:47,021 INFO     [Service] /compute_grasps → success=False msg='No images received from PnP camera.'
2026-04-15 15:42:47,021 ERROR    [FetchInput] /compute_grasps service failed → exiting: failed
2026-04-15 15:42:47,023 DEBUG    [TaskSelector] Evaluating zone states: {'A': 'EMPTY', 'B': 'EMPTY'}  busy: {'A': False, 'B': False}
2026-04-15 15:42:47,024 INFO     [TaskSelector] → do_load (zone A empty)
2026-04-15 15:42:47,027 INFO     [FetchInput] Entering state
2026-04-15 15:42:47,034 INFO     [Service] /compute_grasps → success=False msg='No images received from PnP camera.'
2026-04-15 15:42:47,034 ERROR    [FetchInput] /compute_grasps service failed → exiting: failed
2026-04-15 15:42:47,037 DEBUG    [TaskSelector] Evaluating zone states: {'A': 'EMPTY', 'B': 'EMPTY'}  busy: {'A': False, 'B': False}
2026-04-15 15:42:47,038 INFO     [TaskSelector] → do_load (zone A empty)
2026-04-15 15:42:47,039 INFO     [FetchInput] Entering state
2026-04-15 15:42:47,043 INFO     [Service] /compute_grasps → success=False msg='No images received from PnP camera.'
2026-04-15 15:42:47,043 ERROR    [FetchInput] /compute_grasps service failed → exiting: failed
2026-04-15 15:42:47,045 DEBUG    [TaskSelector] Evaluating zone states: {'A': 'EMPTY', 'B': 'EMPTY'}  busy: {'A': False, 'B': False}
2026-04-15 15:42:47,045 INFO     [TaskSelector] → do_load (zone A empty)
2026-04-15 15:42:47,045 INFO     [FetchInput] Entering state
2026-04-15 15:42:47,048 INFO     [Service] /compute_grasps → success=False msg='No images received from PnP camera.'
2026-04-15 15:42:47,048 ERROR    [FetchInput] /compute_grasps service failed → exiting: failed
2026-04-15 15:42:47,049 DEBUG    [TaskSelector] Evaluating zone states: {'A': 'EMPTY', 'B': 'EMPTY'}  busy: {'A': False, 'B': False}
2026-04-15 15:42:47,049 INFO     [TaskSelector] → do_load (zone A empty)
2026-04-15 15:42:47,050 INFO     [FetchInput] Entering state
2026-04-15 15:42:47,052 INFO     [Service] /compute_grasps → success=False msg='No images received from PnP camera.'
2026-04-15 15:42:47,052 ERROR    [FetchInput] /compute_grasps service failed → exiting: failed
2026-04-15 15:42:47,052 DEBUG    [TaskSelector] Evaluating zone states: {'A': 'EMPTY', 'B': 'EMPTY'}  busy: {'A': False, 'B': False}
2026-04-15 15:42:47,053 INFO     [TaskSelector] → do_load (zone A empty)
2026-04-15 15:42:47,053 INFO     [FetchInput] Entering state
2026-04-15 15:42:47,055 INFO     [Service] /compute_grasps → success=False msg='No images received from PnP camera.'
2026-04-15 15:42:47,056 ERROR    [FetchInput] /compute_grasps service failed → exiting: failed
2026-04-15 15:42:47,057 DEBUG    [TaskSelector] Evaluating zone states: {'A': 'EMPTY', 'B': 'EMPTY'}  busy: {'A': False, 'B': False}
2026-04-15 15:42:47,057 INFO     [TaskSelector] → do_load (zone A empty)
2026-04-15 15:42:47,058 INFO     [FetchInput] Entering state
2026-04-15 15:42:47,060 INFO     [Service] /compute_grasps → success=False msg='No images received from PnP camera.'
2026-04-15 15:42:47,060 ERROR    [FetchInput] /compute_grasps service failed → exiting: failed
2026-04-15 15:42:47,061 DEBUG    [TaskSelector] Evaluating zone states: {'A': 'EMPTY', 'B': 'EMPTY'}  busy: {'A': False, 'B': False}
2026-04-15 15:42:47,061 INFO     [TaskSelector] → do_load (zone A empty)
2026-04-15 15:42:47,062 INFO     [FetchInput] Entering state
2026-04-15 15:42:47,064 INFO     [Service] /compute_grasps → success=False msg='No images received from PnP camera.'
2026-04-15 15:42:47,064 ERROR    [FetchInput] /compute_grasps service failed → exiting: failed
2026-04-15 15:42:47,065 DEBUG    [TaskSelector] Evaluating zone states: {'A': 'EMPTY', 'B': 'EMPTY'}  busy: {'A': False, 'B': False}
2026-04-15 15:42:47,065 INFO     [TaskSelector] → do_load (zone A empty)
2026-04-15 15:42:47,066 INFO     [FetchInput] Entering state
2026-04-15 15:42:47,068 INFO     [Service] /compute_grasps → success=False msg='No images received from PnP camera.'
2026-04-15 15:42:47,068 ERROR    [FetchInput] /compute_grasps service failed → exiting: failed
2026-04-15 15:42:47,069 DEBUG    [TaskSelector] Evaluating zone states: {'A': 'EMPTY', 'B': 'EMPTY'}  busy: {'A': False, 'B': False}
2026-04-15 15:42:47,069 INFO     [TaskSelector] → do_load (zone A empty)
2026-04-15 15:42:47,070 INFO     [FetchInput] Entering state
2026-04-15 15:42:47,072 INFO     [Service] /compute_grasps → success=False msg='No images received from PnP camera.'
2026-04-15 15:42:47,072 ERROR    [FetchInput] /compute_grasps service failed → exiting: failed
2026-04-15 15:42:47,075 DEBUG    [TaskSelector] Evaluating zone states: {'A': 'EMPTY', 'B': 'EMPTY'}  busy: {'A': False, 'B': False}
2026-04-15 15:42:47,075 INFO     [TaskSelector] → do_load (zone A empty)
2026-04-15 15:42:47,080 INFO     [FetchInput] Entering state
2026-04-15 15:42:47,086 INFO     [Service] /compute_grasps → success=False msg='No images received from PnP camera.'
2026-04-15 15:42:47,087 ERROR    [FetchInput] /compute_grasps service failed → exiting: failed
2026-04-15 15:42:47,088 DEBUG    [TaskSelector] Evaluating zone states: {'A': 'EMPTY', 'B': 'EMPTY'}  busy: {'A': False, 'B': False}
2026-04-15 15:42:47,088 INFO     [TaskSelector] → do_load (zone A empty)
2026-04-15 15:42:47,090 INFO     [FetchInput] Entering state
2026-04-15 15:42:47,097 INFO     [Service] /compute_grasps → success=False msg='No images received from PnP camera.'
2026-04-15 15:42:47,097 ERROR    [FetchInput] /compute_grasps service failed → exiting: failed
2026-04-15 15:42:47,098 DEBUG    [TaskSelector] Evaluating zone states: {'A': 'EMPTY', 'B': 'EMPTY'}  busy: {'A': False, 'B': False}
2026-04-15 15:42:47,098 INFO     [TaskSelector] → do_load (zone A empty)
2026-04-15 15:42:47,100 INFO     [FetchInput] Entering state
2026-04-15 15:42:47,102 INFO     [Service] /compute_grasps → success=False msg='No images received from PnP camera.'
2026-04-15 15:42:47,103 ERROR    [FetchInput] /compute_grasps service failed → exiting: failed
2026-04-15 15:42:47,103 DEBUG    [TaskSelector] Evaluating zone states: {'A': 'EMPTY', 'B': 'EMPTY'}  busy: {'A': False, 'B': False}
2026-04-15 15:42:47,103 INFO     [TaskSelector] → do_load (zone A empty)
2026-04-15 15:42:47,104 INFO     [FetchInput] Entering state
2026-04-15 15:42:47,107 INFO     [Service] /compute_grasps → success=False msg='No images received from PnP camera.'
2026-04-15 15:42:47,107 ERROR    [FetchInput] /compute_grasps service failed → exiting: failed
2026-04-15 15:42:47,109 DEBUG    [TaskSelector] Evaluating zone states: {'A': 'EMPTY', 'B': 'EMPTY'}  busy: {'A': False, 'B': False}
2026-04-15 15:42:47,109 INFO     [TaskSelector] → do_load (zone A empty)
2026-04-15 15:42:47,110 INFO     [FetchInput] Entering state
2026-04-15 15:42:47,113 INFO     [Service] /compute_grasps → success=False msg='No images received from PnP camera.'
2026-04-15 15:42:47,114 ERROR    [FetchInput] /compute_grasps service failed → exiting: failed
2026-04-15 15:42:47,114 DEBUG    [TaskSelector] Evaluating zone states: {'A': 'EMPTY', 'B': 'EMPTY'}  busy: {'A': False, 'B': False}
2026-04-15 15:42:47,114 INFO     [TaskSelector] → do_load (zone A empty)
2026-04-15 15:42:47,115 INFO     [FetchInput] Entering state
2026-04-15 15:42:47,117 INFO     [Service] /compute_grasps → success=False msg='No images received from PnP camera.'
2026-04-15 15:42:47,117 ERROR    [FetchInput] /compute_grasps service failed → exiting: failed
2026-04-15 15:42:47,118 DEBUG    [TaskSelector] Evaluating zone states: {'A': 'EMPTY', 'B': 'EMPTY'}  busy: {'A': False, 'B': False}
2026-04-15 15:42:47,118 INFO     [TaskSelector] → do_load (zone A empty)
2026-04-15 15:42:47,119 INFO     [FetchInput] Entering state
2026-04-15 15:42:47,121 INFO     [Service] /compute_grasps → success=False msg='No images received from PnP camera.'
2026-04-15 15:42:47,121 ERROR    [FetchInput] /compute_grasps service failed → exiting: failed
2026-04-15 15:42:47,122 DEBUG    [TaskSelector] Evaluating zone states: {'A': 'EMPTY', 'B': 'EMPTY'}  busy: {'A': False, 'B': False}
2026-04-15 15:42:47,122 INFO     [TaskSelector] → do_load (zone A empty)
2026-04-15 15:42:47,123 INFO     [FetchInput] Entering state
2026-04-15 15:42:47,126 INFO     [Service] /compute_grasps → success=False msg='No images received from PnP camera.'
2026-04-15 15:42:47,126 ERROR    [FetchInput] /compute_grasps service failed → exiting: failed
2026-04-15 15:42:47,127 DEBUG    [TaskSelector] Evaluating zone states: {'A': 'EMPTY', 'B': 'EMPTY'}  busy: {'A': False, 'B': False}
2026-04-15 15:42:47,127 INFO     [TaskSelector] → do_load (zone A empty)
2026-04-15 15:42:47,128 INFO     [FetchInput] Entering state
2026-04-15 15:42:47,130 INFO     [Service] /compute_grasps → success=False msg='No images received from PnP camera.'
2026-04-15 15:42:47,130 ERROR    [FetchInput] /compute_grasps service failed → exiting: failed
2026-04-15 15:42:47,131 DEBUG    [TaskSelector] Evaluating zone states: {'A': 'EMPTY', 'B': 'EMPTY'}  busy: {'A': False, 'B': False}
2026-04-15 15:42:47,131 INFO     [TaskSelector] → do_load (zone A empty)
2026-04-15 15:42:47,132 INFO     [FetchInput] Entering state
2026-04-15 15:42:47,134 INFO     [Service] /compute_grasps → success=False msg='No images received from PnP camera.'
2026-04-15 15:42:47,134 ERROR    [FetchInput] /compute_grasps service failed → exiting: failed
2026-04-15 15:42:47,135 DEBUG    [TaskSelector] Evaluating zone states: {'A': 'EMPTY', 'B': 'EMPTY'}  busy: {'A': False, 'B': False}
2026-04-15 15:42:47,135 INFO     [TaskSelector] → do_load (zone A empty)
2026-04-15 15:42:47,136 INFO     [FetchInput] Entering state
2026-04-15 15:42:47,138 INFO     [Service] /compute_grasps → success=False msg='No images received from PnP camera.'
2026-04-15 15:42:47,138 ERROR    [FetchInput] /compute_grasps service failed → exiting: failed
2026-04-15 15:42:47,139 DEBUG    [TaskSelector] Evaluating zone states: {'A': 'EMPTY', 'B': 'EMPTY'}  busy: {'A': False, 'B': False}
2026-04-15 15:42:47,139 INFO     [TaskSelector] → do_load (zone A empty)
2026-04-15 15:42:47,140 INFO     [FetchInput] Entering state
2026-04-15 15:42:47,145 INFO     [Service] /compute_grasps → success=False msg='No images received from PnP camera.'
2026-04-15 15:42:47,145 ERROR    [FetchInput] /compute_grasps service failed → exiting: failed
2026-04-15 15:42:47,147 DEBUG    [TaskSelector] Evaluating zone states: {'A': 'EMPTY', 'B': 'EMPTY'}  busy: {'A': False, 'B': False}
2026-04-15 15:42:47,147 INFO     [TaskSelector] → do_load (zone A empty)
2026-04-15 15:42:47,148 INFO     [FetchInput] Entering state
2026-04-15 15:42:47,151 INFO     [Service] /compute_grasps → success=False msg='No images received from PnP camera.'
2026-04-15 15:42:47,151 ERROR    [FetchInput] /compute_grasps service failed → exiting: failed
2026-04-15 15:42:47,152 DEBUG    [TaskSelector] Evaluating zone states: {'A': 'EMPTY', 'B': 'EMPTY'}  busy: {'A': False, 'B': False}
2026-04-15 15:42:47,153 INFO     [TaskSelector] → do_load (zone A empty)
2026-04-15 15:42:47,154 INFO     [FetchInput] Entering state
2026-04-15 15:42:47,161 INFO     [Service] /compute_grasps → success=False msg='No images received from PnP camera.'
2026-04-15 15:42:47,161 ERROR    [FetchInput] /compute_grasps service failed → exiting: failed
2026-04-15 15:42:47,163 DEBUG    [TaskSelector] Evaluating zone states: {'A': 'EMPTY', 'B': 'EMPTY'}  busy: {'A': False, 'B': False}
2026-04-15 15:42:47,164 INFO     [TaskSelector] → do_load (zone A empty)
2026-04-15 15:42:47,165 INFO     [FetchInput] Entering state
2026-04-15 15:42:47,168 INFO     [Service] /compute_grasps → success=False msg='No images received from PnP camera.'
2026-04-15 15:42:47,168 ERROR    [FetchInput] /compute_grasps service failed → exiting: failed
2026-04-15 15:42:47,169 DEBUG    [TaskSelector] Evaluating zone states: {'A': 'EMPTY', 'B': 'EMPTY'}  busy: {'A': False, 'B': False}
2026-04-15 15:42:47,169 INFO     [TaskSelector] → do_load (zone A empty)
2026-04-15 15:42:47,170 INFO     [FetchInput] Entering state
2026-04-15 15:42:47,173 INFO     [Service] /compute_grasps → success=False msg='No images received from PnP camera.'
2026-04-15 15:42:47,173 ERROR    [FetchInput] /compute_grasps service failed → exiting: failed
2026-04-15 15:42:47,174 DEBUG    [TaskSelector] Evaluating zone states: {'A': 'EMPTY', 'B': 'EMPTY'}  busy: {'A': False, 'B': False}
2026-04-15 15:42:47,174 INFO     [TaskSelector] → do_load (zone A empty)
2026-04-15 15:42:47,175 INFO     [FetchInput] Entering state
2026-04-15 15:42:47,180 INFO     [Service] /compute_grasps → success=False msg='No images received from PnP camera.'
2026-04-15 15:42:47,180 ERROR    [FetchInput] /compute_grasps service failed → exiting: failed
2026-04-15 15:42:47,181 DEBUG    [TaskSelector] Evaluating zone states: {'A': 'EMPTY', 'B': 'EMPTY'}  busy: {'A': False, 'B': False}
2026-04-15 15:42:47,181 INFO     [TaskSelector] → do_load (zone A empty)
2026-04-15 15:42:47,182 INFO     [FetchInput] Entering state
2026-04-15 15:42:47,184 INFO     [Service] /compute_grasps → success=False msg='No images received from PnP camera.'
2026-04-15 15:42:47,184 ERROR    [FetchInput] /compute_grasps service failed → exiting: failed
2026-04-15 15:42:47,185 DEBUG    [TaskSelector] Evaluating zone states: {'A': 'EMPTY', 'B': 'EMPTY'}  busy: {'A': False, 'B': False}
2026-04-15 15:42:47,185 INFO     [TaskSelector] → do_load (zone A empty)
2026-04-15 15:42:47,186 INFO     [FetchInput] Entering state
2026-04-15 15:42:47,188 INFO     [Service] /compute_grasps → success=False msg='No images received from PnP camera.'
2026-04-15 15:42:47,188 ERROR    [FetchInput] /compute_grasps service failed → exiting: failed
2026-04-15 15:42:47,189 DEBUG    [TaskSelector] Evaluating zone states: {'A': 'EMPTY', 'B': 'EMPTY'}  busy: {'A': False, 'B': False}
2026-04-15 15:42:47,189 INFO     [TaskSelector] → do_load (zone A empty)
2026-04-15 15:42:47,190 INFO     [FetchInput] Entering state
2026-04-15 15:42:47,192 INFO     [Service] /compute_grasps → success=False msg='No images received from PnP camera.'
2026-04-15 15:42:47,192 ERROR    [FetchInput] /compute_grasps service failed → exiting: failed
2026-04-15 15:42:47,193 DEBUG    [TaskSelector] Evaluating zone states: {'A': 'EMPTY', 'B': 'EMPTY'}  busy: {'A': False, 'B': False}
2026-04-15 15:42:47,193 INFO     [TaskSelector] → do_load (zone A empty)
2026-04-15 15:42:47,194 INFO     [FetchInput] Entering state
2026-04-15 15:42:47,196 INFO     [Service] /compute_grasps → success=False msg='No images received from PnP camera.'
2026-04-15 15:42:47,196 ERROR    [FetchInput] /compute_grasps service failed → exiting: failed
2026-04-15 15:42:47,197 DEBUG    [TaskSelector] Evaluating zone states: {'A': 'EMPTY', 'B': 'EMPTY'}  busy: {'A': False, 'B': False}
2026-04-15 15:42:47,197 INFO     [TaskSelector] → do_load (zone A empty)
2026-04-15 15:42:47,198 INFO     [FetchInput] Entering state
2026-04-15 15:42:47,200 INFO     [Service] /compute_grasps → success=False msg='No images received from PnP camera.'
2026-04-15 15:42:47,200 ERROR    [FetchInput] /compute_grasps service failed → exiting: failed
2026-04-15 15:42:47,201 DEBUG    [TaskSelector] Evaluating zone states: {'A': 'EMPTY', 'B': 'EMPTY'}  busy: {'A': False, 'B': False}
2026-04-15 15:42:47,201 INFO     [TaskSelector] → do_load (zone A empty)
2026-04-15 15:42:47,202 INFO     [FetchInput] Entering state
2026-04-15 15:42:47,204 INFO     [Service] /compute_grasps → success=False msg='No images received from PnP camera.'
2026-04-15 15:42:47,204 ERROR    [FetchInput] /compute_grasps service failed → exiting: failed
2026-04-15 15:42:47,205 DEBUG    [TaskSelector] Evaluating zone states: {'A': 'EMPTY', 'B': 'EMPTY'}  busy: {'A': False, 'B': False}
2026-04-15 15:42:47,205 INFO     [TaskSelector] → do_load (zone A empty)
2026-04-15 15:42:47,206 INFO     [FetchInput] Entering state
2026-04-15 15:42:47,212 INFO     [Service] /compute_grasps → success=False msg='No images received from PnP camera.'
2026-04-15 15:42:47,212 ERROR    [FetchInput] /compute_grasps service failed → exiting: failed
2026-04-15 15:42:47,214 DEBUG    [TaskSelector] Evaluating zone states: {'A': 'EMPTY', 'B': 'EMPTY'}  busy: {'A': False, 'B': False}
2026-04-15 15:42:47,214 INFO     [TaskSelector] → do_load (zone A empty)
2026-04-15 15:42:47,216 INFO     [FetchInput] Entering state
2026-04-15 15:42:47,219 INFO     [Service] /compute_grasps → success=False msg='No images received from PnP camera.'
2026-04-15 15:42:47,219 ERROR    [FetchInput] /compute_grasps service failed → exiting: failed
2026-04-15 15:42:47,219 DEBUG    [TaskSelector] Evaluating zone states: {'A': 'EMPTY', 'B': 'EMPTY'}  busy: {'A': False, 'B': False}
2026-04-15 15:42:47,220 INFO     [TaskSelector] → do_load (zone A empty)
2026-04-15 15:42:47,221 INFO     [FetchInput] Entering state
2026-04-15 15:42:47,230 INFO     [Service] /compute_grasps → success=False msg='No images received from PnP camera.'
2026-04-15 15:42:47,230 ERROR    [FetchInput] /compute_grasps service failed → exiting: failed
2026-04-15 15:42:47,233 DEBUG    [TaskSelector] Evaluating zone states: {'A': 'EMPTY', 'B': 'EMPTY'}  busy: {'A': False, 'B': False}
2026-04-15 15:42:47,233 INFO     [TaskSelector] → do_load (zone A empty)
2026-04-15 15:42:47,235 INFO     [FetchInput] Entering state
2026-04-15 15:42:47,239 INFO     [Service] /compute_grasps → success=False msg='No images received from PnP camera.'
2026-04-15 15:42:47,239 ERROR    [FetchInput] /compute_grasps service failed → exiting: failed
2026-04-15 15:42:47,240 DEBUG    [TaskSelector] Evaluating zone states: {'A': 'EMPTY', 'B': 'EMPTY'}  busy: {'A': False, 'B': False}
2026-04-15 15:42:47,240 INFO     [TaskSelector] → do_load (zone A empty)
2026-04-15 15:42:47,240 INFO     [FetchInput] Entering state
2026-04-15 15:42:47,243 INFO     [Service] /compute_grasps → success=False msg='No images received from PnP camera.'
2026-04-15 15:42:47,243 ERROR    [FetchInput] /compute_grasps service failed → exiting: failed
2026-04-15 15:42:47,244 DEBUG    [TaskSelector] Evaluating zone states: {'A': 'EMPTY', 'B': 'EMPTY'}  busy: {'A': False, 'B': False}
2026-04-15 15:42:47,244 INFO     [TaskSelector] → do_load (zone A empty)
2026-04-15 15:42:47,245 INFO     [FetchInput] Entering state
2026-04-15 15:42:47,248 INFO     [Service] /compute_grasps → success=False msg='No images received from PnP camera.'
2026-04-15 15:42:47,248 ERROR    [FetchInput] /compute_grasps service failed → exiting: failed
2026-04-15 15:42:47,248 DEBUG    [TaskSelector] Evaluating zone states: {'A': 'EMPTY', 'B': 'EMPTY'}  busy: {'A': False, 'B': False}
2026-04-15 15:42:47,249 INFO     [TaskSelector] → do_load (zone A empty)
2026-04-15 15:42:47,249 INFO     [FetchInput] Entering state
2026-04-15 15:42:47,251 INFO     [Service] /compute_grasps → success=False msg='No images received from PnP camera.'
2026-04-15 15:42:47,252 ERROR    [FetchInput] /compute_grasps service failed → exiting: failed
2026-04-15 15:42:47,252 DEBUG    [TaskSelector] Evaluating zone states: {'A': 'EMPTY', 'B': 'EMPTY'}  busy: {'A': False, 'B': False}
2026-04-15 15:42:47,253 INFO     [TaskSelector] → do_load (zone A empty)
2026-04-15 15:42:47,253 INFO     [FetchInput] Entering state
2026-04-15 15:42:47,256 INFO     [Service] /compute_grasps → success=False msg='No images received from PnP camera.'
2026-04-15 15:42:47,256 ERROR    [FetchInput] /compute_grasps service failed → exiting: failed
2026-04-15 15:42:47,257 DEBUG    [TaskSelector] Evaluating zone states: {'A': 'EMPTY', 'B': 'EMPTY'}  busy: {'A': False, 'B': False}
2026-04-15 15:42:47,257 INFO     [TaskSelector] → do_load (zone A empty)
2026-04-15 15:42:47,258 INFO     [FetchInput] Entering state
2026-04-15 15:42:47,260 INFO     [Service] /compute_grasps → success=False msg='No images received from PnP camera.'
2026-04-15 15:42:47,260 ERROR    [FetchInput] /compute_grasps service failed → exiting: failed
2026-04-15 15:42:47,261 DEBUG    [TaskSelector] Evaluating zone states: {'A': 'EMPTY', 'B': 'EMPTY'}  busy: {'A': False, 'B': False}
2026-04-15 15:42:47,261 INFO     [TaskSelector] → do_load (zone A empty)
2026-04-15 15:42:47,262 INFO     [FetchInput] Entering state
2026-04-15 15:42:47,265 INFO     [Service] /compute_grasps → success=False msg='No images received from PnP camera.'
2026-04-15 15:42:47,265 ERROR    [FetchInput] /compute_grasps service failed → exiting: failed
2026-04-15 15:42:47,266 DEBUG    [TaskSelector] Evaluating zone states: {'A': 'EMPTY', 'B': 'EMPTY'}  busy: {'A': False, 'B': False}
2026-04-15 15:42:47,266 INFO     [TaskSelector] → do_load (zone A empty)
2026-04-15 15:42:47,267 INFO     [FetchInput] Entering state
2026-04-15 15:42:47,269 INFO     [Service] /compute_grasps → success=False msg='No images received from PnP camera.'
2026-04-15 15:42:47,269 ERROR    [FetchInput] /compute_grasps service failed → exiting: failed
2026-04-15 15:42:47,270 DEBUG    [TaskSelector] Evaluating zone states: {'A': 'EMPTY', 'B': 'EMPTY'}  busy: {'A': False, 'B': False}
2026-04-15 15:42:47,270 INFO     [TaskSelector] → do_load (zone A empty)
2026-04-15 15:42:47,271 INFO     [FetchInput] Entering state
2026-04-15 15:42:47,273 INFO     [Service] /compute_grasps → success=False msg='No images received from PnP camera.'
2026-04-15 15:42:47,273 ERROR    [FetchInput] /compute_grasps service failed → exiting: failed
2026-04-15 15:42:47,275 DEBUG    [TaskSelector] Evaluating zone states: {'A': 'EMPTY', 'B': 'EMPTY'}  busy: {'A': False, 'B': False}
2026-04-15 15:42:47,275 INFO     [TaskSelector] → do_load (zone A empty)
2026-04-15 15:42:47,278 INFO     [FetchInput] Entering state
2026-04-15 15:42:47,284 INFO     [Service] /compute_grasps → success=False msg='No images received from PnP camera.'
2026-04-15 15:42:47,285 ERROR    [FetchInput] /compute_grasps service failed → exiting: failed
2026-04-15 15:42:47,285 DEBUG    [TaskSelector] Evaluating zone states: {'A': 'EMPTY', 'B': 'EMPTY'}  busy: {'A': False, 'B': False}
2026-04-15 15:42:47,286 INFO     [TaskSelector] → do_load (zone A empty)
2026-04-15 15:42:47,286 INFO     [FetchInput] Entering state
2026-04-15 15:42:47,292 INFO     [Service] /compute_grasps → success=False msg='No images received from PnP camera.'
2026-04-15 15:42:47,292 ERROR    [FetchInput] /compute_grasps service failed → exiting: failed
2026-04-15 15:42:47,294 DEBUG    [TaskSelector] Evaluating zone states: {'A': 'EMPTY', 'B': 'EMPTY'}  busy: {'A': False, 'B': False}
2026-04-15 15:42:47,294 INFO     [TaskSelector] → do_load (zone A empty)
2026-04-15 15:42:47,295 INFO     [FetchInput] Entering state
2026-04-15 15:42:47,301 INFO     [Service] /compute_grasps → success=False msg='No images received from PnP camera.'
2026-04-15 15:42:47,301 ERROR    [FetchInput] /compute_grasps service failed → exiting: failed
2026-04-15 15:42:47,303 DEBUG    [TaskSelector] Evaluating zone states: {'A': 'EMPTY', 'B': 'EMPTY'}  busy: {'A': False, 'B': False}
2026-04-15 15:42:47,303 INFO     [TaskSelector] → do_load (zone A empty)
2026-04-15 15:42:47,304 INFO     [FetchInput] Entering state
2026-04-15 15:42:47,307 INFO     [Service] /compute_grasps → success=False msg='No images received from PnP camera.'
2026-04-15 15:42:47,307 ERROR    [FetchInput] /compute_grasps service failed → exiting: failed
2026-04-15 15:42:47,307 DEBUG    [TaskSelector] Evaluating zone states: {'A': 'EMPTY', 'B': 'EMPTY'}  busy: {'A': False, 'B': False}
2026-04-15 15:42:47,307 INFO     [TaskSelector] → do_load (zone A empty)
2026-04-15 15:42:47,309 INFO     [FetchInput] Entering state
2026-04-15 15:42:47,312 INFO     [Service] /compute_grasps → success=False msg='No images received from PnP camera.'
2026-04-15 15:42:47,312 ERROR    [FetchInput] /compute_grasps service failed → exiting: failed
2026-04-15 15:42:47,313 DEBUG    [TaskSelector] Evaluating zone states: {'A': 'EMPTY', 'B': 'EMPTY'}  busy: {'A': False, 'B': False}
2026-04-15 15:42:47,313 INFO     [TaskSelector] → do_load (zone A empty)
2026-04-15 15:42:47,314 INFO     [FetchInput] Entering state
2026-04-15 15:42:47,316 INFO     [Service] /compute_grasps → success=False msg='No images received from PnP camera.'
2026-04-15 15:42:47,316 ERROR    [FetchInput] /compute_grasps service failed → exiting: failed
2026-04-15 15:42:47,317 DEBUG    [TaskSelector] Evaluating zone states: {'A': 'EMPTY', 'B': 'EMPTY'}  busy: {'A': False, 'B': False}
2026-04-15 15:42:47,317 INFO     [TaskSelector] → do_load (zone A empty)
2026-04-15 15:42:47,317 INFO     [FetchInput] Entering state
2026-04-15 15:42:47,320 INFO     [Service] /compute_grasps → success=False msg='No images received from PnP camera.'
2026-04-15 15:42:47,320 ERROR    [FetchInput] /compute_grasps service failed → exiting: failed
2026-04-15 15:42:47,320 DEBUG    [TaskSelector] Evaluating zone states: {'A': 'EMPTY', 'B': 'EMPTY'}  busy: {'A': False, 'B': False}
2026-04-15 15:42:47,320 INFO     [TaskSelector] → do_load (zone A empty)
2026-04-15 15:42:47,321 INFO     [FetchInput] Entering state
2026-04-15 15:42:47,323 INFO     [Service] /compute_grasps → success=False msg='No images received from PnP camera.'
2026-04-15 15:42:47,324 ERROR    [FetchInput] /compute_grasps service failed → exiting: failed
2026-04-15 15:42:47,325 DEBUG    [TaskSelector] Evaluating zone states: {'A': 'EMPTY', 'B': 'EMPTY'}  busy: {'A': False, 'B': False}
2026-04-15 15:42:47,325 INFO     [TaskSelector] → do_load (zone A empty)
2026-04-15 15:42:47,326 INFO     [FetchInput] Entering state
2026-04-15 15:42:47,329 INFO     [Service] /compute_grasps → success=False msg='No images received from PnP camera.'
2026-04-15 15:42:47,329 ERROR    [FetchInput] /compute_grasps service failed → exiting: failed
2026-04-15 15:42:47,330 DEBUG    [TaskSelector] Evaluating zone states: {'A': 'EMPTY', 'B': 'EMPTY'}  busy: {'A': False, 'B': False}
2026-04-15 15:42:47,330 INFO     [TaskSelector] → do_load (zone A empty)
2026-04-15 15:42:47,331 INFO     [FetchInput] Entering state
2026-04-15 15:42:47,333 INFO     [Service] /compute_grasps → success=False msg='No images received from PnP camera.'
2026-04-15 15:42:47,333 ERROR    [FetchInput] /compute_grasps service failed → exiting: failed
2026-04-15 15:42:47,334 DEBUG    [TaskSelector] Evaluating zone states: {'A': 'EMPTY', 'B': 'EMPTY'}  busy: {'A': False, 'B': False}
2026-04-15 15:42:47,334 INFO     [TaskSelector] → do_load (zone A empty)
2026-04-15 15:42:47,335 INFO     [FetchInput] Entering state
2026-04-15 15:42:47,338 INFO     [Service] /compute_grasps → success=False msg='No images received from PnP camera.'
2026-04-15 15:42:47,339 ERROR    [FetchInput] /compute_grasps service failed → exiting: failed
2026-04-15 15:42:47,339 DEBUG    [TaskSelector] Evaluating zone states: {'A': 'EMPTY', 'B': 'EMPTY'}  busy: {'A': False, 'B': False}
2026-04-15 15:42:47,339 INFO     [TaskSelector] → do_load (zone A empty)
2026-04-15 15:42:47,340 INFO     [FetchInput] Entering state
2026-04-15 15:42:47,346 INFO     [Service] /compute_grasps → success=False msg='No images received from PnP camera.'
2026-04-15 15:42:47,346 ERROR    [FetchInput] /compute_grasps service failed → exiting: failed
2026-04-15 15:42:47,348 DEBUG    [TaskSelector] Evaluating zone states: {'A': 'EMPTY', 'B': 'EMPTY'}  busy: {'A': False, 'B': False}
2026-04-15 15:42:47,348 INFO     [TaskSelector] → do_load (zone A empty)
2026-04-15 15:42:47,349 INFO     [FetchInput] Entering state
2026-04-15 15:42:47,352 INFO     [Service] /compute_grasps → success=False msg='No images received from PnP camera.'
2026-04-15 15:42:47,352 ERROR    [FetchInput] /compute_grasps service failed → exiting: failed
2026-04-15 15:42:47,354 DEBUG    [TaskSelector] Evaluating zone states: {'A': 'EMPTY', 'B': 'EMPTY'}  busy: {'A': False, 'B': False}
2026-04-15 15:42:47,354 INFO     [TaskSelector] → do_load (zone A empty)
2026-04-15 15:42:47,356 INFO     [FetchInput] Entering state
2026-04-15 15:42:47,362 INFO     [Service] /compute_grasps → success=False msg='No images received from PnP camera.'
2026-04-15 15:42:47,363 ERROR    [FetchInput] /compute_grasps service failed → exiting: failed
2026-04-15 15:42:47,366 DEBUG    [TaskSelector] Evaluating zone states: {'A': 'EMPTY', 'B': 'EMPTY'}  busy: {'A': False, 'B': False}
2026-04-15 15:42:47,366 INFO     [TaskSelector] → do_load (zone A empty)
2026-04-15 15:42:47,368 INFO     [FetchInput] Entering state
2026-04-15 15:42:47,371 INFO     [Service] /compute_grasps → success=False msg='No images received from PnP camera.'
2026-04-15 15:42:47,371 ERROR    [FetchInput] /compute_grasps service failed → exiting: failed
2026-04-15 15:42:47,372 DEBUG    [TaskSelector] Evaluating zone states: {'A': 'EMPTY', 'B': 'EMPTY'}  busy: {'A': False, 'B': False}
2026-04-15 15:42:47,372 INFO     [TaskSelector] → do_load (zone A empty)
2026-04-15 15:42:47,373 INFO     [FetchInput] Entering state
2026-04-15 15:42:47,376 INFO     [Service] /compute_grasps → success=False msg='No images received from PnP camera.'
2026-04-15 15:42:47,376 ERROR    [FetchInput] /compute_grasps service failed → exiting: failed
2026-04-15 15:42:47,379 DEBUG    [TaskSelector] Evaluating zone states: {'A': 'EMPTY', 'B': 'EMPTY'}  busy: {'A': False, 'B': False}
2026-04-15 15:42:47,379 INFO     [TaskSelector] → do_load (zone A empty)
2026-04-15 15:42:47,380 INFO     [FetchInput] Entering state
2026-04-15 15:42:47,382 INFO     [Service] /compute_grasps → success=False msg='No images received from PnP camera.'
2026-04-15 15:42:47,382 ERROR    [FetchInput] /compute_grasps service failed → exiting: failed
2026-04-15 15:42:47,383 DEBUG    [TaskSelector] Evaluating zone states: {'A': 'EMPTY', 'B': 'EMPTY'}  busy: {'A': False, 'B': False}
2026-04-15 15:42:47,383 INFO     [TaskSelector] → do_load (zone A empty)
2026-04-15 15:42:47,384 INFO     [FetchInput] Entering state
2026-04-15 15:42:47,386 INFO     [Service] /compute_grasps → success=False msg='No images received from PnP camera.'
2026-04-15 15:42:47,386 ERROR    [FetchInput] /compute_grasps service failed → exiting: failed
2026-04-15 15:42:47,387 DEBUG    [TaskSelector] Evaluating zone states: {'A': 'EMPTY', 'B': 'EMPTY'}  busy: {'A': False, 'B': False}
2026-04-15 15:42:47,387 INFO     [TaskSelector] → do_load (zone A empty)
2026-04-15 15:42:47,388 INFO     [FetchInput] Entering state
2026-04-15 15:42:47,390 INFO     [Service] /compute_grasps → success=False msg='No images received from PnP camera.'
2026-04-15 15:42:47,390 ERROR    [FetchInput] /compute_grasps service failed → exiting: failed
2026-04-15 15:42:47,391 DEBUG    [TaskSelector] Evaluating zone states: {'A': 'EMPTY', 'B': 'EMPTY'}  busy: {'A': False, 'B': False}
2026-04-15 15:42:47,391 INFO     [TaskSelector] → do_load (zone A empty)
2026-04-15 15:42:47,392 INFO     [FetchInput] Entering state
2026-04-15 15:42:47,394 INFO     [Service] /compute_grasps → success=False msg='No images received from PnP camera.'
2026-04-15 15:42:47,395 ERROR    [FetchInput] /compute_grasps service failed → exiting: failed
2026-04-15 15:42:47,395 DEBUG    [TaskSelector] Evaluating zone states: {'A': 'EMPTY', 'B': 'EMPTY'}  busy: {'A': False, 'B': False}
2026-04-15 15:42:47,395 INFO     [TaskSelector] → do_load (zone A empty)
2026-04-15 15:42:47,396 INFO     [FetchInput] Entering state
2026-04-15 15:42:47,399 INFO     [Service] /compute_grasps → success=False msg='No images received from PnP camera.'
2026-04-15 15:42:47,399 ERROR    [FetchInput] /compute_grasps service failed → exiting: failed
2026-04-15 15:42:47,399 DEBUG    [TaskSelector] Evaluating zone states: {'A': 'EMPTY', 'B': 'EMPTY'}  busy: {'A': False, 'B': False}
2026-04-15 15:42:47,399 INFO     [TaskSelector] → do_load (zone A empty)
2026-04-15 15:42:47,400 INFO     [FetchInput] Entering state
2026-04-15 15:42:47,402 INFO     [Service] /compute_grasps → success=False msg='No images received from PnP camera.'
2026-04-15 15:42:47,402 ERROR    [FetchInput] /compute_grasps service failed → exiting: failed
2026-04-15 15:42:47,403 DEBUG    [TaskSelector] Evaluating zone states: {'A': 'EMPTY', 'B': 'EMPTY'}  busy: {'A': False, 'B': False}
2026-04-15 15:42:47,403 INFO     [TaskSelector] → do_load (zone A empty)
2026-04-15 15:42:47,404 INFO     [FetchInput] Entering state
2026-04-15 15:42:47,406 INFO     [Service] /compute_grasps → success=False msg='No images received from PnP camera.'
2026-04-15 15:42:47,406 ERROR    [FetchInput] /compute_grasps service failed → exiting: failed
2026-04-15 15:42:47,408 DEBUG    [TaskSelector] Evaluating zone states: {'A': 'EMPTY', 'B': 'EMPTY'}  busy: {'A': False, 'B': False}
2026-04-15 15:42:47,409 INFO     [TaskSelector] → do_load (zone A empty)
2026-04-15 15:42:47,410 INFO     [FetchInput] Entering state
2026-04-15 15:42:47,414 INFO     [Service] /compute_grasps → success=False msg='No images received from PnP camera.'
2026-04-15 15:42:47,415 ERROR    [FetchInput] /compute_grasps service failed → exiting: failed
2026-04-15 15:42:47,416 DEBUG    [TaskSelector] Evaluating zone states: {'A': 'EMPTY', 'B': 'EMPTY'}  busy: {'A': False, 'B': False}
2026-04-15 15:42:47,416 INFO     [TaskSelector] → do_load (zone A empty)
2026-04-15 15:42:47,417 INFO     [FetchInput] Entering state
2026-04-15 15:42:47,422 INFO     [Service] /compute_grasps → success=False msg='No images received from PnP camera.'
2026-04-15 15:42:47,422 ERROR    [FetchInput] /compute_grasps service failed → exiting: failed
2026-04-15 15:42:47,424 DEBUG    [TaskSelector] Evaluating zone states: {'A': 'EMPTY', 'B': 'EMPTY'}  busy: {'A': False, 'B': False}
2026-04-15 15:42:47,424 INFO     [TaskSelector] → do_load (zone A empty)
2026-04-15 15:42:47,425 INFO     [FetchInput] Entering state
2026-04-15 15:42:47,431 INFO     [Service] /compute_grasps → success=False msg='No images received from PnP camera.'
2026-04-15 15:42:47,431 ERROR    [FetchInput] /compute_grasps service failed → exiting: failed
2026-04-15 15:42:47,433 DEBUG    [TaskSelector] Evaluating zone states: {'A': 'EMPTY', 'B': 'EMPTY'}  busy: {'A': False, 'B': False}
2026-04-15 15:42:47,433 INFO     [TaskSelector] → do_load (zone A empty)
2026-04-15 15:42:47,435 INFO     [FetchInput] Entering state
2026-04-15 15:42:47,437 INFO     [Service] /compute_grasps → success=False msg='No images received from PnP camera.'
2026-04-15 15:42:47,438 ERROR    [FetchInput] /compute_grasps service failed → exiting: failed
2026-04-15 15:42:47,438 DEBUG    [TaskSelector] Evaluating zone states: {'A': 'EMPTY', 'B': 'EMPTY'}  busy: {'A': False, 'B': False}
2026-04-15 15:42:47,439 INFO     [TaskSelector] → do_load (zone A empty)
2026-04-15 15:42:47,439 INFO     [FetchInput] Entering state
2026-04-15 15:42:47,442 INFO     [Service] /compute_grasps → success=False msg='No images received from PnP camera.'
2026-04-15 15:42:47,442 ERROR    [FetchInput] /compute_grasps service failed → exiting: failed
2026-04-15 15:42:47,443 DEBUG    [TaskSelector] Evaluating zone states: {'A': 'EMPTY', 'B': 'EMPTY'}  busy: {'A': False, 'B': False}
2026-04-15 15:42:47,443 INFO     [TaskSelector] → do_load (zone A empty)
2026-04-15 15:42:47,444 INFO     [FetchInput] Entering state
2026-04-15 15:42:47,446 INFO     [Service] /compute_grasps → success=False msg='No images received from PnP camera.'
2026-04-15 15:42:47,447 ERROR    [FetchInput] /compute_grasps service failed → exiting: failed
2026-04-15 15:42:47,447 DEBUG    [TaskSelector] Evaluating zone states: {'A': 'EMPTY', 'B': 'EMPTY'}  busy: {'A': False, 'B': False}
2026-04-15 15:42:47,447 INFO     [TaskSelector] → do_load (zone A empty)
2026-04-15 15:42:47,449 INFO     [FetchInput] Entering state
2026-04-15 15:42:47,451 INFO     [Service] /compute_grasps → success=False msg='No images received from PnP camera.'
2026-04-15 15:42:47,451 ERROR    [FetchInput] /compute_grasps service failed → exiting: failed
2026-04-15 15:42:47,452 DEBUG    [TaskSelector] Evaluating zone states: {'A': 'EMPTY', 'B': 'EMPTY'}  busy: {'A': False, 'B': False}
2026-04-15 15:42:47,452 INFO     [TaskSelector] → do_load (zone A empty)
2026-04-15 15:42:47,453 INFO     [FetchInput] Entering state
2026-04-15 15:42:47,455 INFO     [Service] /compute_grasps → success=False msg='No images received from PnP camera.'
2026-04-15 15:42:47,455 ERROR    [FetchInput] /compute_grasps service failed → exiting: failed
2026-04-15 15:42:47,456 DEBUG    [TaskSelector] Evaluating zone states: {'A': 'EMPTY', 'B': 'EMPTY'}  busy: {'A': False, 'B': False}
2026-04-15 15:42:47,456 INFO     [TaskSelector] → do_load (zone A empty)
2026-04-15 15:42:47,456 INFO     [FetchInput] Entering state
2026-04-15 15:42:47,459 INFO     [Service] /compute_grasps → success=False msg='No images received from PnP camera.'
2026-04-15 15:42:47,460 ERROR    [FetchInput] /compute_grasps service failed → exiting: failed
2026-04-15 15:42:47,460 DEBUG    [TaskSelector] Evaluating zone states: {'A': 'EMPTY', 'B': 'EMPTY'}  busy: {'A': False, 'B': False}
2026-04-15 15:42:47,461 INFO     [TaskSelector] → do_load (zone A empty)
2026-04-15 15:42:47,461 INFO     [FetchInput] Entering state
2026-04-15 15:42:47,464 INFO     [Service] /compute_grasps → success=False msg='No images received from PnP camera.'
2026-04-15 15:42:47,464 ERROR    [FetchInput] /compute_grasps service failed → exiting: failed
2026-04-15 15:42:47,465 DEBUG    [TaskSelector] Evaluating zone states: {'A': 'EMPTY', 'B': 'EMPTY'}  busy: {'A': False, 'B': False}
2026-04-15 15:42:47,465 INFO     [TaskSelector] → do_load (zone A empty)
2026-04-15 15:42:47,466 INFO     [FetchInput] Entering state
2026-04-15 15:42:47,468 INFO     [Service] /compute_grasps → success=False msg='No images received from PnP camera.'
2026-04-15 15:42:47,468 ERROR    [FetchInput] /compute_grasps service failed → exiting: failed
2026-04-15 15:42:47,469 DEBUG    [TaskSelector] Evaluating zone states: {'A': 'EMPTY', 'B': 'EMPTY'}  busy: {'A': False, 'B': False}
2026-04-15 15:42:47,469 INFO     [TaskSelector] → do_load (zone A empty)
2026-04-15 15:42:47,470 INFO     [FetchInput] Entering state
2026-04-15 15:42:47,472 INFO     [Service] /compute_grasps → success=False msg='No images received from PnP camera.'
2026-04-15 15:42:47,472 ERROR    [FetchInput] /compute_grasps service failed → exiting: failed
2026-04-15 15:42:47,473 DEBUG    [TaskSelector] Evaluating zone states: {'A': 'EMPTY', 'B': 'EMPTY'}  busy: {'A': False, 'B': False}
2026-04-15 15:42:47,473 INFO     [TaskSelector] → do_load (zone A empty)
2026-04-15 15:42:47,474 INFO     [FetchInput] Entering state
2026-04-15 15:42:47,480 INFO     [Service] /compute_grasps → success=False msg='No images received from PnP camera.'
2026-04-15 15:42:47,481 ERROR    [FetchInput] /compute_grasps service failed → exiting: failed
2026-04-15 15:42:47,483 DEBUG    [TaskSelector] Evaluating zone states: {'A': 'EMPTY', 'B': 'EMPTY'}  busy: {'A': False, 'B': False}
2026-04-15 15:42:47,483 INFO     [TaskSelector] → do_load (zone A empty)
2026-04-15 15:42:47,484 INFO     [FetchInput] Entering state
2026-04-15 15:42:47,487 INFO     [Service] /compute_grasps → success=False msg='No images received from PnP camera.'
2026-04-15 15:42:47,488 ERROR    [FetchInput] /compute_grasps service failed → exiting: failed
2026-04-15 15:42:47,489 DEBUG    [TaskSelector] Evaluating zone states: {'A': 'EMPTY', 'B': 'EMPTY'}  busy: {'A': False, 'B': False}
2026-04-15 15:42:47,489 INFO     [TaskSelector] → do_load (zone A empty)
2026-04-15 15:42:47,491 INFO     [FetchInput] Entering state
2026-04-15 15:42:47,496 INFO     [Service] /compute_grasps → success=False msg='No images received from PnP camera.'
2026-04-15 15:42:47,496 ERROR    [FetchInput] /compute_grasps service failed → exiting: failed
2026-04-15 15:42:47,498 DEBUG    [TaskSelector] Evaluating zone states: {'A': 'EMPTY', 'B': 'EMPTY'}  busy: {'A': False, 'B': False}
2026-04-15 15:42:47,499 INFO     [TaskSelector] → do_load (zone A empty)
2026-04-15 15:42:47,500 INFO     [FetchInput] Entering state
2026-04-15 15:42:47,504 INFO     [Service] /compute_grasps → success=False msg='No images received from PnP camera.'
2026-04-15 15:42:47,504 ERROR    [FetchInput] /compute_grasps service failed → exiting: failed
2026-04-15 15:42:47,505 DEBUG    [TaskSelector] Evaluating zone states: {'A': 'EMPTY', 'B': 'EMPTY'}  busy: {'A': False, 'B': False}
2026-04-15 15:42:47,505 INFO     [TaskSelector] → do_load (zone A empty)
2026-04-15 15:42:47,506 INFO     [FetchInput] Entering state
2026-04-15 15:42:47,511 INFO     [Service] /compute_grasps → success=False msg='No images received from PnP camera.'
2026-04-15 15:42:47,511 ERROR    [FetchInput] /compute_grasps service failed → exiting: failed
2026-04-15 15:42:47,512 DEBUG    [TaskSelector] Evaluating zone states: {'A': 'EMPTY', 'B': 'EMPTY'}  busy: {'A': False, 'B': False}
2026-04-15 15:42:47,512 INFO     [TaskSelector] → do_load (zone A empty)
2026-04-15 15:42:47,513 INFO     [FetchInput] Entering state
2026-04-15 15:42:47,515 INFO     [Service] /compute_grasps → success=False msg='No images received from PnP camera.'
2026-04-15 15:42:47,515 ERROR    [FetchInput] /compute_grasps service failed → exiting: failed
2026-04-15 15:42:47,516 DEBUG    [TaskSelector] Evaluating zone states: {'A': 'EMPTY', 'B': 'EMPTY'}  busy: {'A': False, 'B': False}
2026-04-15 15:42:47,516 INFO     [TaskSelector] → do_load (zone A empty)
2026-04-15 15:42:47,517 INFO     [FetchInput] Entering state
2026-04-15 15:42:47,519 INFO     [Service] /compute_grasps → success=False msg='No images received from PnP camera.'
2026-04-15 15:42:47,519 ERROR    [FetchInput] /compute_grasps service failed → exiting: failed
2026-04-15 15:42:47,520 DEBUG    [TaskSelector] Evaluating zone states: {'A': 'EMPTY', 'B': 'EMPTY'}  busy: {'A': False, 'B': False}
2026-04-15 15:42:47,520 INFO     [TaskSelector] → do_load (zone A empty)
2026-04-15 15:42:47,521 INFO     [FetchInput] Entering state
2026-04-15 15:42:47,523 INFO     [Service] /compute_grasps → success=False msg='No images received from PnP camera.'
2026-04-15 15:42:47,523 ERROR    [FetchInput] /compute_grasps service failed → exiting: failed
2026-04-15 15:42:47,524 DEBUG    [TaskSelector] Evaluating zone states: {'A': 'EMPTY', 'B': 'EMPTY'}  busy: {'A': False, 'B': False}
2026-04-15 15:42:47,524 INFO     [TaskSelector] → do_load (zone A empty)
2026-04-15 15:42:47,525 INFO     [FetchInput] Entering state
2026-04-15 15:42:47,528 INFO     [Service] /compute_grasps → success=False msg='No images received from PnP camera.'
2026-04-15 15:42:47,528 ERROR    [FetchInput] /compute_grasps service failed → exiting: failed
2026-04-15 15:42:47,529 DEBUG    [TaskSelector] Evaluating zone states: {'A': 'EMPTY', 'B': 'EMPTY'}  busy: {'A': False, 'B': False}
2026-04-15 15:42:47,529 INFO     [TaskSelector] → do_load (zone A empty)
2026-04-15 15:42:47,529 INFO     [FetchInput] Entering state
2026-04-15 15:42:47,531 INFO     [Service] /compute_grasps → success=False msg='No images received from PnP camera.'
2026-04-15 15:42:47,532 ERROR    [FetchInput] /compute_grasps service failed → exiting: failed
2026-04-15 15:42:47,532 DEBUG    [TaskSelector] Evaluating zone states: {'A': 'EMPTY', 'B': 'EMPTY'}  busy: {'A': False, 'B': False}
2026-04-15 15:42:47,532 INFO     [TaskSelector] → do_load (zone A empty)
2026-04-15 15:42:47,533 INFO     [FetchInput] Entering state
2026-04-15 15:42:47,535 INFO     [Service] /compute_grasps → success=False msg='No images received from PnP camera.'
2026-04-15 15:42:47,535 ERROR    [FetchInput] /compute_grasps service failed → exiting: failed
2026-04-15 15:42:47,537 DEBUG    [TaskSelector] Evaluating zone states: {'A': 'EMPTY', 'B': 'EMPTY'}  busy: {'A': False, 'B': False}
2026-04-15 15:42:47,537 INFO     [TaskSelector] → do_load (zone A empty)
2026-04-15 15:42:47,538 INFO     [FetchInput] Entering state
2026-04-15 15:42:47,541 INFO     [Service] /compute_grasps → success=False msg='No images received from PnP camera.'
2026-04-15 15:42:47,541 ERROR    [FetchInput] /compute_grasps service failed → exiting: failed
2026-04-15 15:42:47,542 DEBUG    [TaskSelector] Evaluating zone states: {'A': 'EMPTY', 'B': 'EMPTY'}  busy: {'A': False, 'B': False}
2026-04-15 15:42:47,542 INFO     [TaskSelector] → do_load (zone A empty)
2026-04-15 15:42:47,544 INFO     [FetchInput] Entering state
2026-04-15 15:42:47,550 INFO     [Service] /compute_grasps → success=False msg='No images received from PnP camera.'
2026-04-15 15:42:47,550 ERROR    [FetchInput] /compute_grasps service failed → exiting: failed
2026-04-15 15:42:47,551 DEBUG    [TaskSelector] Evaluating zone states: {'A': 'EMPTY', 'B': 'EMPTY'}  busy: {'A': False, 'B': False}
2026-04-15 15:42:47,551 INFO     [TaskSelector] → do_load (zone A empty)
2026-04-15 15:42:47,552 INFO     [FetchInput] Entering state
2026-04-15 15:42:47,556 INFO     [Service] /compute_grasps → success=False msg='No images received from PnP camera.'
2026-04-15 15:42:47,556 ERROR    [FetchInput] /compute_grasps service failed → exiting: failed
2026-04-15 15:42:47,559 DEBUG    [TaskSelector] Evaluating zone states: {'A': 'EMPTY', 'B': 'EMPTY'}  busy: {'A': False, 'B': False}
2026-04-15 15:42:47,559 INFO     [TaskSelector] → do_load (zone A empty)
2026-04-15 15:42:47,561 INFO     [FetchInput] Entering state
2026-04-15 15:42:47,566 INFO     [Service] /compute_grasps → success=False msg='No images received from PnP camera.'
2026-04-15 15:42:47,566 ERROR    [FetchInput] /compute_grasps service failed → exiting: failed
2026-04-15 15:42:47,568 DEBUG    [TaskSelector] Evaluating zone states: {'A': 'EMPTY', 'B': 'EMPTY'}  busy: {'A': False, 'B': False}
2026-04-15 15:42:47,569 INFO     [TaskSelector] → do_load (zone A empty)
2026-04-15 15:42:47,570 INFO     [FetchInput] Entering state
2026-04-15 15:42:47,573 INFO     [Service] /compute_grasps → success=False msg='No images received from PnP camera.'
2026-04-15 15:42:47,573 ERROR    [FetchInput] /compute_grasps service failed → exiting: failed
2026-04-15 15:42:47,575 DEBUG    [TaskSelector] Evaluating zone states: {'A': 'EMPTY', 'B': 'EMPTY'}  busy: {'A': False, 'B': False}
2026-04-15 15:42:47,575 INFO     [TaskSelector] → do_load (zone A empty)
2026-04-15 15:42:47,578 INFO     [FetchInput] Entering state
2026-04-15 15:42:47,583 INFO     [Service] /compute_grasps → success=False msg='No images received from PnP camera.'
2026-04-15 15:42:47,583 ERROR    [FetchInput] /compute_grasps service failed → exiting: failed
2026-04-15 15:42:47,584 DEBUG    [TaskSelector] Evaluating zone states: {'A': 'EMPTY', 'B': 'EMPTY'}  busy: {'A': False, 'B': False}
2026-04-15 15:42:47,584 INFO     [TaskSelector] → do_load (zone A empty)
2026-04-15 15:42:47,585 INFO     [FetchInput] Entering state
2026-04-15 15:42:47,588 INFO     [Service] /compute_grasps → success=False msg='No images received from PnP camera.'
2026-04-15 15:42:47,588 ERROR    [FetchInput] /compute_grasps service failed → exiting: failed
2026-04-15 15:42:47,589 DEBUG    [TaskSelector] Evaluating zone states: {'A': 'EMPTY', 'B': 'EMPTY'}  busy: {'A': False, 'B': False}
2026-04-15 15:42:47,589 INFO     [TaskSelector] → do_load (zone A empty)
2026-04-15 15:42:47,589 INFO     [FetchInput] Entering state
2026-04-15 15:42:47,592 INFO     [Service] /compute_grasps → success=False msg='No images received from PnP camera.'
2026-04-15 15:42:47,592 ERROR    [FetchInput] /compute_grasps service failed → exiting: failed
2026-04-15 15:42:47,593 DEBUG    [TaskSelector] Evaluating zone states: {'A': 'EMPTY', 'B': 'EMPTY'}  busy: {'A': False, 'B': False}
2026-04-15 15:42:47,593 INFO     [TaskSelector] → do_load (zone A empty)
2026-04-15 15:42:47,594 INFO     [FetchInput] Entering state
2026-04-15 15:42:47,597 INFO     [Service] /compute_grasps → success=False msg='No images received from PnP camera.'
2026-04-15 15:42:47,597 ERROR    [FetchInput] /compute_grasps service failed → exiting: failed
2026-04-15 15:42:47,598 DEBUG    [TaskSelector] Evaluating zone states: {'A': 'EMPTY', 'B': 'EMPTY'}  busy: {'A': False, 'B': False}
2026-04-15 15:42:47,598 INFO     [TaskSelector] → do_load (zone A empty)
2026-04-15 15:42:47,599 INFO     [FetchInput] Entering state
2026-04-15 15:42:47,601 INFO     [Service] /compute_grasps → success=False msg='No images received from PnP camera.'
2026-04-15 15:42:47,601 ERROR    [FetchInput] /compute_grasps service failed → exiting: failed
2026-04-15 15:42:47,602 DEBUG    [TaskSelector] Evaluating zone states: {'A': 'EMPTY', 'B': 'EMPTY'}  busy: {'A': False, 'B': False}
2026-04-15 15:42:47,602 INFO     [TaskSelector] → do_load (zone A empty)
2026-04-15 15:42:47,603 INFO     [FetchInput] Entering state
2026-04-15 15:42:47,605 INFO     [Service] /compute_grasps → success=False msg='No images received from PnP camera.'
2026-04-15 15:42:47,605 ERROR    [FetchInput] /compute_grasps service failed → exiting: failed
2026-04-15 15:42:47,607 DEBUG    [TaskSelector] Evaluating zone states: {'A': 'EMPTY', 'B': 'EMPTY'}  busy: {'A': False, 'B': False}
2026-04-15 15:42:47,607 INFO     [TaskSelector] → do_load (zone A empty)
2026-04-15 15:42:47,608 INFO     [FetchInput] Entering state
2026-04-15 15:42:47,613 INFO     [Service] /compute_grasps → success=False msg='No images received from PnP camera.'
2026-04-15 15:42:47,613 ERROR    [FetchInput] /compute_grasps service failed → exiting: failed
2026-04-15 15:42:47,615 DEBUG    [TaskSelector] Evaluating zone states: {'A': 'EMPTY', 'B': 'EMPTY'}  busy: {'A': False, 'B': False}
2026-04-15 15:42:47,615 INFO     [TaskSelector] → do_load (zone A empty)
2026-04-15 15:42:47,616 INFO     [FetchInput] Entering state
2026-04-15 15:42:47,620 INFO     [Service] /compute_grasps → success=False msg='No images received from PnP camera.'
2026-04-15 15:42:47,620 ERROR    [FetchInput] /compute_grasps service failed → exiting: failed
2026-04-15 15:42:47,621 DEBUG    [TaskSelector] Evaluating zone states: {'A': 'EMPTY', 'B': 'EMPTY'}  busy: {'A': False, 'B': False}
2026-04-15 15:42:47,621 INFO     [TaskSelector] → do_load (zone A empty)
2026-04-15 15:42:47,621 INFO     [FetchInput] Entering state
2026-04-15 15:42:47,630 INFO     [Service] /compute_grasps → success=False msg='No images received from PnP camera.'
2026-04-15 15:42:47,631 ERROR    [FetchInput] /compute_grasps service failed → exiting: failed
2026-04-15 15:42:47,634 DEBUG    [TaskSelector] Evaluating zone states: {'A': 'EMPTY', 'B': 'EMPTY'}  busy: {'A': False, 'B': False}
2026-04-15 15:42:47,634 INFO     [TaskSelector] → do_load (zone A empty)
2026-04-15 15:42:47,635 INFO     [FetchInput] Entering state
2026-04-15 15:42:47,638 INFO     [Service] /compute_grasps → success=False msg='No images received from PnP camera.'
2026-04-15 15:42:47,639 ERROR    [FetchInput] /compute_grasps service failed → exiting: failed
2026-04-15 15:42:47,640 DEBUG    [TaskSelector] Evaluating zone states: {'A': 'EMPTY', 'B': 'EMPTY'}  busy: {'A': False, 'B': False}
2026-04-15 15:42:47,640 INFO     [TaskSelector] → do_load (zone A empty)
2026-04-15 15:42:47,640 INFO     [FetchInput] Entering state
2026-04-15 15:42:47,643 INFO     [Service] /compute_grasps → success=False msg='No images received from PnP camera.'
2026-04-15 15:42:47,643 ERROR    [FetchInput] /compute_grasps service failed → exiting: failed
2026-04-15 15:42:47,645 DEBUG    [TaskSelector] Evaluating zone states: {'A': 'EMPTY', 'B': 'EMPTY'}  busy: {'A': False, 'B': False}
2026-04-15 15:42:47,646 INFO     [TaskSelector] → do_load (zone A empty)
2026-04-15 15:42:47,646 INFO     [FetchInput] Entering state
2026-04-15 15:42:47,649 INFO     [Service] /compute_grasps → success=False msg='No images received from PnP camera.'
2026-04-15 15:42:47,649 ERROR    [FetchInput] /compute_grasps service failed → exiting: failed
2026-04-15 15:42:47,650 DEBUG    [TaskSelector] Evaluating zone states: {'A': 'EMPTY', 'B': 'EMPTY'}  busy: {'A': False, 'B': False}
2026-04-15 15:42:47,650 INFO     [TaskSelector] → do_load (zone A empty)
2026-04-15 15:42:47,650 INFO     [FetchInput] Entering state
2026-04-15 15:42:47,653 INFO     [Service] /compute_grasps → success=False msg='No images received from PnP camera.'
2026-04-15 15:42:47,653 ERROR    [FetchInput] /compute_grasps service failed → exiting: failed
2026-04-15 15:42:47,653 DEBUG    [TaskSelector] Evaluating zone states: {'A': 'EMPTY', 'B': 'EMPTY'}  busy: {'A': False, 'B': False}
2026-04-15 15:42:47,654 INFO     [TaskSelector] → do_load (zone A empty)
2026-04-15 15:42:47,654 INFO     [FetchInput] Entering state
2026-04-15 15:42:47,657 INFO     [Service] /compute_grasps → success=False msg='No images received from PnP camera.'
2026-04-15 15:42:47,657 ERROR    [FetchInput] /compute_grasps service failed → exiting: failed
2026-04-15 15:42:47,658 DEBUG    [TaskSelector] Evaluating zone states: {'A': 'EMPTY', 'B': 'EMPTY'}  busy: {'A': False, 'B': False}
2026-04-15 15:42:47,659 INFO     [TaskSelector] → do_load (zone A empty)
2026-04-15 15:42:47,659 INFO     [FetchInput] Entering state
2026-04-15 15:42:47,662 INFO     [Service] /compute_grasps → success=False msg='No images received from PnP camera.'
2026-04-15 15:42:47,662 ERROR    [FetchInput] /compute_grasps service failed → exiting: failed
2026-04-15 15:42:47,662 DEBUG    [TaskSelector] Evaluating zone states: {'A': 'EMPTY', 'B': 'EMPTY'}  busy: {'A': False, 'B': False}
2026-04-15 15:42:47,662 INFO     [TaskSelector] → do_load (zone A empty)
2026-04-15 15:42:47,663 INFO     [FetchInput] Entering state
2026-04-15 15:42:47,665 INFO     [Service] /compute_grasps → success=False msg='No images received from PnP camera.'
2026-04-15 15:42:47,665 ERROR    [FetchInput] /compute_grasps service failed → exiting: failed
2026-04-15 15:42:47,666 DEBUG    [TaskSelector] Evaluating zone states: {'A': 'EMPTY', 'B': 'EMPTY'}  busy: {'A': False, 'B': False}
2026-04-15 15:42:47,667 INFO     [TaskSelector] → do_load (zone A empty)
2026-04-15 15:42:47,667 INFO     [FetchInput] Entering state
2026-04-15 15:42:47,669 INFO     [Service] /compute_grasps → success=False msg='No images received from PnP camera.'
2026-04-15 15:42:47,669 ERROR    [FetchInput] /compute_grasps service failed → exiting: failed
2026-04-15 15:42:47,670 DEBUG    [TaskSelector] Evaluating zone states: {'A': 'EMPTY', 'B': 'EMPTY'}  busy: {'A': False, 'B': False}
2026-04-15 15:42:47,670 INFO     [TaskSelector] → do_load (zone A empty)
2026-04-15 15:42:47,671 INFO     [FetchInput] Entering state
2026-04-15 15:42:47,674 INFO     [Service] /compute_grasps → success=False msg='No images received from PnP camera.'
2026-04-15 15:42:47,674 ERROR    [FetchInput] /compute_grasps service failed → exiting: failed
2026-04-15 15:42:47,675 DEBUG    [TaskSelector] Evaluating zone states: {'A': 'EMPTY', 'B': 'EMPTY'}  busy: {'A': False, 'B': False}
2026-04-15 15:42:47,675 INFO     [TaskSelector] → do_load (zone A empty)
2026-04-15 15:42:47,676 INFO     [FetchInput] Entering state
2026-04-15 15:42:47,683 INFO     [Service] /compute_grasps → success=False msg='No images received from PnP camera.'
2026-04-15 15:42:47,684 ERROR    [FetchInput] /compute_grasps service failed → exiting: failed
2026-04-15 15:42:47,685 DEBUG    [TaskSelector] Evaluating zone states: {'A': 'EMPTY', 'B': 'EMPTY'}  busy: {'A': False, 'B': False}
2026-04-15 15:42:47,685 INFO     [TaskSelector] → do_load (zone A empty)
2026-04-15 15:42:47,686 INFO     [FetchInput] Entering state
2026-04-15 15:42:47,688 INFO     [Service] /compute_grasps → success=False msg='No images received from PnP camera.'
2026-04-15 15:42:47,689 ERROR    [FetchInput] /compute_grasps service failed → exiting: failed
2026-04-15 15:42:47,690 DEBUG    [TaskSelector] Evaluating zone states: {'A': 'EMPTY', 'B': 'EMPTY'}  busy: {'A': False, 'B': False}
2026-04-15 15:42:47,690 INFO     [TaskSelector] → do_load (zone A empty)
2026-04-15 15:42:47,691 INFO     [FetchInput] Entering state
2026-04-15 15:42:47,697 INFO     [Service] /compute_grasps → success=False msg='No images received from PnP camera.'
2026-04-15 15:42:47,697 ERROR    [FetchInput] /compute_grasps service failed → exiting: failed
2026-04-15 15:42:47,699 DEBUG    [TaskSelector] Evaluating zone states: {'A': 'EMPTY', 'B': 'EMPTY'}  busy: {'A': False, 'B': False}
2026-04-15 15:42:47,700 INFO     [TaskSelector] → do_load (zone A empty)
2026-04-15 15:42:47,700 INFO     [FetchInput] Entering state
2026-04-15 15:42:47,704 INFO     [Service] /compute_grasps → success=False msg='No images received from PnP camera.'
2026-04-15 15:42:47,704 ERROR    [FetchInput] /compute_grasps service failed → exiting: failed
2026-04-15 15:42:47,705 DEBUG    [TaskSelector] Evaluating zone states: {'A': 'EMPTY', 'B': 'EMPTY'}  busy: {'A': False, 'B': False}
2026-04-15 15:42:47,705 INFO     [TaskSelector] → do_load (zone A empty)
2026-04-15 15:42:47,706 INFO     [FetchInput] Entering state
2026-04-15 15:42:47,709 INFO     [Service] /compute_grasps → success=False msg='No images received from PnP camera.'
2026-04-15 15:42:47,709 ERROR    [FetchInput] /compute_grasps service failed → exiting: failed
2026-04-15 15:42:47,710 DEBUG    [TaskSelector] Evaluating zone states: {'A': 'EMPTY', 'B': 'EMPTY'}  busy: {'A': False, 'B': False}
2026-04-15 15:42:47,710 INFO     [TaskSelector] → do_load (zone A empty)
2026-04-15 15:42:47,712 INFO     [FetchInput] Entering state
2026-04-15 15:42:47,715 INFO     [Service] /compute_grasps → success=False msg='No images received from PnP camera.'
2026-04-15 15:42:47,715 ERROR    [FetchInput] /compute_grasps service failed → exiting: failed
2026-04-15 15:42:47,715 DEBUG    [TaskSelector] Evaluating zone states: {'A': 'EMPTY', 'B': 'EMPTY'}  busy: {'A': False, 'B': False}
2026-04-15 15:42:47,716 INFO     [TaskSelector] → do_load (zone A empty)
2026-04-15 15:42:47,716 INFO     [FetchInput] Entering state
2026-04-15 15:42:47,718 INFO     [Service] /compute_grasps → success=False msg='No images received from PnP camera.'
2026-04-15 15:42:47,718 ERROR    [FetchInput] /compute_grasps service failed → exiting: failed
2026-04-15 15:42:47,719 DEBUG    [TaskSelector] Evaluating zone states: {'A': 'EMPTY', 'B': 'EMPTY'}  busy: {'A': False, 'B': False}
2026-04-15 15:42:47,719 INFO     [TaskSelector] → do_load (zone A empty)
2026-04-15 15:42:47,720 INFO     [FetchInput] Entering state
2026-04-15 15:42:47,722 INFO     [Service] /compute_grasps → success=False msg='No images received from PnP camera.'
2026-04-15 15:42:47,722 ERROR    [FetchInput] /compute_grasps service failed → exiting: failed
2026-04-15 15:42:47,723 DEBUG    [TaskSelector] Evaluating zone states: {'A': 'EMPTY', 'B': 'EMPTY'}  busy: {'A': False, 'B': False}
2026-04-15 15:42:47,723 INFO     [TaskSelector] → do_load (zone A empty)
2026-04-15 15:42:47,724 INFO     [FetchInput] Entering state
2026-04-15 15:42:47,727 INFO     [Service] /compute_grasps → success=False msg='No images received from PnP camera.'
2026-04-15 15:42:47,728 ERROR    [FetchInput] /compute_grasps service failed → exiting: failed
2026-04-15 15:42:47,728 DEBUG    [TaskSelector] Evaluating zone states: {'A': 'EMPTY', 'B': 'EMPTY'}  busy: {'A': False, 'B': False}
2026-04-15 15:42:47,729 INFO     [TaskSelector] → do_load (zone A empty)
2026-04-15 15:42:47,729 INFO     [FetchInput] Entering state
2026-04-15 15:42:47,731 INFO     [Service] /compute_grasps → success=False msg='No images received from PnP camera.'
2026-04-15 15:42:47,732 ERROR    [FetchInput] /compute_grasps service failed → exiting: failed
2026-04-15 15:42:47,732 DEBUG    [TaskSelector] Evaluating zone states: {'A': 'EMPTY', 'B': 'EMPTY'}  busy: {'A': False, 'B': False}
2026-04-15 15:42:47,732 INFO     [TaskSelector] → do_load (zone A empty)
2026-04-15 15:42:47,733 INFO     [FetchInput] Entering state
2026-04-15 15:42:47,735 INFO     [Service] /compute_grasps → success=False msg='No images received from PnP camera.'
2026-04-15 15:42:47,736 ERROR    [FetchInput] /compute_grasps service failed → exiting: failed
2026-04-15 15:42:47,736 DEBUG    [TaskSelector] Evaluating zone states: {'A': 'EMPTY', 'B': 'EMPTY'}  busy: {'A': False, 'B': False}
2026-04-15 15:42:47,736 INFO     [TaskSelector] → do_load (zone A empty)
2026-04-15 15:42:47,737 INFO     [FetchInput] Entering state
2026-04-15 15:42:47,740 INFO     [Service] /compute_grasps → success=False msg='No images received from PnP camera.'
2026-04-15 15:42:47,740 ERROR    [FetchInput] /compute_grasps service failed → exiting: failed
2026-04-15 15:42:47,741 DEBUG    [TaskSelector] Evaluating zone states: {'A': 'EMPTY', 'B': 'EMPTY'}  busy: {'A': False, 'B': False}
2026-04-15 15:42:47,741 INFO     [TaskSelector] → do_load (zone A empty)
2026-04-15 15:42:47,741 INFO     [FetchInput] Entering state
2026-04-15 15:42:47,745 INFO     [Service] /compute_grasps → success=False msg='No images received from PnP camera.'
2026-04-15 15:42:47,746 ERROR    [FetchInput] /compute_grasps service failed → exiting: failed
2026-04-15 15:42:47,748 DEBUG    [TaskSelector] Evaluating zone states: {'A': 'EMPTY', 'B': 'EMPTY'}  busy: {'A': False, 'B': False}
2026-04-15 15:42:47,748 INFO     [TaskSelector] → do_load (zone A empty)
2026-04-15 15:42:47,749 INFO     [FetchInput] Entering state
2026-04-15 15:42:47,752 INFO     [Service] /compute_grasps → success=False msg='No images received from PnP camera.'
2026-04-15 15:42:47,752 ERROR    [FetchInput] /compute_grasps service failed → exiting: failed
2026-04-15 15:42:47,753 DEBUG    [TaskSelector] Evaluating zone states: {'A': 'EMPTY', 'B': 'EMPTY'}  busy: {'A': False, 'B': False}
2026-04-15 15:42:47,753 INFO     [TaskSelector] → do_load (zone A empty)
2026-04-15 15:42:47,754 INFO     [FetchInput] Entering state
2026-04-15 15:42:47,759 INFO     [Service] /compute_grasps → success=False msg='No images received from PnP camera.'
2026-04-15 15:42:47,760 ERROR    [FetchInput] /compute_grasps service failed → exiting: failed
2026-04-15 15:42:47,762 DEBUG    [TaskSelector] Evaluating zone states: {'A': 'EMPTY', 'B': 'EMPTY'}  busy: {'A': False, 'B': False}
2026-04-15 15:42:47,762 INFO     [TaskSelector] → do_load (zone A empty)
2026-04-15 15:42:47,763 INFO     [FetchInput] Entering state
2026-04-15 15:42:47,767 INFO     [Service] /compute_grasps → success=False msg='No images received from PnP camera.'
2026-04-15 15:42:47,767 ERROR    [FetchInput] /compute_grasps service failed → exiting: failed
2026-04-15 15:42:47,770 DEBUG    [TaskSelector] Evaluating zone states: {'A': 'EMPTY', 'B': 'EMPTY'}  busy: {'A': False, 'B': False}
2026-04-15 15:42:47,770 INFO     [TaskSelector] → do_load (zone A empty)
2026-04-15 15:42:47,771 INFO     [FetchInput] Entering state
2026-04-15 15:42:47,773 INFO     [Service] /compute_grasps → success=False msg='No images received from PnP camera.'
2026-04-15 15:42:47,773 ERROR    [FetchInput] /compute_grasps service failed → exiting: failed
2026-04-15 15:42:47,774 DEBUG    [TaskSelector] Evaluating zone states: {'A': 'EMPTY', 'B': 'EMPTY'}  busy: {'A': False, 'B': False}
2026-04-15 15:42:47,774 INFO     [TaskSelector] → do_load (zone A empty)
2026-04-15 15:42:47,775 INFO     [FetchInput] Entering state
2026-04-15 15:42:47,778 INFO     [Service] /compute_grasps → success=False msg='No images received from PnP camera.'
2026-04-15 15:42:47,778 ERROR    [FetchInput] /compute_grasps service failed → exiting: failed
2026-04-15 15:42:47,780 DEBUG    [TaskSelector] Evaluating zone states: {'A': 'EMPTY', 'B': 'EMPTY'}  busy: {'A': False, 'B': False}
2026-04-15 15:42:47,780 INFO     [TaskSelector] → do_load (zone A empty)
2026-04-15 15:42:47,781 INFO     [FetchInput] Entering state
2026-04-15 15:42:47,784 INFO     [Service] /compute_grasps → success=False msg='No images received from PnP camera.'
2026-04-15 15:42:47,784 ERROR    [FetchInput] /compute_grasps service failed → exiting: failed
2026-04-15 15:42:47,784 DEBUG    [TaskSelector] Evaluating zone states: {'A': 'EMPTY', 'B': 'EMPTY'}  busy: {'A': False, 'B': False}
2026-04-15 15:42:47,784 INFO     [TaskSelector] → do_load (zone A empty)
2026-04-15 15:42:47,785 INFO     [FetchInput] Entering state
2026-04-15 15:42:47,788 INFO     [Service] /compute_grasps → success=False msg='No images received from PnP camera.'
2026-04-15 15:42:47,788 ERROR    [FetchInput] /compute_grasps service failed → exiting: failed
2026-04-15 15:42:47,789 DEBUG    [TaskSelector] Evaluating zone states: {'A': 'EMPTY', 'B': 'EMPTY'}  busy: {'A': False, 'B': False}
2026-04-15 15:42:47,789 INFO     [TaskSelector] → do_load (zone A empty)
2026-04-15 15:42:47,790 INFO     [FetchInput] Entering state
2026-04-15 15:42:47,792 INFO     [Service] /compute_grasps → success=False msg='No images received from PnP camera.'
2026-04-15 15:42:47,792 ERROR    [FetchInput] /compute_grasps service failed → exiting: failed
2026-04-15 15:42:47,793 DEBUG    [TaskSelector] Evaluating zone states: {'A': 'EMPTY', 'B': 'EMPTY'}  busy: {'A': False, 'B': False}
2026-04-15 15:42:47,793 INFO     [TaskSelector] → do_load (zone A empty)
2026-04-15 15:42:47,794 INFO     [FetchInput] Entering state
2026-04-15 15:42:47,796 INFO     [Service] /compute_grasps → success=False msg='No images received from PnP camera.'
2026-04-15 15:42:47,797 ERROR    [FetchInput] /compute_grasps service failed → exiting: failed
2026-04-15 15:42:47,797 DEBUG    [TaskSelector] Evaluating zone states: {'A': 'EMPTY', 'B': 'EMPTY'}  busy: {'A': False, 'B': False}
2026-04-15 15:42:47,797 INFO     [TaskSelector] → do_load (zone A empty)
2026-04-15 15:42:47,798 INFO     [FetchInput] Entering state
2026-04-15 15:42:47,801 INFO     [Service] /compute_grasps → success=False msg='No images received from PnP camera.'
2026-04-15 15:42:47,801 ERROR    [FetchInput] /compute_grasps service failed → exiting: failed
2026-04-15 15:42:47,801 DEBUG    [TaskSelector] Evaluating zone states: {'A': 'EMPTY', 'B': 'EMPTY'}  busy: {'A': False, 'B': False}
2026-04-15 15:42:47,802 INFO     [TaskSelector] → do_load (zone A empty)
2026-04-15 15:42:47,802 INFO     [FetchInput] Entering state
2026-04-15 15:42:47,804 INFO     [Service] /compute_grasps → success=False msg='No images received from PnP camera.'
2026-04-15 15:42:47,805 ERROR    [FetchInput] /compute_grasps service failed → exiting: failed
2026-04-15 15:42:47,805 DEBUG    [TaskSelector] Evaluating zone states: {'A': 'EMPTY', 'B': 'EMPTY'}  busy: {'A': False, 'B': False}
2026-04-15 15:42:47,805 INFO     [TaskSelector] → do_load (zone A empty)
2026-04-15 15:42:47,807 INFO     [FetchInput] Entering state
2026-04-15 15:42:47,810 INFO     [Service] /compute_grasps → success=False msg='No images received from PnP camera.'
2026-04-15 15:42:47,811 ERROR    [FetchInput] /compute_grasps service failed → exiting: failed
2026-04-15 15:42:47,813 DEBUG    [TaskSelector] Evaluating zone states: {'A': 'EMPTY', 'B': 'EMPTY'}  busy: {'A': False, 'B': False}
2026-04-15 15:42:47,813 INFO     [TaskSelector] → do_load (zone A empty)
2026-04-15 15:42:47,815 INFO     [FetchInput] Entering state
2026-04-15 15:42:47,818 INFO     [Service] /compute_grasps → success=False msg='No images received from PnP camera.'
2026-04-15 15:42:47,818 ERROR    [FetchInput] /compute_grasps service failed → exiting: failed
2026-04-15 15:42:47,819 DEBUG    [TaskSelector] Evaluating zone states: {'A': 'EMPTY', 'B': 'EMPTY'}  busy: {'A': False, 'B': False}
2026-04-15 15:42:47,819 INFO     [TaskSelector] → do_load (zone A empty)
2026-04-15 15:42:47,820 INFO     [FetchInput] Entering state
2026-04-15 15:42:47,823 INFO     [Service] /compute_grasps → success=False msg='No images received from PnP camera.'
2026-04-15 15:42:47,824 ERROR    [FetchInput] /compute_grasps service failed → exiting: failed
2026-04-15 15:42:47,826 DEBUG    [TaskSelector] Evaluating zone states: {'A': 'EMPTY', 'B': 'EMPTY'}  busy: {'A': False, 'B': False}
2026-04-15 15:42:47,826 INFO     [TaskSelector] → do_load (zone A empty)
2026-04-15 15:42:47,829 INFO     [FetchInput] Entering state
2026-04-15 15:42:47,832 INFO     [Service] /compute_grasps → success=False msg='No images received from PnP camera.'
2026-04-15 15:42:47,833 ERROR    [FetchInput] /compute_grasps service failed → exiting: failed
2026-04-15 15:42:47,834 DEBUG    [TaskSelector] Evaluating zone states: {'A': 'EMPTY', 'B': 'EMPTY'}  busy: {'A': False, 'B': False}
2026-04-15 15:42:47,834 INFO     [TaskSelector] → do_load (zone A empty)
2026-04-15 15:42:47,836 INFO     [FetchInput] Entering state
2026-04-15 15:42:47,839 INFO     [Service] /compute_grasps → success=False msg='No images received from PnP camera.'
2026-04-15 15:42:47,839 ERROR    [FetchInput] /compute_grasps service failed → exiting: failed
2026-04-15 15:42:47,841 DEBUG    [TaskSelector] Evaluating zone states: {'A': 'EMPTY', 'B': 'EMPTY'}  busy: {'A': False, 'B': False}
2026-04-15 15:42:47,841 INFO     [TaskSelector] → do_load (zone A empty)
2026-04-15 15:42:47,841 INFO     [FetchInput] Entering state
2026-04-15 15:42:47,844 INFO     [Service] /compute_grasps → success=False msg='No images received from PnP camera.'
2026-04-15 15:42:47,844 ERROR    [FetchInput] /compute_grasps service failed → exiting: failed
2026-04-15 15:42:47,845 DEBUG    [TaskSelector] Evaluating zone states: {'A': 'EMPTY', 'B': 'EMPTY'}  busy: {'A': False, 'B': False}
2026-04-15 15:42:47,846 INFO     [TaskSelector] → do_load (zone A empty)
2026-04-15 15:42:47,846 INFO     [FetchInput] Entering state
2026-04-15 15:42:47,849 INFO     [Service] /compute_grasps → success=False msg='No images received from PnP camera.'
2026-04-15 15:42:47,849 ERROR    [FetchInput] /compute_grasps service failed → exiting: failed
2026-04-15 15:42:47,850 DEBUG    [TaskSelector] Evaluating zone states: {'A': 'EMPTY', 'B': 'EMPTY'}  busy: {'A': False, 'B': False}
2026-04-15 15:42:47,850 INFO     [TaskSelector] → do_load (zone A empty)
2026-04-15 15:42:47,851 INFO     [FetchInput] Entering state
2026-04-15 15:42:47,853 INFO     [Service] /compute_grasps → success=False msg='No images received from PnP camera.'
2026-04-15 15:42:47,853 ERROR    [FetchInput] /compute_grasps service failed → exiting: failed
2026-04-15 15:42:47,854 DEBUG    [TaskSelector] Evaluating zone states: {'A': 'EMPTY', 'B': 'EMPTY'}  busy: {'A': False, 'B': False}
2026-04-15 15:42:47,854 INFO     [TaskSelector] → do_load (zone A empty)
2026-04-15 15:42:47,854 INFO     [FetchInput] Entering state
2026-04-15 15:42:47,857 INFO     [Service] /compute_grasps → success=False msg='No images received from PnP camera.'
2026-04-15 15:42:47,857 ERROR    [FetchInput] /compute_grasps service failed → exiting: failed
2026-04-15 15:42:47,858 DEBUG    [TaskSelector] Evaluating zone states: {'A': 'EMPTY', 'B': 'EMPTY'}  busy: {'A': False, 'B': False}
2026-04-15 15:42:47,858 INFO     [TaskSelector] → do_load (zone A empty)
2026-04-15 15:42:47,859 INFO     [FetchInput] Entering state
2026-04-15 15:42:47,862 INFO     [Service] /compute_grasps → success=False msg='No images received from PnP camera.'
2026-04-15 15:42:47,862 ERROR    [FetchInput] /compute_grasps service failed → exiting: failed
2026-04-15 15:42:47,863 DEBUG    [TaskSelector] Evaluating zone states: {'A': 'EMPTY', 'B': 'EMPTY'}  busy: {'A': False, 'B': False}
2026-04-15 15:42:47,863 INFO     [TaskSelector] → do_load (zone A empty)
2026-04-15 15:42:47,864 INFO     [FetchInput] Entering state
2026-04-15 15:42:47,866 INFO     [Service] /compute_grasps → success=False msg='No images received from PnP camera.'
2026-04-15 15:42:47,866 ERROR    [FetchInput] /compute_grasps service failed → exiting: failed
2026-04-15 15:42:47,867 DEBUG    [TaskSelector] Evaluating zone states: {'A': 'EMPTY', 'B': 'EMPTY'}  busy: {'A': False, 'B': False}
2026-04-15 15:42:47,867 INFO     [TaskSelector] → do_load (zone A empty)
2026-04-15 15:42:47,868 INFO     [FetchInput] Entering state
2026-04-15 15:42:47,870 INFO     [Service] /compute_grasps → success=False msg='No images received from PnP camera.'
2026-04-15 15:42:47,871 ERROR    [FetchInput] /compute_grasps service failed → exiting: failed
2026-04-15 15:42:47,872 DEBUG    [TaskSelector] Evaluating zone states: {'A': 'EMPTY', 'B': 'EMPTY'}  busy: {'A': False, 'B': False}
2026-04-15 15:42:47,872 INFO     [TaskSelector] → do_load (zone A empty)
2026-04-15 15:42:47,872 INFO     [FetchInput] Entering state
2026-04-15 15:42:47,875 INFO     [Service] /compute_grasps → success=False msg='No images received from PnP camera.'
2026-04-15 15:42:47,876 ERROR    [FetchInput] /compute_grasps service failed → exiting: failed
2026-04-15 15:42:47,878 DEBUG    [TaskSelector] Evaluating zone states: {'A': 'EMPTY', 'B': 'EMPTY'}  busy: {'A': False, 'B': False}
2026-04-15 15:42:47,878 INFO     [TaskSelector] → do_load (zone A empty)
2026-04-15 15:42:47,880 INFO     [FetchInput] Entering state
2026-04-15 15:42:47,885 INFO     [Service] /compute_grasps → success=False msg='No images received from PnP camera.'
2026-04-15 15:42:47,885 ERROR    [FetchInput] /compute_grasps service failed → exiting: failed
2026-04-15 15:42:47,886 DEBUG    [TaskSelector] Evaluating zone states: {'A': 'EMPTY', 'B': 'EMPTY'}  busy: {'A': False, 'B': False}
2026-04-15 15:42:47,886 INFO     [TaskSelector] → do_load (zone A empty)
2026-04-15 15:42:47,887 INFO     [FetchInput] Entering state
2026-04-15 15:42:47,891 INFO     [Service] /compute_grasps → success=False msg='No images received from PnP camera.'
2026-04-15 15:42:47,892 ERROR    [FetchInput] /compute_grasps service failed → exiting: failed
2026-04-15 15:42:47,894 DEBUG    [TaskSelector] Evaluating zone states: {'A': 'EMPTY', 'B': 'EMPTY'}  busy: {'A': False, 'B': False}
2026-04-15 15:42:47,894 INFO     [TaskSelector] → do_load (zone A empty)
2026-04-15 15:42:47,895 INFO     [FetchInput] Entering state
2026-04-15 15:42:47,901 INFO     [Service] /compute_grasps → success=False msg='No images received from PnP camera.'
2026-04-15 15:42:47,902 ERROR    [FetchInput] /compute_grasps service failed → exiting: failed
2026-04-15 15:42:47,903 DEBUG    [TaskSelector] Evaluating zone states: {'A': 'EMPTY', 'B': 'EMPTY'}  busy: {'A': False, 'B': False}
2026-04-15 15:42:47,904 INFO     [TaskSelector] → do_load (zone A empty)
2026-04-15 15:42:47,905 INFO     [FetchInput] Entering state
2026-04-15 15:42:47,908 INFO     [Service] /compute_grasps → success=False msg='No images received from PnP camera.'
2026-04-15 15:42:47,908 ERROR    [FetchInput] /compute_grasps service failed → exiting: failed
2026-04-15 15:42:47,909 DEBUG    [TaskSelector] Evaluating zone states: {'A': 'EMPTY', 'B': 'EMPTY'}  busy: {'A': False, 'B': False}
2026-04-15 15:42:47,909 INFO     [TaskSelector] → do_load (zone A empty)
2026-04-15 15:42:47,910 INFO     [FetchInput] Entering state
2026-04-15 15:42:47,913 INFO     [Service] /compute_grasps → success=False msg='No images received from PnP camera.'
2026-04-15 15:42:47,913 ERROR    [FetchInput] /compute_grasps service failed → exiting: failed
2026-04-15 15:42:47,913 DEBUG    [TaskSelector] Evaluating zone states: {'A': 'EMPTY', 'B': 'EMPTY'}  busy: {'A': False, 'B': False}
2026-04-15 15:42:47,914 INFO     [TaskSelector] → do_load (zone A empty)
2026-04-15 15:42:47,914 INFO     [FetchInput] Entering state
2026-04-15 15:42:47,916 INFO     [Service] /compute_grasps → success=False msg='No images received from PnP camera.'
2026-04-15 15:42:47,916 ERROR    [FetchInput] /compute_grasps service failed → exiting: failed
2026-04-15 15:42:47,917 DEBUG    [TaskSelector] Evaluating zone states: {'A': 'EMPTY', 'B': 'EMPTY'}  busy: {'A': False, 'B': False}
2026-04-15 15:42:47,917 INFO     [TaskSelector] → do_load (zone A empty)
2026-04-15 15:42:47,918 INFO     [FetchInput] Entering state
2026-04-15 15:42:47,920 INFO     [Service] /compute_grasps → success=False msg='No images received from PnP camera.'
2026-04-15 15:42:47,920 ERROR    [FetchInput] /compute_grasps service failed → exiting: failed
2026-04-15 15:42:47,920 DEBUG    [TaskSelector] Evaluating zone states: {'A': 'EMPTY', 'B': 'EMPTY'}  busy: {'A': False, 'B': False}
2026-04-15 15:42:47,920 INFO     [TaskSelector] → do_load (zone A empty)
2026-04-15 15:42:47,921 INFO     [FetchInput] Entering state
2026-04-15 15:42:47,923 INFO     [Service] /compute_grasps → success=False msg='No images received from PnP camera.'
2026-04-15 15:42:47,924 ERROR    [FetchInput] /compute_grasps service failed → exiting: failed
2026-04-15 15:42:47,926 DEBUG    [TaskSelector] Evaluating zone states: {'A': 'EMPTY', 'B': 'EMPTY'}  busy: {'A': False, 'B': False}
2026-04-15 15:42:47,926 INFO     [TaskSelector] → do_load (zone A empty)
2026-04-15 15:42:47,927 INFO     [FetchInput] Entering state
2026-04-15 15:42:47,930 INFO     [Service] /compute_grasps → success=False msg='No images received from PnP camera.'
2026-04-15 15:42:47,930 ERROR    [FetchInput] /compute_grasps service failed → exiting: failed
2026-04-15 15:42:47,931 DEBUG    [TaskSelector] Evaluating zone states: {'A': 'EMPTY', 'B': 'EMPTY'}  busy: {'A': False, 'B': False}
2026-04-15 15:42:47,931 INFO     [TaskSelector] → do_load (zone A empty)
2026-04-15 15:42:47,931 INFO     [FetchInput] Entering state
2026-04-15 15:42:47,934 INFO     [Service] /compute_grasps → success=False msg='No images received from PnP camera.'
2026-04-15 15:42:47,934 ERROR    [FetchInput] /compute_grasps service failed → exiting: failed
2026-04-15 15:42:47,935 DEBUG    [TaskSelector] Evaluating zone states: {'A': 'EMPTY', 'B': 'EMPTY'}  busy: {'A': False, 'B': False}
2026-04-15 15:42:47,935 INFO     [TaskSelector] → do_load (zone A empty)
2026-04-15 15:42:47,935 INFO     [FetchInput] Entering state
2026-04-15 15:42:47,938 INFO     [Service] /compute_grasps → success=False msg='No images received from PnP camera.'
2026-04-15 15:42:47,938 ERROR    [FetchInput] /compute_grasps service failed → exiting: failed
2026-04-15 15:42:47,939 DEBUG    [TaskSelector] Evaluating zone states: {'A': 'EMPTY', 'B': 'EMPTY'}  busy: {'A': False, 'B': False}
2026-04-15 15:42:47,939 INFO     [TaskSelector] → do_load (zone A empty)
2026-04-15 15:42:47,939 INFO     [FetchInput] Entering state
2026-04-15 15:42:47,942 INFO     [Service] /compute_grasps → success=False msg='No images received from PnP camera.'
2026-04-15 15:42:47,942 ERROR    [FetchInput] /compute_grasps service failed → exiting: failed
2026-04-15 15:42:47,943 DEBUG    [TaskSelector] Evaluating zone states: {'A': 'EMPTY', 'B': 'EMPTY'}  busy: {'A': False, 'B': False}
2026-04-15 15:42:47,943 INFO     [TaskSelector] → do_load (zone A empty)
2026-04-15 15:42:47,943 INFO     [FetchInput] Entering state
2026-04-15 15:42:47,948 INFO     [Service] /compute_grasps → success=False msg='No images received from PnP camera.'
2026-04-15 15:42:47,948 ERROR    [FetchInput] /compute_grasps service failed → exiting: failed
2026-04-15 15:42:47,949 DEBUG    [TaskSelector] Evaluating zone states: {'A': 'EMPTY', 'B': 'EMPTY'}  busy: {'A': False, 'B': False}
2026-04-15 15:42:47,950 INFO     [TaskSelector] → do_load (zone A empty)
2026-04-15 15:42:47,950 INFO     [FetchInput] Entering state
2026-04-15 15:42:47,953 INFO     [Service] /compute_grasps → success=False msg='No images received from PnP camera.'
2026-04-15 15:42:47,953 ERROR    [FetchInput] /compute_grasps service failed → exiting: failed
2026-04-15 15:42:47,954 DEBUG    [TaskSelector] Evaluating zone states: {'A': 'EMPTY', 'B': 'EMPTY'}  busy: {'A': False, 'B': False}
2026-04-15 15:42:47,954 INFO     [TaskSelector] → do_load (zone A empty)
2026-04-15 15:42:47,955 INFO     [FetchInput] Entering state
2026-04-15 15:42:47,964 INFO     [Service] /compute_grasps → success=False msg='No images received from PnP camera.'
2026-04-15 15:42:47,964 ERROR    [FetchInput] /compute_grasps service failed → exiting: failed
2026-04-15 15:42:47,967 DEBUG    [TaskSelector] Evaluating zone states: {'A': 'EMPTY', 'B': 'EMPTY'}  busy: {'A': False, 'B': False}
2026-04-15 15:42:47,967 INFO     [TaskSelector] → do_load (zone A empty)
2026-04-15 15:42:47,969 INFO     [FetchInput] Entering state
2026-04-15 15:42:47,973 INFO     [Service] /compute_grasps → success=False msg='No images received from PnP camera.'
2026-04-15 15:42:47,973 ERROR    [FetchInput] /compute_grasps service failed → exiting: failed
2026-04-15 15:42:47,974 DEBUG    [TaskSelector] Evaluating zone states: {'A': 'EMPTY', 'B': 'EMPTY'}  busy: {'A': False, 'B': False}
2026-04-15 15:42:47,974 INFO     [TaskSelector] → do_load (zone A empty)
2026-04-15 15:42:47,975 INFO     [FetchInput] Entering state
2026-04-15 15:42:47,978 INFO     [Service] /compute_grasps → success=False msg='No images received from PnP camera.'
2026-04-15 15:42:47,978 ERROR    [FetchInput] /compute_grasps service failed → exiting: failed
2026-04-15 15:42:47,980 DEBUG    [TaskSelector] Evaluating zone states: {'A': 'EMPTY', 'B': 'EMPTY'}  busy: {'A': False, 'B': False}
2026-04-15 15:42:47,980 INFO     [TaskSelector] → do_load (zone A empty)
2026-04-15 15:42:47,981 INFO     [FetchInput] Entering state
2026-04-15 15:42:47,983 INFO     [Service] /compute_grasps → success=False msg='No images received from PnP camera.'
2026-04-15 15:42:47,983 ERROR    [FetchInput] /compute_grasps service failed → exiting: failed
2026-04-15 15:42:47,984 DEBUG    [TaskSelector] Evaluating zone states: {'A': 'EMPTY', 'B': 'EMPTY'}  busy: {'A': False, 'B': False}
2026-04-15 15:42:47,984 INFO     [TaskSelector] → do_load (zone A empty)
2026-04-15 15:42:47,985 INFO     [FetchInput] Entering state
2026-04-15 15:42:47,987 INFO     [Service] /compute_grasps → success=False msg='No images received from PnP camera.'
2026-04-15 15:42:47,987 ERROR    [FetchInput] /compute_grasps service failed → exiting: failed
2026-04-15 15:42:47,988 DEBUG    [TaskSelector] Evaluating zone states: {'A': 'EMPTY', 'B': 'EMPTY'}  busy: {'A': False, 'B': False}
2026-04-15 15:42:47,988 INFO     [TaskSelector] → do_load (zone A empty)
2026-04-15 15:42:47,989 INFO     [FetchInput] Entering state
2026-04-15 15:42:47,991 INFO     [Service] /compute_grasps → success=False msg='No images received from PnP camera.'
2026-04-15 15:42:47,991 ERROR    [FetchInput] /compute_grasps service failed → exiting: failed
2026-04-15 15:42:47,992 DEBUG    [TaskSelector] Evaluating zone states: {'A': 'EMPTY', 'B': 'EMPTY'}  busy: {'A': False, 'B': False}
2026-04-15 15:42:47,992 INFO     [TaskSelector] → do_load (zone A empty)
2026-04-15 15:42:47,993 INFO     [FetchInput] Entering state
2026-04-15 15:42:47,996 INFO     [Service] /compute_grasps → success=False msg='No images received from PnP camera.'
2026-04-15 15:42:47,996 ERROR    [FetchInput] /compute_grasps service failed → exiting: failed
2026-04-15 15:42:47,997 DEBUG    [TaskSelector] Evaluating zone states: {'A': 'EMPTY', 'B': 'EMPTY'}  busy: {'A': False, 'B': False}
2026-04-15 15:42:47,997 INFO     [TaskSelector] → do_load (zone A empty)
2026-04-15 15:42:47,998 INFO     [FetchInput] Entering state
2026-04-15 15:42:48,000 INFO     [Service] /compute_grasps → success=False msg='No images received from PnP camera.'
2026-04-15 15:42:48,000 ERROR    [FetchInput] /compute_grasps service failed → exiting: failed
2026-04-15 15:42:48,001 DEBUG    [TaskSelector] Evaluating zone states: {'A': 'EMPTY', 'B': 'EMPTY'}  busy: {'A': False, 'B': False}
2026-04-15 15:42:48,001 INFO     [TaskSelector] → do_load (zone A empty)
2026-04-15 15:42:48,001 INFO     [FetchInput] Entering state
2026-04-15 15:42:48,004 INFO     [Service] /compute_grasps → success=False msg='No images received from PnP camera.'
2026-04-15 15:42:48,004 ERROR    [FetchInput] /compute_grasps service failed → exiting: failed
2026-04-15 15:42:48,004 DEBUG    [TaskSelector] Evaluating zone states: {'A': 'EMPTY', 'B': 'EMPTY'}  busy: {'A': False, 'B': False}
2026-04-15 15:42:48,004 INFO     [TaskSelector] → do_load (zone A empty)
2026-04-15 15:42:48,005 INFO     [FetchInput] Entering state
2026-04-15 15:42:48,009 INFO     [Service] /compute_grasps → success=False msg='No images received from PnP camera.'
2026-04-15 15:42:48,009 ERROR    [FetchInput] /compute_grasps service failed → exiting: failed
2026-04-15 15:42:48,010 DEBUG    [TaskSelector] Evaluating zone states: {'A': 'EMPTY', 'B': 'EMPTY'}  busy: {'A': False, 'B': False}
2026-04-15 15:42:48,010 INFO     [TaskSelector] → do_load (zone A empty)
2026-04-15 15:42:48,010 INFO     [FetchInput] Entering state
2026-04-15 15:42:48,013 INFO     [Service] /compute_grasps → success=False msg='No images received from PnP camera.'
2026-04-15 15:42:48,013 ERROR    [FetchInput] /compute_grasps service failed → exiting: failed
2026-04-15 15:42:48,014 DEBUG    [TaskSelector] Evaluating zone states: {'A': 'EMPTY', 'B': 'EMPTY'}  busy: {'A': False, 'B': False}
2026-04-15 15:42:48,014 INFO     [TaskSelector] → do_load (zone A empty)
2026-04-15 15:42:48,015 INFO     [FetchInput] Entering state
2026-04-15 15:42:48,018 INFO     [Service] /compute_grasps → success=False msg='No images received from PnP camera.'
2026-04-15 15:42:48,018 ERROR    [FetchInput] /compute_grasps service failed → exiting: failed
2026-04-15 15:42:48,019 DEBUG    [TaskSelector] Evaluating zone states: {'A': 'EMPTY', 'B': 'EMPTY'}  busy: {'A': False, 'B': False}
2026-04-15 15:42:48,019 INFO     [TaskSelector] → do_load (zone A empty)
2026-04-15 15:42:48,020 INFO     [FetchInput] Entering state
2026-04-15 15:42:48,025 INFO     [Service] /compute_grasps → success=False msg='No images received from PnP camera.'
2026-04-15 15:42:48,026 ERROR    [FetchInput] /compute_grasps service failed → exiting: failed
2026-04-15 15:42:48,029 DEBUG    [TaskSelector] Evaluating zone states: {'A': 'EMPTY', 'B': 'EMPTY'}  busy: {'A': False, 'B': False}
2026-04-15 15:42:48,029 INFO     [TaskSelector] → do_load (zone A empty)
2026-04-15 15:42:48,031 INFO     [FetchInput] Entering state
2026-04-15 15:42:48,038 INFO     [Service] /compute_grasps → success=False msg='No images received from PnP camera.'
2026-04-15 15:42:48,038 ERROR    [FetchInput] /compute_grasps service failed → exiting: failed
2026-04-15 15:42:48,039 DEBUG    [TaskSelector] Evaluating zone states: {'A': 'EMPTY', 'B': 'EMPTY'}  busy: {'A': False, 'B': False}
2026-04-15 15:42:48,039 INFO     [TaskSelector] → do_load (zone A empty)
2026-04-15 15:42:48,040 INFO     [FetchInput] Entering state
2026-04-15 15:42:48,043 INFO     [Service] /compute_grasps → success=False msg='No images received from PnP camera.'
2026-04-15 15:42:48,043 ERROR    [FetchInput] /compute_grasps service failed → exiting: failed
2026-04-15 15:42:48,044 DEBUG    [TaskSelector] Evaluating zone states: {'A': 'EMPTY', 'B': 'EMPTY'}  busy: {'A': False, 'B': False}
2026-04-15 15:42:48,044 INFO     [TaskSelector] → do_load (zone A empty)
2026-04-15 15:42:48,045 INFO     [FetchInput] Entering state
2026-04-15 15:42:48,048 INFO     [Service] /compute_grasps → success=False msg='No images received from PnP camera.'
2026-04-15 15:42:48,048 ERROR    [FetchInput] /compute_grasps service failed → exiting: failed
2026-04-15 15:42:48,049 DEBUG    [TaskSelector] Evaluating zone states: {'A': 'EMPTY', 'B': 'EMPTY'}  busy: {'A': False, 'B': False}
2026-04-15 15:42:48,049 INFO     [TaskSelector] → do_load (zone A empty)
2026-04-15 15:42:48,049 INFO     [FetchInput] Entering state
2026-04-15 15:42:48,051 INFO     [Service] /compute_grasps → success=False msg='No images received from PnP camera.'
2026-04-15 15:42:48,052 ERROR    [FetchInput] /compute_grasps service failed → exiting: failed
2026-04-15 15:42:48,052 DEBUG    [TaskSelector] Evaluating zone states: {'A': 'EMPTY', 'B': 'EMPTY'}  busy: {'A': False, 'B': False}
2026-04-15 15:42:48,052 INFO     [TaskSelector] → do_load (zone A empty)
2026-04-15 15:42:48,053 INFO     [FetchInput] Entering state
2026-04-15 15:42:48,056 INFO     [Service] /compute_grasps → success=False msg='No images received from PnP camera.'
2026-04-15 15:42:48,056 ERROR    [FetchInput] /compute_grasps service failed → exiting: failed
2026-04-15 15:42:48,057 DEBUG    [TaskSelector] Evaluating zone states: {'A': 'EMPTY', 'B': 'EMPTY'}  busy: {'A': False, 'B': False}
2026-04-15 15:42:48,057 INFO     [TaskSelector] → do_load (zone A empty)
2026-04-15 15:42:48,058 INFO     [FetchInput] Entering state
2026-04-15 15:42:48,061 INFO     [Service] /compute_grasps → success=False msg='No images received from PnP camera.'
2026-04-15 15:42:48,061 ERROR    [FetchInput] /compute_grasps service failed → exiting: failed
2026-04-15 15:42:48,062 DEBUG    [TaskSelector] Evaluating zone states: {'A': 'EMPTY', 'B': 'EMPTY'}  busy: {'A': False, 'B': False}
2026-04-15 15:42:48,062 INFO     [TaskSelector] → do_load (zone A empty)
2026-04-15 15:42:48,063 INFO     [FetchInput] Entering state
2026-04-15 15:42:48,065 INFO     [Service] /compute_grasps → success=False msg='No images received from PnP camera.'
2026-04-15 15:42:48,065 ERROR    [FetchInput] /compute_grasps service failed → exiting: failed
2026-04-15 15:42:48,066 DEBUG    [TaskSelector] Evaluating zone states: {'A': 'EMPTY', 'B': 'EMPTY'}  busy: {'A': False, 'B': False}
2026-04-15 15:42:48,066 INFO     [TaskSelector] → do_load (zone A empty)
2026-04-15 15:42:48,067 INFO     [FetchInput] Entering state
2026-04-15 15:42:48,069 INFO     [Service] /compute_grasps → success=False msg='No images received from PnP camera.'
2026-04-15 15:42:48,069 ERROR    [FetchInput] /compute_grasps service failed → exiting: failed
2026-04-15 15:42:48,070 DEBUG    [TaskSelector] Evaluating zone states: {'A': 'EMPTY', 'B': 'EMPTY'}  busy: {'A': False, 'B': False}
2026-04-15 15:42:48,070 INFO     [TaskSelector] → do_load (zone A empty)
2026-04-15 15:42:48,071 INFO     [FetchInput] Entering state
2026-04-15 15:42:48,073 INFO     [Service] /compute_grasps → success=False msg='No images received from PnP camera.'
2026-04-15 15:42:48,073 ERROR    [FetchInput] /compute_grasps service failed → exiting: failed
2026-04-15 15:42:48,075 DEBUG    [TaskSelector] Evaluating zone states: {'A': 'EMPTY', 'B': 'EMPTY'}  busy: {'A': False, 'B': False}
2026-04-15 15:42:48,075 INFO     [TaskSelector] → do_load (zone A empty)
2026-04-15 15:42:48,077 INFO     [FetchInput] Entering state
2026-04-15 15:42:48,083 INFO     [Service] /compute_grasps → success=False msg='No images received from PnP camera.'
2026-04-15 15:42:48,083 ERROR    [FetchInput] /compute_grasps service failed → exiting: failed
2026-04-15 15:42:48,085 DEBUG    [TaskSelector] Evaluating zone states: {'A': 'EMPTY', 'B': 'EMPTY'}  busy: {'A': False, 'B': False}
2026-04-15 15:42:48,086 INFO     [TaskSelector] → do_load (zone A empty)
2026-04-15 15:42:48,087 INFO     [FetchInput] Entering state
2026-04-15 15:42:48,090 INFO     [Service] /compute_grasps → success=False msg='No images received from PnP camera.'
2026-04-15 15:42:48,090 ERROR    [FetchInput] /compute_grasps service failed → exiting: failed
2026-04-15 15:42:48,092 DEBUG    [TaskSelector] Evaluating zone states: {'A': 'EMPTY', 'B': 'EMPTY'}  busy: {'A': False, 'B': False}
2026-04-15 15:42:48,092 INFO     [TaskSelector] → do_load (zone A empty)
2026-04-15 15:42:48,095 INFO     [FetchInput] Entering state
2026-04-15 15:42:48,101 INFO     [Service] /compute_grasps → success=False msg='No images received from PnP camera.'
2026-04-15 15:42:48,101 ERROR    [FetchInput] /compute_grasps service failed → exiting: failed
2026-04-15 15:42:48,103 DEBUG    [TaskSelector] Evaluating zone states: {'A': 'EMPTY', 'B': 'EMPTY'}  busy: {'A': False, 'B': False}
2026-04-15 15:42:48,103 INFO     [TaskSelector] → do_load (zone A empty)
2026-04-15 15:42:48,104 INFO     [FetchInput] Entering state
2026-04-15 15:42:48,109 INFO     [Service] /compute_grasps → success=False msg='No images received from PnP camera.'
2026-04-15 15:42:48,110 ERROR    [FetchInput] /compute_grasps service failed → exiting: failed
2026-04-15 15:42:48,111 DEBUG    [TaskSelector] Evaluating zone states: {'A': 'EMPTY', 'B': 'EMPTY'}  busy: {'A': False, 'B': False}
2026-04-15 15:42:48,111 INFO     [TaskSelector] → do_load (zone A empty)
2026-04-15 15:42:48,112 INFO     [FetchInput] Entering state
2026-04-15 15:42:48,115 INFO     [Service] /compute_grasps → success=False msg='No images received from PnP camera.'
2026-04-15 15:42:48,116 ERROR    [FetchInput] /compute_grasps service failed → exiting: failed
2026-04-15 15:42:48,116 DEBUG    [TaskSelector] Evaluating zone states: {'A': 'EMPTY', 'B': 'EMPTY'}  busy: {'A': False, 'B': False}
2026-04-15 15:42:48,117 INFO     [TaskSelector] → do_load (zone A empty)
2026-04-15 15:42:48,117 INFO     [FetchInput] Entering state
2026-04-15 15:42:48,120 INFO     [Service] /compute_grasps → success=False msg='No images received from PnP camera.'
2026-04-15 15:42:48,120 ERROR    [FetchInput] /compute_grasps service failed → exiting: failed
2026-04-15 15:42:48,121 DEBUG    [TaskSelector] Evaluating zone states: {'A': 'EMPTY', 'B': 'EMPTY'}  busy: {'A': False, 'B': False}
2026-04-15 15:42:48,121 INFO     [TaskSelector] → do_load (zone A empty)
2026-04-15 15:42:48,121 INFO     [FetchInput] Entering state
2026-04-15 15:42:48,124 INFO     [Service] /compute_grasps → success=False msg='No images received from PnP camera.'
2026-04-15 15:42:48,124 ERROR    [FetchInput] /compute_grasps service failed → exiting: failed
2026-04-15 15:42:48,125 DEBUG    [TaskSelector] Evaluating zone states: {'A': 'EMPTY', 'B': 'EMPTY'}  busy: {'A': False, 'B': False}
2026-04-15 15:42:48,125 INFO     [TaskSelector] → do_load (zone A empty)
2026-04-15 15:42:48,126 INFO     [FetchInput] Entering state
2026-04-15 15:42:48,129 INFO     [Service] /compute_grasps → success=False msg='No images received from PnP camera.'
2026-04-15 15:42:48,129 ERROR    [FetchInput] /compute_grasps service failed → exiting: failed
2026-04-15 15:42:48,130 DEBUG    [TaskSelector] Evaluating zone states: {'A': 'EMPTY', 'B': 'EMPTY'}  busy: {'A': False, 'B': False}
2026-04-15 15:42:48,130 INFO     [TaskSelector] → do_load (zone A empty)
2026-04-15 15:42:48,131 INFO     [FetchInput] Entering state
2026-04-15 15:42:48,133 INFO     [Service] /compute_grasps → success=False msg='No images received from PnP camera.'
2026-04-15 15:42:48,133 ERROR    [FetchInput] /compute_grasps service failed → exiting: failed
2026-04-15 15:42:48,134 DEBUG    [TaskSelector] Evaluating zone states: {'A': 'EMPTY', 'B': 'EMPTY'}  busy: {'A': False, 'B': False}
2026-04-15 15:42:48,134 INFO     [TaskSelector] → do_load (zone A empty)
2026-04-15 15:42:48,135 INFO     [FetchInput] Entering state
2026-04-15 15:42:48,137 INFO     [Service] /compute_grasps → success=False msg='No images received from PnP camera.'
2026-04-15 15:42:48,137 ERROR    [FetchInput] /compute_grasps service failed → exiting: failed
2026-04-15 15:42:48,138 DEBUG    [TaskSelector] Evaluating zone states: {'A': 'EMPTY', 'B': 'EMPTY'}  busy: {'A': False, 'B': False}
2026-04-15 15:42:48,138 INFO     [TaskSelector] → do_load (zone A empty)
2026-04-15 15:42:48,138 INFO     [FetchInput] Entering state
2026-04-15 15:42:48,141 INFO     [Service] /compute_grasps → success=False msg='No images received from PnP camera.'
2026-04-15 15:42:48,141 ERROR    [FetchInput] /compute_grasps service failed → exiting: failed
2026-04-15 15:42:48,142 DEBUG    [TaskSelector] Evaluating zone states: {'A': 'EMPTY', 'B': 'EMPTY'}  busy: {'A': False, 'B': False}
2026-04-15 15:42:48,142 INFO     [TaskSelector] → do_load (zone A empty)
2026-04-15 15:42:48,142 INFO     [FetchInput] Entering state
2026-04-15 15:42:48,144 INFO     [Service] /compute_grasps → success=False msg='No images received from PnP camera.'
2026-04-15 15:42:48,145 ERROR    [FetchInput] /compute_grasps service failed → exiting: failed
2026-04-15 15:42:48,145 DEBUG    [TaskSelector] Evaluating zone states: {'A': 'EMPTY', 'B': 'EMPTY'}  busy: {'A': False, 'B': False}
2026-04-15 15:42:48,145 INFO     [TaskSelector] → do_load (zone A empty)
2026-04-15 15:42:48,147 INFO     [FetchInput] Entering state
2026-04-15 15:42:48,150 INFO     [Service] /compute_grasps → success=False msg='No images received from PnP camera.'
2026-04-15 15:42:48,151 ERROR    [FetchInput] /compute_grasps service failed → exiting: failed
2026-04-15 15:42:48,152 DEBUG    [TaskSelector] Evaluating zone states: {'A': 'EMPTY', 'B': 'EMPTY'}  busy: {'A': False, 'B': False}
2026-04-15 15:42:48,152 INFO     [TaskSelector] → do_load (zone A empty)
2026-04-15 15:42:48,153 INFO     [FetchInput] Entering state
2026-04-15 15:42:48,157 INFO     [Service] /compute_grasps → success=False msg='No images received from PnP camera.'
2026-04-15 15:42:48,157 ERROR    [FetchInput] /compute_grasps service failed → exiting: failed
2026-04-15 15:42:48,161 DEBUG    [TaskSelector] Evaluating zone states: {'A': 'EMPTY', 'B': 'EMPTY'}  busy: {'A': False, 'B': False}
2026-04-15 15:42:48,161 INFO     [TaskSelector] → do_load (zone A empty)
2026-04-15 15:42:48,162 INFO     [FetchInput] Entering state
2026-04-15 15:42:48,168 INFO     [Service] /compute_grasps → success=False msg='No images received from PnP camera.'
2026-04-15 15:42:48,168 ERROR    [FetchInput] /compute_grasps service failed → exiting: failed
2026-04-15 15:42:48,169 DEBUG    [TaskSelector] Evaluating zone states: {'A': 'EMPTY', 'B': 'EMPTY'}  busy: {'A': False, 'B': False}
2026-04-15 15:42:48,169 INFO     [TaskSelector] → do_load (zone A empty)
2026-04-15 15:42:48,170 INFO     [FetchInput] Entering state
2026-04-15 15:42:48,174 INFO     [Service] /compute_grasps → success=False msg='No images received from PnP camera.'
2026-04-15 15:42:48,174 ERROR    [FetchInput] /compute_grasps service failed → exiting: failed
2026-04-15 15:42:48,175 DEBUG    [TaskSelector] Evaluating zone states: {'A': 'EMPTY', 'B': 'EMPTY'}  busy: {'A': False, 'B': False}
2026-04-15 15:42:48,176 INFO     [TaskSelector] → do_load (zone A empty)
2026-04-15 15:42:48,178 INFO     [FetchInput] Entering state
2026-04-15 15:42:48,183 INFO     [Service] /compute_grasps → success=False msg='No images received from PnP camera.'
2026-04-15 15:42:48,183 ERROR    [FetchInput] /compute_grasps service failed → exiting: failed
2026-04-15 15:42:48,184 DEBUG    [TaskSelector] Evaluating zone states: {'A': 'EMPTY', 'B': 'EMPTY'}  busy: {'A': False, 'B': False}
2026-04-15 15:42:48,184 INFO     [TaskSelector] → do_load (zone A empty)
2026-04-15 15:42:48,185 INFO     [FetchInput] Entering state
2026-04-15 15:42:48,187 INFO     [Service] /compute_grasps → success=False msg='No images received from PnP camera.'
2026-04-15 15:42:48,187 ERROR    [FetchInput] /compute_grasps service failed → exiting: failed
2026-04-15 15:42:48,188 DEBUG    [TaskSelector] Evaluating zone states: {'A': 'EMPTY', 'B': 'EMPTY'}  busy: {'A': False, 'B': False}
2026-04-15 15:42:48,188 INFO     [TaskSelector] → do_load (zone A empty)
2026-04-15 15:42:48,189 INFO     [FetchInput] Entering state
2026-04-15 15:42:48,191 INFO     [Service] /compute_grasps → success=False msg='No images received from PnP camera.'
2026-04-15 15:42:48,191 ERROR    [FetchInput] /compute_grasps service failed → exiting: failed
2026-04-15 15:42:48,192 DEBUG    [TaskSelector] Evaluating zone states: {'A': 'EMPTY', 'B': 'EMPTY'}  busy: {'A': False, 'B': False}
2026-04-15 15:42:48,192 INFO     [TaskSelector] → do_load (zone A empty)
2026-04-15 15:42:48,192 INFO     [FetchInput] Entering state
2026-04-15 15:42:48,195 INFO     [Service] /compute_grasps → success=False msg='No images received from PnP camera.'
2026-04-15 15:42:48,195 ERROR    [FetchInput] /compute_grasps service failed → exiting: failed
2026-04-15 15:42:48,195 DEBUG    [TaskSelector] Evaluating zone states: {'A': 'EMPTY', 'B': 'EMPTY'}  busy: {'A': False, 'B': False}
2026-04-15 15:42:48,195 INFO     [TaskSelector] → do_load (zone A empty)
2026-04-15 15:42:48,196 INFO     [FetchInput] Entering state
2026-04-15 15:42:48,198 INFO     [Service] /compute_grasps → success=False msg='No images received from PnP camera.'
2026-04-15 15:42:48,198 ERROR    [FetchInput] /compute_grasps service failed → exiting: failed
2026-04-15 15:42:48,199 DEBUG    [TaskSelector] Evaluating zone states: {'A': 'EMPTY', 'B': 'EMPTY'}  busy: {'A': False, 'B': False}
2026-04-15 15:42:48,199 INFO     [TaskSelector] → do_load (zone A empty)
2026-04-15 15:42:48,200 INFO     [FetchInput] Entering state
2026-04-15 15:42:48,202 INFO     [Service] /compute_grasps → success=False msg='No images received from PnP camera.'
2026-04-15 15:42:48,202 ERROR    [FetchInput] /compute_grasps service failed → exiting: failed
2026-04-15 15:42:48,202 DEBUG    [TaskSelector] Evaluating zone states: {'A': 'EMPTY', 'B': 'EMPTY'}  busy: {'A': False, 'B': False}
2026-04-15 15:42:48,202 INFO     [TaskSelector] → do_load (zone A empty)
2026-04-15 15:42:48,203 INFO     [FetchInput] Entering state
2026-04-15 15:42:48,205 INFO     [Service] /compute_grasps → success=False msg='No images received from PnP camera.'
2026-04-15 15:42:48,205 ERROR    [FetchInput] /compute_grasps service failed → exiting: failed
2026-04-15 15:42:48,206 DEBUG    [TaskSelector] Evaluating zone states: {'A': 'EMPTY', 'B': 'EMPTY'}  busy: {'A': False, 'B': False}
2026-04-15 15:42:48,207 INFO     [TaskSelector] → do_load (zone A empty)
2026-04-15 15:42:48,208 INFO     [FetchInput] Entering state
2026-04-15 15:42:48,211 INFO     [Service] /compute_grasps → success=False msg='No images received from PnP camera.'
2026-04-15 15:42:48,211 ERROR    [FetchInput] /compute_grasps service failed → exiting: failed
2026-04-15 15:42:48,211 DEBUG    [TaskSelector] Evaluating zone states: {'A': 'EMPTY', 'B': 'EMPTY'}  busy: {'A': False, 'B': False}
2026-04-15 15:42:48,211 INFO     [TaskSelector] → do_load (zone A empty)
2026-04-15 15:42:48,212 INFO     [FetchInput] Entering state
2026-04-15 15:42:48,216 INFO     [Service] /compute_grasps → success=False msg='No images received from PnP camera.'
2026-04-15 15:42:48,216 ERROR    [FetchInput] /compute_grasps service failed → exiting: failed
2026-04-15 15:42:48,219 DEBUG    [TaskSelector] Evaluating zone states: {'A': 'EMPTY', 'B': 'EMPTY'}  busy: {'A': False, 'B': False}
2026-04-15 15:42:48,219 INFO     [TaskSelector] → do_load (zone A empty)
2026-04-15 15:42:48,220 INFO     [FetchInput] Entering state
2026-04-15 15:42:48,223 INFO     [Service] /compute_grasps → success=False msg='No images received from PnP camera.'
2026-04-15 15:42:48,223 ERROR    [FetchInput] /compute_grasps service failed → exiting: failed
2026-04-15 15:42:48,224 DEBUG    [TaskSelector] Evaluating zone states: {'A': 'EMPTY', 'B': 'EMPTY'}  busy: {'A': False, 'B': False}
2026-04-15 15:42:48,224 INFO     [TaskSelector] → do_load (zone A empty)
2026-04-15 15:42:48,225 INFO     [FetchInput] Entering state
2026-04-15 15:42:48,231 INFO     [Service] /compute_grasps → success=False msg='No images received from PnP camera.'
2026-04-15 15:42:48,232 ERROR    [FetchInput] /compute_grasps service failed → exiting: failed
2026-04-15 15:42:48,233 DEBUG    [TaskSelector] Evaluating zone states: {'A': 'EMPTY', 'B': 'EMPTY'}  busy: {'A': False, 'B': False}
2026-04-15 15:42:48,233 INFO     [TaskSelector] → do_load (zone A empty)
2026-04-15 15:42:48,234 INFO     [FetchInput] Entering state
2026-04-15 15:42:48,238 INFO     [Service] /compute_grasps → success=False msg='No images received from PnP camera.'
2026-04-15 15:42:48,238 ERROR    [FetchInput] /compute_grasps service failed → exiting: failed
2026-04-15 15:42:48,239 DEBUG    [TaskSelector] Evaluating zone states: {'A': 'EMPTY', 'B': 'EMPTY'}  busy: {'A': False, 'B': False}
2026-04-15 15:42:48,239 INFO     [TaskSelector] → do_load (zone A empty)
2026-04-15 15:42:48,240 INFO     [FetchInput] Entering state
2026-04-15 15:42:48,242 INFO     [Service] /compute_grasps → success=False msg='No images received from PnP camera.'
2026-04-15 15:42:48,242 ERROR    [FetchInput] /compute_grasps service failed → exiting: failed
2026-04-15 15:42:48,243 DEBUG    [TaskSelector] Evaluating zone states: {'A': 'EMPTY', 'B': 'EMPTY'}  busy: {'A': False, 'B': False}
2026-04-15 15:42:48,243 INFO     [TaskSelector] → do_load (zone A empty)
2026-04-15 15:42:48,244 INFO     [FetchInput] Entering state
2026-04-15 15:42:48,248 INFO     [Service] /compute_grasps → success=False msg='No images received from PnP camera.'
2026-04-15 15:42:48,248 ERROR    [FetchInput] /compute_grasps service failed → exiting: failed
2026-04-15 15:42:48,249 DEBUG    [TaskSelector] Evaluating zone states: {'A': 'EMPTY', 'B': 'EMPTY'}  busy: {'A': False, 'B': False}
2026-04-15 15:42:48,249 INFO     [TaskSelector] → do_load (zone A empty)
2026-04-15 15:42:48,250 INFO     [FetchInput] Entering state
2026-04-15 15:42:48,252 INFO     [Service] /compute_grasps → success=False msg='No images received from PnP camera.'
2026-04-15 15:42:48,252 ERROR    [FetchInput] /compute_grasps service failed → exiting: failed
2026-04-15 15:42:48,252 DEBUG    [TaskSelector] Evaluating zone states: {'A': 'EMPTY', 'B': 'EMPTY'}  busy: {'A': False, 'B': False}
2026-04-15 15:42:48,253 INFO     [TaskSelector] → do_load (zone A empty)
2026-04-15 15:42:48,253 INFO     [FetchInput] Entering state
2026-04-15 15:42:48,256 INFO     [Service] /compute_grasps → success=False msg='No images received from PnP camera.'
2026-04-15 15:42:48,256 ERROR    [FetchInput] /compute_grasps service failed → exiting: failed
2026-04-15 15:42:48,257 DEBUG    [TaskSelector] Evaluating zone states: {'A': 'EMPTY', 'B': 'EMPTY'}  busy: {'A': False, 'B': False}
2026-04-15 15:42:48,257 INFO     [TaskSelector] → do_load (zone A empty)
2026-04-15 15:42:48,258 INFO     [FetchInput] Entering state
2026-04-15 15:42:48,261 INFO     [Service] /compute_grasps → success=False msg='No images received from PnP camera.'
2026-04-15 15:42:48,261 ERROR    [FetchInput] /compute_grasps service failed → exiting: failed
2026-04-15 15:42:48,262 DEBUG    [TaskSelector] Evaluating zone states: {'A': 'EMPTY', 'B': 'EMPTY'}  busy: {'A': False, 'B': False}
2026-04-15 15:42:48,262 INFO     [TaskSelector] → do_load (zone A empty)
2026-04-15 15:42:48,263 INFO     [FetchInput] Entering state
2026-04-15 15:42:48,265 INFO     [Service] /compute_grasps → success=False msg='No images received from PnP camera.'
2026-04-15 15:42:48,265 ERROR    [FetchInput] /compute_grasps service failed → exiting: failed
2026-04-15 15:42:48,266 DEBUG    [TaskSelector] Evaluating zone states: {'A': 'EMPTY', 'B': 'EMPTY'}  busy: {'A': False, 'B': False}
2026-04-15 15:42:48,266 INFO     [TaskSelector] → do_load (zone A empty)
2026-04-15 15:42:48,267 INFO     [FetchInput] Entering state
2026-04-15 15:42:48,269 INFO     [Service] /compute_grasps → success=False msg='No images received from PnP camera.'
2026-04-15 15:42:48,269 ERROR    [FetchInput] /compute_grasps service failed → exiting: failed
2026-04-15 15:42:48,270 DEBUG    [TaskSelector] Evaluating zone states: {'A': 'EMPTY', 'B': 'EMPTY'}  busy: {'A': False, 'B': False}
2026-04-15 15:42:48,270 INFO     [TaskSelector] → do_load (zone A empty)
2026-04-15 15:42:48,270 INFO     [FetchInput] Entering state
2026-04-15 15:42:48,273 INFO     [Service] /compute_grasps → success=False msg='No images received from PnP camera.'
2026-04-15 15:42:48,273 ERROR    [FetchInput] /compute_grasps service failed → exiting: failed
2026-04-15 15:42:48,274 DEBUG    [TaskSelector] Evaluating zone states: {'A': 'EMPTY', 'B': 'EMPTY'}  busy: {'A': False, 'B': False}
2026-04-15 15:42:48,274 INFO     [TaskSelector] → do_load (zone A empty)
2026-04-15 15:42:48,276 INFO     [FetchInput] Entering state
2026-04-15 15:42:48,279 INFO     [Service] /compute_grasps → success=False msg='No images received from PnP camera.'
2026-04-15 15:42:48,280 ERROR    [FetchInput] /compute_grasps service failed → exiting: failed
2026-04-15 15:42:48,282 DEBUG    [TaskSelector] Evaluating zone states: {'A': 'EMPTY', 'B': 'EMPTY'}  busy: {'A': False, 'B': False}
2026-04-15 15:42:48,282 INFO     [TaskSelector] → do_load (zone A empty)
2026-04-15 15:42:48,284 INFO     [FetchInput] Entering state
2026-04-15 15:42:48,288 INFO     [Service] /compute_grasps → success=False msg='No images received from PnP camera.'
2026-04-15 15:42:48,288 ERROR    [FetchInput] /compute_grasps service failed → exiting: failed
2026-04-15 15:42:48,289 DEBUG    [TaskSelector] Evaluating zone states: {'A': 'EMPTY', 'B': 'EMPTY'}  busy: {'A': False, 'B': False}
2026-04-15 15:42:48,289 INFO     [TaskSelector] → do_load (zone A empty)
2026-04-15 15:42:48,290 INFO     [FetchInput] Entering state
2026-04-15 15:42:48,295 INFO     [Service] /compute_grasps → success=False msg='No images received from PnP camera.'
2026-04-15 15:42:48,295 ERROR    [FetchInput] /compute_grasps service failed → exiting: failed
2026-04-15 15:42:48,299 DEBUG    [TaskSelector] Evaluating zone states: {'A': 'EMPTY', 'B': 'EMPTY'}  busy: {'A': False, 'B': False}
2026-04-15 15:42:48,299 INFO     [TaskSelector] → do_load (zone A empty)
2026-04-15 15:42:48,300 INFO     [FetchInput] Entering state
2026-04-15 15:42:48,304 INFO     [Service] /compute_grasps → success=False msg='No images received from PnP camera.'
2026-04-15 15:42:48,304 ERROR    [FetchInput] /compute_grasps service failed → exiting: failed
2026-04-15 15:42:48,306 DEBUG    [TaskSelector] Evaluating zone states: {'A': 'EMPTY', 'B': 'EMPTY'}  busy: {'A': False, 'B': False}
2026-04-15 15:42:48,306 INFO     [TaskSelector] → do_load (zone A empty)
2026-04-15 15:42:48,308 INFO     [FetchInput] Entering state
2026-04-15 15:42:48,311 INFO     [Service] /compute_grasps → success=False msg='No images received from PnP camera.'
2026-04-15 15:42:48,311 ERROR    [FetchInput] /compute_grasps service failed → exiting: failed
2026-04-15 15:42:48,313 DEBUG    [TaskSelector] Evaluating zone states: {'A': 'EMPTY', 'B': 'EMPTY'}  busy: {'A': False, 'B': False}
2026-04-15 15:42:48,313 INFO     [TaskSelector] → do_load (zone A empty)
2026-04-15 15:42:48,314 INFO     [FetchInput] Entering state
2026-04-15 15:42:48,317 INFO     [Service] /compute_grasps → success=False msg='No images received from PnP camera.'
2026-04-15 15:42:48,317 ERROR    [FetchInput] /compute_grasps service failed → exiting: failed
2026-04-15 15:42:48,318 DEBUG    [TaskSelector] Evaluating zone states: {'A': 'EMPTY', 'B': 'EMPTY'}  busy: {'A': False, 'B': False}
2026-04-15 15:42:48,318 INFO     [TaskSelector] → do_load (zone A empty)
2026-04-15 15:42:48,319 INFO     [FetchInput] Entering state
2026-04-15 15:42:48,321 INFO     [Service] /compute_grasps → success=False msg='No images received from PnP camera.'
2026-04-15 15:42:48,321 ERROR    [FetchInput] /compute_grasps service failed → exiting: failed
2026-04-15 15:42:48,322 DEBUG    [TaskSelector] Evaluating zone states: {'A': 'EMPTY', 'B': 'EMPTY'}  busy: {'A': False, 'B': False}
2026-04-15 15:42:48,322 INFO     [TaskSelector] → do_load (zone A empty)
2026-04-15 15:42:48,323 INFO     [FetchInput] Entering state
2026-04-15 15:42:48,326 INFO     [Service] /compute_grasps → success=False msg='No images received from PnP camera.'
2026-04-15 15:42:48,326 ERROR    [FetchInput] /compute_grasps service failed → exiting: failed
2026-04-15 15:42:48,327 DEBUG    [TaskSelector] Evaluating zone states: {'A': 'EMPTY', 'B': 'EMPTY'}  busy: {'A': False, 'B': False}
2026-04-15 15:42:48,327 INFO     [TaskSelector] → do_load (zone A empty)
2026-04-15 15:42:48,328 INFO     [FetchInput] Entering state
2026-04-15 15:42:48,330 INFO     [Service] /compute_grasps → success=False msg='No images received from PnP camera.'
2026-04-15 15:42:48,330 ERROR    [FetchInput] /compute_grasps service failed → exiting: failed
2026-04-15 15:42:48,331 DEBUG    [TaskSelector] Evaluating zone states: {'A': 'EMPTY', 'B': 'EMPTY'}  busy: {'A': False, 'B': False}
2026-04-15 15:42:48,331 INFO     [TaskSelector] → do_load (zone A empty)
2026-04-15 15:42:48,332 INFO     [FetchInput] Entering state
2026-04-15 15:42:48,334 INFO     [Service] /compute_grasps → success=False msg='No images received from PnP camera.'
2026-04-15 15:42:48,334 ERROR    [FetchInput] /compute_grasps service failed → exiting: failed
2026-04-15 15:42:48,335 DEBUG    [TaskSelector] Evaluating zone states: {'A': 'EMPTY', 'B': 'EMPTY'}  busy: {'A': False, 'B': False}
2026-04-15 15:42:48,335 INFO     [TaskSelector] → do_load (zone A empty)
2026-04-15 15:42:48,336 INFO     [FetchInput] Entering state
2026-04-15 15:42:48,338 INFO     [Service] /compute_grasps → success=False msg='No images received from PnP camera.'
2026-04-15 15:42:48,338 ERROR    [FetchInput] /compute_grasps service failed → exiting: failed
2026-04-15 15:42:48,339 DEBUG    [TaskSelector] Evaluating zone states: {'A': 'EMPTY', 'B': 'EMPTY'}  busy: {'A': False, 'B': False}
2026-04-15 15:42:48,339 INFO     [TaskSelector] → do_load (zone A empty)
2026-04-15 15:42:48,339 INFO     [FetchInput] Entering state
2026-04-15 15:42:48,342 INFO     [Service] /compute_grasps → success=False msg='No images received from PnP camera.'
2026-04-15 15:42:48,342 ERROR    [FetchInput] /compute_grasps service failed → exiting: failed
2026-04-15 15:42:48,343 DEBUG    [TaskSelector] Evaluating zone states: {'A': 'EMPTY', 'B': 'EMPTY'}  busy: {'A': False, 'B': False}
2026-04-15 15:42:48,343 INFO     [TaskSelector] → do_load (zone A empty)
2026-04-15 15:42:48,344 INFO     [FetchInput] Entering state
2026-04-15 15:42:48,348 INFO     [Service] /compute_grasps → success=False msg='No images received from PnP camera.'
2026-04-15 15:42:48,348 ERROR    [FetchInput] /compute_grasps service failed → exiting: failed
2026-04-15 15:42:48,349 DEBUG    [TaskSelector] Evaluating zone states: {'A': 'EMPTY', 'B': 'EMPTY'}  busy: {'A': False, 'B': False}
2026-04-15 15:42:48,350 INFO     [TaskSelector] → do_load (zone A empty)
2026-04-15 15:42:48,350 INFO     [FetchInput] Entering state
2026-04-15 15:42:48,353 INFO     [Service] /compute_grasps → success=False msg='No images received from PnP camera.'
2026-04-15 15:42:48,353 ERROR    [FetchInput] /compute_grasps service failed → exiting: failed
2026-04-15 15:42:48,354 DEBUG    [TaskSelector] Evaluating zone states: {'A': 'EMPTY', 'B': 'EMPTY'}  busy: {'A': False, 'B': False}
2026-04-15 15:42:48,354 INFO     [TaskSelector] → do_load (zone A empty)
2026-04-15 15:42:48,355 INFO     [FetchInput] Entering state
2026-04-15 15:42:48,360 INFO     [Service] /compute_grasps → success=False msg='No images received from PnP camera.'
2026-04-15 15:42:48,361 ERROR    [FetchInput] /compute_grasps service failed → exiting: failed
2026-04-15 15:42:48,362 DEBUG    [TaskSelector] Evaluating zone states: {'A': 'EMPTY', 'B': 'EMPTY'}  busy: {'A': False, 'B': False}
2026-04-15 15:42:48,363 INFO     [TaskSelector] → do_load (zone A empty)
2026-04-15 15:42:48,364 INFO     [FetchInput] Entering state
2026-04-15 15:42:48,367 INFO     [Service] /compute_grasps → success=False msg='No images received from PnP camera.'
2026-04-15 15:42:48,368 ERROR    [FetchInput] /compute_grasps service failed → exiting: failed
2026-04-15 15:42:48,370 DEBUG    [TaskSelector] Evaluating zone states: {'A': 'EMPTY', 'B': 'EMPTY'}  busy: {'A': False, 'B': False}
2026-04-15 15:42:48,370 INFO     [TaskSelector] → do_load (zone A empty)
2026-04-15 15:42:48,371 INFO     [FetchInput] Entering state
2026-04-15 15:42:48,374 INFO     [Service] /compute_grasps → success=False msg='No images received from PnP camera.'
2026-04-15 15:42:48,374 ERROR    [FetchInput] /compute_grasps service failed → exiting: failed
2026-04-15 15:42:48,375 DEBUG    [TaskSelector] Evaluating zone states: {'A': 'EMPTY', 'B': 'EMPTY'}  busy: {'A': False, 'B': False}
2026-04-15 15:42:48,375 INFO     [TaskSelector] → do_load (zone A empty)
2026-04-15 15:42:48,377 INFO     [FetchInput] Entering state
2026-04-15 15:42:48,380 INFO     [Service] /compute_grasps → success=False msg='No images received from PnP camera.'
2026-04-15 15:42:48,380 ERROR    [FetchInput] /compute_grasps service failed → exiting: failed
2026-04-15 15:42:48,382 DEBUG    [TaskSelector] Evaluating zone states: {'A': 'EMPTY', 'B': 'EMPTY'}  busy: {'A': False, 'B': False}
2026-04-15 15:42:48,382 INFO     [TaskSelector] → do_load (zone A empty)
2026-04-15 15:42:48,383 INFO     [FetchInput] Entering state
2026-04-15 15:42:48,385 INFO     [Service] /compute_grasps → success=False msg='No images received from PnP camera.'
2026-04-15 15:42:48,385 ERROR    [FetchInput] /compute_grasps service failed → exiting: failed
2026-04-15 15:42:48,386 DEBUG    [TaskSelector] Evaluating zone states: {'A': 'EMPTY', 'B': 'EMPTY'}  busy: {'A': False, 'B': False}
2026-04-15 15:42:48,386 INFO     [TaskSelector] → do_load (zone A empty)
2026-04-15 15:42:48,387 INFO     [FetchInput] Entering state
2026-04-15 15:42:48,389 INFO     [Service] /compute_grasps → success=False msg='No images received from PnP camera.'
2026-04-15 15:42:48,389 ERROR    [FetchInput] /compute_grasps service failed → exiting: failed
2026-04-15 15:42:48,390 DEBUG    [TaskSelector] Evaluating zone states: {'A': 'EMPTY', 'B': 'EMPTY'}  busy: {'A': False, 'B': False}
2026-04-15 15:42:48,390 INFO     [TaskSelector] → do_load (zone A empty)
2026-04-15 15:42:48,391 INFO     [FetchInput] Entering state
2026-04-15 15:42:48,393 INFO     [Service] /compute_grasps → success=False msg='No images received from PnP camera.'
2026-04-15 15:42:48,393 ERROR    [FetchInput] /compute_grasps service failed → exiting: failed
2026-04-15 15:42:48,394 DEBUG    [TaskSelector] Evaluating zone states: {'A': 'EMPTY', 'B': 'EMPTY'}  busy: {'A': False, 'B': False}
2026-04-15 15:42:48,394 INFO     [TaskSelector] → do_load (zone A empty)
2026-04-15 15:42:48,395 INFO     [FetchInput] Entering state
2026-04-15 15:42:48,397 INFO     [Service] /compute_grasps → success=False msg='No images received from PnP camera.'
2026-04-15 15:42:48,397 ERROR    [FetchInput] /compute_grasps service failed → exiting: failed
2026-04-15 15:42:48,397 DEBUG    [TaskSelector] Evaluating zone states: {'A': 'EMPTY', 'B': 'EMPTY'}  busy: {'A': False, 'B': False}
2026-04-15 15:42:48,398 INFO     [TaskSelector] → do_load (zone A empty)
2026-04-15 15:42:48,398 INFO     [FetchInput] Entering state
2026-04-15 15:42:48,400 INFO     [Service] /compute_grasps → success=False msg='No images received from PnP camera.'
2026-04-15 15:42:48,400 ERROR    [FetchInput] /compute_grasps service failed → exiting: failed
2026-04-15 15:42:48,401 DEBUG    [TaskSelector] Evaluating zone states: {'A': 'EMPTY', 'B': 'EMPTY'}  busy: {'A': False, 'B': False}
2026-04-15 15:42:48,401 INFO     [TaskSelector] → do_load (zone A empty)
2026-04-15 15:42:48,402 INFO     [FetchInput] Entering state
2026-04-15 15:42:48,404 INFO     [Service] /compute_grasps → success=False msg='No images received from PnP camera.'
2026-04-15 15:42:48,404 ERROR    [FetchInput] /compute_grasps service failed → exiting: failed
2026-04-15 15:42:48,405 DEBUG    [TaskSelector] Evaluating zone states: {'A': 'EMPTY', 'B': 'EMPTY'}  busy: {'A': False, 'B': False}
2026-04-15 15:42:48,405 INFO     [TaskSelector] → do_load (zone A empty)
2026-04-15 15:42:48,406 INFO     [FetchInput] Entering state
2026-04-15 15:42:48,409 INFO     [Service] /compute_grasps → success=False msg='No images received from PnP camera.'
2026-04-15 15:42:48,409 ERROR    [FetchInput] /compute_grasps service failed → exiting: failed
2026-04-15 15:42:48,410 DEBUG    [TaskSelector] Evaluating zone states: {'A': 'EMPTY', 'B': 'EMPTY'}  busy: {'A': False, 'B': False}
2026-04-15 15:42:48,410 INFO     [TaskSelector] → do_load (zone A empty)
2026-04-15 15:42:48,411 INFO     [FetchInput] Entering state
2026-04-15 15:42:48,415 INFO     [Service] /compute_grasps → success=False msg='No images received from PnP camera.'
2026-04-15 15:42:48,416 ERROR    [FetchInput] /compute_grasps service failed → exiting: failed
2026-04-15 15:42:48,417 DEBUG    [TaskSelector] Evaluating zone states: {'A': 'EMPTY', 'B': 'EMPTY'}  busy: {'A': False, 'B': False}
2026-04-15 15:42:48,417 INFO     [TaskSelector] → do_load (zone A empty)
2026-04-15 15:42:48,418 INFO     [FetchInput] Entering state
2026-04-15 15:42:48,422 INFO     [Service] /compute_grasps → success=False msg='No images received from PnP camera.'
2026-04-15 15:42:48,422 ERROR    [FetchInput] /compute_grasps service failed → exiting: failed
2026-04-15 15:42:48,423 DEBUG    [TaskSelector] Evaluating zone states: {'A': 'EMPTY', 'B': 'EMPTY'}  busy: {'A': False, 'B': False}
2026-04-15 15:42:48,423 INFO     [TaskSelector] → do_load (zone A empty)
2026-04-15 15:42:48,424 INFO     [FetchInput] Entering state
2026-04-15 15:42:48,434 INFO     [Service] /compute_grasps → success=False msg='No images received from PnP camera.'
2026-04-15 15:42:48,434 ERROR    [FetchInput] /compute_grasps service failed → exiting: failed
2026-04-15 15:42:48,436 DEBUG    [TaskSelector] Evaluating zone states: {'A': 'EMPTY', 'B': 'EMPTY'}  busy: {'A': False, 'B': False}
2026-04-15 15:42:48,437 INFO     [TaskSelector] → do_load (zone A empty)
2026-04-15 15:42:48,438 INFO     [FetchInput] Entering state
2026-04-15 15:42:48,441 INFO     [Service] /compute_grasps → success=False msg='No images received from PnP camera.'
2026-04-15 15:42:48,441 ERROR    [FetchInput] /compute_grasps service failed → exiting: failed
2026-04-15 15:42:48,442 DEBUG    [TaskSelector] Evaluating zone states: {'A': 'EMPTY', 'B': 'EMPTY'}  busy: {'A': False, 'B': False}
2026-04-15 15:42:48,443 INFO     [TaskSelector] → do_load (zone A empty)
2026-04-15 15:42:48,443 INFO     [FetchInput] Entering state
2026-04-15 15:42:48,446 INFO     [Service] /compute_grasps → success=False msg='No images received from PnP camera.'
2026-04-15 15:42:48,447 ERROR    [FetchInput] /compute_grasps service failed → exiting: failed
2026-04-15 15:42:48,448 DEBUG    [TaskSelector] Evaluating zone states: {'A': 'EMPTY', 'B': 'EMPTY'}  busy: {'A': False, 'B': False}
2026-04-15 15:42:48,448 INFO     [TaskSelector] → do_load (zone A empty)
2026-04-15 15:42:48,449 INFO     [FetchInput] Entering state
2026-04-15 15:42:48,451 INFO     [Service] /compute_grasps → success=False msg='No images received from PnP camera.'
2026-04-15 15:42:48,451 ERROR    [FetchInput] /compute_grasps service failed → exiting: failed
2026-04-15 15:42:48,452 DEBUG    [TaskSelector] Evaluating zone states: {'A': 'EMPTY', 'B': 'EMPTY'}  busy: {'A': False, 'B': False}
2026-04-15 15:42:48,452 INFO     [TaskSelector] → do_load (zone A empty)
2026-04-15 15:42:48,452 INFO     [FetchInput] Entering state
2026-04-15 15:42:48,455 INFO     [Service] /compute_grasps → success=False msg='No images received from PnP camera.'
2026-04-15 15:42:48,455 ERROR    [FetchInput] /compute_grasps service failed → exiting: failed
2026-04-15 15:42:48,455 DEBUG    [TaskSelector] Evaluating zone states: {'A': 'EMPTY', 'B': 'EMPTY'}  busy: {'A': False, 'B': False}
2026-04-15 15:42:48,456 INFO     [TaskSelector] → do_load (zone A empty)
2026-04-15 15:42:48,456 INFO     [FetchInput] Entering state
2026-04-15 15:42:48,459 INFO     [Service] /compute_grasps → success=False msg='No images received from PnP camera.'
2026-04-15 15:42:48,460 ERROR    [FetchInput] /compute_grasps service failed → exiting: failed
2026-04-15 15:42:48,460 DEBUG    [TaskSelector] Evaluating zone states: {'A': 'EMPTY', 'B': 'EMPTY'}  busy: {'A': False, 'B': False}
2026-04-15 15:42:48,460 INFO     [TaskSelector] → do_load (zone A empty)
2026-04-15 15:42:48,461 INFO     [FetchInput] Entering state
2026-04-15 15:42:48,463 INFO     [Service] /compute_grasps → success=False msg='No images received from PnP camera.'
2026-04-15 15:42:48,463 ERROR    [FetchInput] /compute_grasps service failed → exiting: failed
2026-04-15 15:42:48,464 DEBUG    [TaskSelector] Evaluating zone states: {'A': 'EMPTY', 'B': 'EMPTY'}  busy: {'A': False, 'B': False}
2026-04-15 15:42:48,464 INFO     [TaskSelector] → do_load (zone A empty)
2026-04-15 15:42:48,465 INFO     [FetchInput] Entering state
2026-04-15 15:42:48,467 INFO     [Service] /compute_grasps → success=False msg='No images received from PnP camera.'
2026-04-15 15:42:48,467 ERROR    [FetchInput] /compute_grasps service failed → exiting: failed
2026-04-15 15:42:48,468 DEBUG    [TaskSelector] Evaluating zone states: {'A': 'EMPTY', 'B': 'EMPTY'}  busy: {'A': False, 'B': False}
2026-04-15 15:42:48,468 INFO     [TaskSelector] → do_load (zone A empty)
2026-04-15 15:42:48,469 INFO     [FetchInput] Entering state
2026-04-15 15:42:48,472 INFO     [Service] /compute_grasps → success=False msg='No images received from PnP camera.'
2026-04-15 15:42:48,472 ERROR    [FetchInput] /compute_grasps service failed → exiting: failed
2026-04-15 15:42:48,472 DEBUG    [TaskSelector] Evaluating zone states: {'A': 'EMPTY', 'B': 'EMPTY'}  busy: {'A': False, 'B': False}
2026-04-15 15:42:48,473 INFO     [TaskSelector] → do_load (zone A empty)
2026-04-15 15:42:48,473 INFO     [FetchInput] Entering state
2026-04-15 15:42:48,477 INFO     [Service] /compute_grasps → success=False msg='No images received from PnP camera.'
2026-04-15 15:42:48,477 ERROR    [FetchInput] /compute_grasps service failed → exiting: failed
2026-04-15 15:42:48,478 DEBUG    [TaskSelector] Evaluating zone states: {'A': 'EMPTY', 'B': 'EMPTY'}  busy: {'A': False, 'B': False}
2026-04-15 15:42:48,478 INFO     [TaskSelector] → do_load (zone A empty)
2026-04-15 15:42:48,479 INFO     [FetchInput] Entering state
2026-04-15 15:42:48,483 INFO     [Service] /compute_grasps → success=False msg='No images received from PnP camera.'
2026-04-15 15:42:48,483 ERROR    [FetchInput] /compute_grasps service failed → exiting: failed
2026-04-15 15:42:48,484 DEBUG    [TaskSelector] Evaluating zone states: {'A': 'EMPTY', 'B': 'EMPTY'}  busy: {'A': False, 'B': False}
2026-04-15 15:42:48,484 INFO     [TaskSelector] → do_load (zone A empty)
2026-04-15 15:42:48,485 INFO     [FetchInput] Entering state
2026-04-15 15:42:48,488 INFO     [Service] /compute_grasps → success=False msg='No images received from PnP camera.'
2026-04-15 15:42:48,488 ERROR    [FetchInput] /compute_grasps service failed → exiting: failed
2026-04-15 15:42:48,489 DEBUG    [TaskSelector] Evaluating zone states: {'A': 'EMPTY', 'B': 'EMPTY'}  busy: {'A': False, 'B': False}
2026-04-15 15:42:48,489 INFO     [TaskSelector] → do_load (zone A empty)
2026-04-15 15:42:48,490 INFO     [FetchInput] Entering state
2026-04-15 15:42:48,494 INFO     [Service] /compute_grasps → success=False msg='No images received from PnP camera.'
2026-04-15 15:42:48,494 ERROR    [FetchInput] /compute_grasps service failed → exiting: failed
2026-04-15 15:42:48,498 DEBUG    [TaskSelector] Evaluating zone states: {'A': 'EMPTY', 'B': 'EMPTY'}  busy: {'A': False, 'B': False}
2026-04-15 15:42:48,498 INFO     [TaskSelector] → do_load (zone A empty)
2026-04-15 15:42:48,499 INFO     [FetchInput] Entering state
2026-04-15 15:42:48,506 INFO     [Service] /compute_grasps → success=False msg='No images received from PnP camera.'
2026-04-15 15:42:48,506 ERROR    [FetchInput] /compute_grasps service failed → exiting: failed
2026-04-15 15:42:48,508 DEBUG    [TaskSelector] Evaluating zone states: {'A': 'EMPTY', 'B': 'EMPTY'}  busy: {'A': False, 'B': False}
2026-04-15 15:42:48,508 INFO     [TaskSelector] → do_load (zone A empty)
2026-04-15 15:42:48,509 INFO     [FetchInput] Entering state
2026-04-15 15:42:48,513 INFO     [Service] /compute_grasps → success=False msg='No images received from PnP camera.'
2026-04-15 15:42:48,513 ERROR    [FetchInput] /compute_grasps service failed → exiting: failed
2026-04-15 15:42:48,516 DEBUG    [TaskSelector] Evaluating zone states: {'A': 'EMPTY', 'B': 'EMPTY'}  busy: {'A': False, 'B': False}
2026-04-15 15:42:48,516 INFO     [TaskSelector] → do_load (zone A empty)
2026-04-15 15:42:48,517 INFO     [FetchInput] Entering state
2026-04-15 15:42:48,519 INFO     [Service] /compute_grasps → success=False msg='No images received from PnP camera.'
2026-04-15 15:42:48,519 ERROR    [FetchInput] /compute_grasps service failed → exiting: failed
2026-04-15 15:42:48,520 DEBUG    [TaskSelector] Evaluating zone states: {'A': 'EMPTY', 'B': 'EMPTY'}  busy: {'A': False, 'B': False}
2026-04-15 15:42:48,520 INFO     [TaskSelector] → do_load (zone A empty)
2026-04-15 15:42:48,521 INFO     [FetchInput] Entering state
2026-04-15 15:42:48,523 INFO     [Service] /compute_grasps → success=False msg='No images received from PnP camera.'
2026-04-15 15:42:48,523 ERROR    [FetchInput] /compute_grasps service failed → exiting: failed
2026-04-15 15:42:48,524 DEBUG    [TaskSelector] Evaluating zone states: {'A': 'EMPTY', 'B': 'EMPTY'}  busy: {'A': False, 'B': False}
2026-04-15 15:42:48,524 INFO     [TaskSelector] → do_load (zone A empty)
2026-04-15 15:42:48,525 INFO     [FetchInput] Entering state
2026-04-15 15:42:48,528 INFO     [Service] /compute_grasps → success=False msg='No images received from PnP camera.'
2026-04-15 15:42:48,529 ERROR    [FetchInput] /compute_grasps service failed → exiting: failed
2026-04-15 15:42:48,530 DEBUG    [TaskSelector] Evaluating zone states: {'A': 'EMPTY', 'B': 'EMPTY'}  busy: {'A': False, 'B': False}
2026-04-15 15:42:48,530 INFO     [TaskSelector] → do_load (zone A empty)
2026-04-15 15:42:48,531 INFO     [FetchInput] Entering state
2026-04-15 15:42:48,533 INFO     [Service] /compute_grasps → success=False msg='No images received from PnP camera.'
2026-04-15 15:42:48,533 ERROR    [FetchInput] /compute_grasps service failed → exiting: failed
2026-04-15 15:42:48,534 DEBUG    [TaskSelector] Evaluating zone states: {'A': 'EMPTY', 'B': 'EMPTY'}  busy: {'A': False, 'B': False}
2026-04-15 15:42:48,534 INFO     [TaskSelector] → do_load (zone A empty)
2026-04-15 15:42:48,535 INFO     [FetchInput] Entering state
2026-04-15 15:42:48,537 INFO     [Service] /compute_grasps → success=False msg='No images received from PnP camera.'
2026-04-15 15:42:48,537 ERROR    [FetchInput] /compute_grasps service failed → exiting: failed
2026-04-15 15:42:48,538 DEBUG    [TaskSelector] Evaluating zone states: {'A': 'EMPTY', 'B': 'EMPTY'}  busy: {'A': False, 'B': False}
2026-04-15 15:42:48,538 INFO     [TaskSelector] → do_load (zone A empty)
2026-04-15 15:42:48,538 INFO     [FetchInput] Entering state
2026-04-15 15:42:48,541 INFO     [Service] /compute_grasps → success=False msg='No images received from PnP camera.'
2026-04-15 15:42:48,541 ERROR    [FetchInput] /compute_grasps service failed → exiting: failed
2026-04-15 15:42:48,542 DEBUG    [TaskSelector] Evaluating zone states: {'A': 'EMPTY', 'B': 'EMPTY'}  busy: {'A': False, 'B': False}
2026-04-15 15:42:48,542 INFO     [TaskSelector] → do_load (zone A empty)
2026-04-15 15:42:48,543 INFO     [FetchInput] Entering state
2026-04-15 15:42:48,545 INFO     [Service] /compute_grasps → success=False msg='No images received from PnP camera.'
2026-04-15 15:42:48,546 ERROR    [FetchInput] /compute_grasps service failed → exiting: failed
2026-04-15 15:42:48,547 DEBUG    [TaskSelector] Evaluating zone states: {'A': 'EMPTY', 'B': 'EMPTY'}  busy: {'A': False, 'B': False}
2026-04-15 15:42:48,547 INFO     [TaskSelector] → do_load (zone A empty)
2026-04-15 15:42:48,547 INFO     [FetchInput] Entering state
2026-04-15 15:42:48,550 INFO     [Service] /compute_grasps → success=False msg='No images received from PnP camera.'
2026-04-15 15:42:48,551 ERROR    [FetchInput] /compute_grasps service failed → exiting: failed
2026-04-15 15:42:48,552 DEBUG    [TaskSelector] Evaluating zone states: {'A': 'EMPTY', 'B': 'EMPTY'}  busy: {'A': False, 'B': False}
2026-04-15 15:42:48,552 INFO     [TaskSelector] → do_load (zone A empty)
2026-04-15 15:42:48,553 INFO     [FetchInput] Entering state
2026-04-15 15:42:48,555 INFO     [Service] /compute_grasps → success=False msg='No images received from PnP camera.'
2026-04-15 15:42:48,555 ERROR    [FetchInput] /compute_grasps service failed → exiting: failed
2026-04-15 15:42:48,556 DEBUG    [TaskSelector] Evaluating zone states: {'A': 'EMPTY', 'B': 'EMPTY'}  busy: {'A': False, 'B': False}
2026-04-15 15:42:48,556 INFO     [TaskSelector] → do_load (zone A empty)
2026-04-15 15:42:48,558 INFO     [FetchInput] Entering state
2026-04-15 15:42:48,565 INFO     [Service] /compute_grasps → success=False msg='No images received from PnP camera.'
2026-04-15 15:42:48,565 ERROR    [FetchInput] /compute_grasps service failed → exiting: failed
2026-04-15 15:42:48,566 DEBUG    [TaskSelector] Evaluating zone states: {'A': 'EMPTY', 'B': 'EMPTY'}  busy: {'A': False, 'B': False}
2026-04-15 15:42:48,567 INFO     [TaskSelector] → do_load (zone A empty)
2026-04-15 15:42:48,568 INFO     [FetchInput] Entering state
2026-04-15 15:42:48,571 INFO     [Service] /compute_grasps → success=False msg='No images received from PnP camera.'
2026-04-15 15:42:48,571 ERROR    [FetchInput] /compute_grasps service failed → exiting: failed
2026-04-15 15:42:48,572 DEBUG    [TaskSelector] Evaluating zone states: {'A': 'EMPTY', 'B': 'EMPTY'}  busy: {'A': False, 'B': False}
2026-04-15 15:42:48,572 INFO     [TaskSelector] → do_load (zone A empty)
2026-04-15 15:42:48,573 INFO     [FetchInput] Entering state
2026-04-15 15:42:48,578 INFO     [Service] /compute_grasps → success=False msg='No images received from PnP camera.'
2026-04-15 15:42:48,578 ERROR    [FetchInput] /compute_grasps service failed → exiting: failed
2026-04-15 15:42:48,579 DEBUG    [TaskSelector] Evaluating zone states: {'A': 'EMPTY', 'B': 'EMPTY'}  busy: {'A': False, 'B': False}
2026-04-15 15:42:48,580 INFO     [TaskSelector] → do_load (zone A empty)
2026-04-15 15:42:48,582 INFO     [FetchInput] Entering state
2026-04-15 15:42:48,586 INFO     [Service] /compute_grasps → success=False msg='No images received from PnP camera.'
2026-04-15 15:42:48,586 ERROR    [FetchInput] /compute_grasps service failed → exiting: failed
2026-04-15 15:42:48,586 DEBUG    [TaskSelector] Evaluating zone states: {'A': 'EMPTY', 'B': 'EMPTY'}  busy: {'A': False, 'B': False}
2026-04-15 15:42:48,587 INFO     [TaskSelector] → do_load (zone A empty)
2026-04-15 15:42:48,587 INFO     [FetchInput] Entering state
2026-04-15 15:42:48,589 INFO     [Service] /compute_grasps → success=False msg='No images received from PnP camera.'
2026-04-15 15:42:48,590 ERROR    [FetchInput] /compute_grasps service failed → exiting: failed
2026-04-15 15:42:48,590 DEBUG    [TaskSelector] Evaluating zone states: {'A': 'EMPTY', 'B': 'EMPTY'}  busy: {'A': False, 'B': False}
2026-04-15 15:42:48,590 INFO     [TaskSelector] → do_load (zone A empty)
2026-04-15 15:42:48,592 INFO     [FetchInput] Entering state
2026-04-15 15:42:48,595 INFO     [Service] /compute_grasps → success=False msg='No images received from PnP camera.'
2026-04-15 15:42:48,595 ERROR    [FetchInput] /compute_grasps service failed → exiting: failed
2026-04-15 15:42:48,596 DEBUG    [TaskSelector] Evaluating zone states: {'A': 'EMPTY', 'B': 'EMPTY'}  busy: {'A': False, 'B': False}
2026-04-15 15:42:48,596 INFO     [TaskSelector] → do_load (zone A empty)
2026-04-15 15:42:48,597 INFO     [FetchInput] Entering state
2026-04-15 15:42:48,600 INFO     [Service] /compute_grasps → success=False msg='No images received from PnP camera.'
2026-04-15 15:42:48,600 ERROR    [FetchInput] /compute_grasps service failed → exiting: failed
2026-04-15 15:42:48,601 DEBUG    [TaskSelector] Evaluating zone states: {'A': 'EMPTY', 'B': 'EMPTY'}  busy: {'A': False, 'B': False}
2026-04-15 15:42:48,601 INFO     [TaskSelector] → do_load (zone A empty)
2026-04-15 15:42:48,601 INFO     [FetchInput] Entering state
2026-04-15 15:42:48,603 INFO     [Service] /compute_grasps → success=False msg='No images received from PnP camera.'
2026-04-15 15:42:48,603 ERROR    [FetchInput] /compute_grasps service failed → exiting: failed
2026-04-15 15:42:48,604 DEBUG    [TaskSelector] Evaluating zone states: {'A': 'EMPTY', 'B': 'EMPTY'}  busy: {'A': False, 'B': False}
2026-04-15 15:42:48,604 INFO     [TaskSelector] → do_load (zone A empty)
2026-04-15 15:42:48,605 INFO     [FetchInput] Entering state
2026-04-15 15:42:48,608 INFO     [Service] /compute_grasps → success=False msg='No images received from PnP camera.'
2026-04-15 15:42:48,608 ERROR    [FetchInput] /compute_grasps service failed → exiting: failed
2026-04-15 15:42:48,609 DEBUG    [TaskSelector] Evaluating zone states: {'A': 'EMPTY', 'B': 'EMPTY'}  busy: {'A': False, 'B': False}
2026-04-15 15:42:48,609 INFO     [TaskSelector] → do_load (zone A empty)
2026-04-15 15:42:48,610 INFO     [FetchInput] Entering state
2026-04-15 15:42:48,613 INFO     [Service] /compute_grasps → success=False msg='No images received from PnP camera.'
2026-04-15 15:42:48,614 ERROR    [FetchInput] /compute_grasps service failed → exiting: failed
2026-04-15 15:42:48,615 DEBUG    [TaskSelector] Evaluating zone states: {'A': 'EMPTY', 'B': 'EMPTY'}  busy: {'A': False, 'B': False}
2026-04-15 15:42:48,615 INFO     [TaskSelector] → do_load (zone A empty)
2026-04-15 15:42:48,615 INFO     [FetchInput] Entering state
2026-04-15 15:42:48,618 INFO     [Service] /compute_grasps → success=False msg='No images received from PnP camera.'
2026-04-15 15:42:48,619 ERROR    [FetchInput] /compute_grasps service failed → exiting: failed
2026-04-15 15:42:48,620 DEBUG    [TaskSelector] Evaluating zone states: {'A': 'EMPTY', 'B': 'EMPTY'}  busy: {'A': False, 'B': False}
2026-04-15 15:42:48,620 INFO     [TaskSelector] → do_load (zone A empty)
2026-04-15 15:42:48,621 INFO     [FetchInput] Entering state
2026-04-15 15:42:48,623 INFO     [Service] /compute_grasps → success=False msg='No images received from PnP camera.'
2026-04-15 15:42:48,623 ERROR    [FetchInput] /compute_grasps service failed → exiting: failed
2026-04-15 15:42:48,626 DEBUG    [TaskSelector] Evaluating zone states: {'A': 'EMPTY', 'B': 'EMPTY'}  busy: {'A': False, 'B': False}
2026-04-15 15:42:48,627 INFO     [TaskSelector] → do_load (zone A empty)
2026-04-15 15:42:48,630 INFO     [FetchInput] Entering state
2026-04-15 15:42:48,635 INFO     [Service] /compute_grasps → success=False msg='No images received from PnP camera.'
2026-04-15 15:42:48,635 ERROR    [FetchInput] /compute_grasps service failed → exiting: failed
2026-04-15 15:42:48,636 DEBUG    [TaskSelector] Evaluating zone states: {'A': 'EMPTY', 'B': 'EMPTY'}  busy: {'A': False, 'B': False}
2026-04-15 15:42:48,637 INFO     [TaskSelector] → do_load (zone A empty)
2026-04-15 15:42:48,638 INFO     [FetchInput] Entering state
2026-04-15 15:42:48,642 INFO     [Service] /compute_grasps → success=False msg='No images received from PnP camera.'
2026-04-15 15:42:48,642 ERROR    [FetchInput] /compute_grasps service failed → exiting: failed
2026-04-15 15:42:48,642 DEBUG    [TaskSelector] Evaluating zone states: {'A': 'EMPTY', 'B': 'EMPTY'}  busy: {'A': False, 'B': False}
2026-04-15 15:42:48,642 INFO     [TaskSelector] → do_load (zone A empty)
2026-04-15 15:42:48,643 INFO     [FetchInput] Entering state
2026-04-15 15:42:48,646 INFO     [Service] /compute_grasps → success=False msg='No images received from PnP camera.'
2026-04-15 15:42:48,647 ERROR    [FetchInput] /compute_grasps service failed → exiting: failed
2026-04-15 15:42:48,648 DEBUG    [TaskSelector] Evaluating zone states: {'A': 'EMPTY', 'B': 'EMPTY'}  busy: {'A': False, 'B': False}
2026-04-15 15:42:48,648 INFO     [TaskSelector] → do_load (zone A empty)
2026-04-15 15:42:48,648 INFO     [FetchInput] Entering state
2026-04-15 15:42:48,651 INFO     [Service] /compute_grasps → success=False msg='No images received from PnP camera.'
2026-04-15 15:42:48,651 ERROR    [FetchInput] /compute_grasps service failed → exiting: failed
2026-04-15 15:42:48,651 DEBUG    [TaskSelector] Evaluating zone states: {'A': 'EMPTY', 'B': 'EMPTY'}  busy: {'A': False, 'B': False}
2026-04-15 15:42:48,651 INFO     [TaskSelector] → do_load (zone A empty)
2026-04-15 15:42:48,652 INFO     [FetchInput] Entering state
2026-04-15 15:42:48,654 INFO     [Service] /compute_grasps → success=False msg='No images received from PnP camera.'
2026-04-15 15:42:48,654 ERROR    [FetchInput] /compute_grasps service failed → exiting: failed
2026-04-15 15:42:48,655 DEBUG    [TaskSelector] Evaluating zone states: {'A': 'EMPTY', 'B': 'EMPTY'}  busy: {'A': False, 'B': False}
2026-04-15 15:42:48,655 INFO     [TaskSelector] → do_load (zone A empty)
2026-04-15 15:42:48,656 INFO     [FetchInput] Entering state
2026-04-15 15:42:48,659 INFO     [Service] /compute_grasps → success=False msg='No images received from PnP camera.'
2026-04-15 15:42:48,659 ERROR    [FetchInput] /compute_grasps service failed → exiting: failed
2026-04-15 15:42:48,661 DEBUG    [TaskSelector] Evaluating zone states: {'A': 'EMPTY', 'B': 'EMPTY'}  busy: {'A': False, 'B': False}
2026-04-15 15:42:48,661 INFO     [TaskSelector] → do_load (zone A empty)
2026-04-15 15:42:48,661 INFO     [FetchInput] Entering state
2026-04-15 15:42:48,664 INFO     [Service] /compute_grasps → success=False msg='No images received from PnP camera.'
2026-04-15 15:42:48,664 ERROR    [FetchInput] /compute_grasps service failed → exiting: failed
2026-04-15 15:42:48,665 DEBUG    [TaskSelector] Evaluating zone states: {'A': 'EMPTY', 'B': 'EMPTY'}  busy: {'A': False, 'B': False}
2026-04-15 15:42:48,665 INFO     [TaskSelector] → do_load (zone A empty)
2026-04-15 15:42:48,666 INFO     [FetchInput] Entering state
2026-04-15 15:42:48,668 INFO     [Service] /compute_grasps → success=False msg='No images received from PnP camera.'
2026-04-15 15:42:48,668 ERROR    [FetchInput] /compute_grasps service failed → exiting: failed
2026-04-15 15:42:48,669 DEBUG    [TaskSelector] Evaluating zone states: {'A': 'EMPTY', 'B': 'EMPTY'}  busy: {'A': False, 'B': False}
2026-04-15 15:42:48,669 INFO     [TaskSelector] → do_load (zone A empty)
2026-04-15 15:42:48,670 INFO     [FetchInput] Entering state
2026-04-15 15:42:48,672 INFO     [Service] /compute_grasps → success=False msg='No images received from PnP camera.'
2026-04-15 15:42:48,672 ERROR    [FetchInput] /compute_grasps service failed → exiting: failed
2026-04-15 15:42:48,673 DEBUG    [TaskSelector] Evaluating zone states: {'A': 'EMPTY', 'B': 'EMPTY'}  busy: {'A': False, 'B': False}
2026-04-15 15:42:48,673 INFO     [TaskSelector] → do_load (zone A empty)
2026-04-15 15:42:48,674 INFO     [FetchInput] Entering state
2026-04-15 15:42:48,677 INFO     [Service] /compute_grasps → success=False msg='No images received from PnP camera.'
2026-04-15 15:42:48,677 ERROR    [FetchInput] /compute_grasps service failed → exiting: failed
2026-04-15 15:42:48,678 DEBUG    [TaskSelector] Evaluating zone states: {'A': 'EMPTY', 'B': 'EMPTY'}  busy: {'A': False, 'B': False}
2026-04-15 15:42:48,678 INFO     [TaskSelector] → do_load (zone A empty)
2026-04-15 15:42:48,679 INFO     [FetchInput] Entering state
2026-04-15 15:42:48,682 INFO     [Service] /compute_grasps → success=False msg='No images received from PnP camera.'
2026-04-15 15:42:48,682 ERROR    [FetchInput] /compute_grasps service failed → exiting: failed
2026-04-15 15:42:48,683 DEBUG    [TaskSelector] Evaluating zone states: {'A': 'EMPTY', 'B': 'EMPTY'}  busy: {'A': False, 'B': False}
2026-04-15 15:42:48,683 INFO     [TaskSelector] → do_load (zone A empty)
2026-04-15 15:42:48,685 INFO     [FetchInput] Entering state
2026-04-15 15:42:48,688 INFO     [Service] /compute_grasps → success=False msg='No images received from PnP camera.'
2026-04-15 15:42:48,688 ERROR    [FetchInput] /compute_grasps service failed → exiting: failed
2026-04-15 15:42:48,690 DEBUG    [TaskSelector] Evaluating zone states: {'A': 'EMPTY', 'B': 'EMPTY'}  busy: {'A': False, 'B': False}
2026-04-15 15:42:48,690 INFO     [TaskSelector] → do_load (zone A empty)
2026-04-15 15:42:48,691 INFO     [FetchInput] Entering state
2026-04-15 15:42:48,694 INFO     [Service] /compute_grasps → success=False msg='No images received from PnP camera.'
2026-04-15 15:42:48,695 ERROR    [FetchInput] /compute_grasps service failed → exiting: failed
2026-04-15 15:42:48,697 DEBUG    [TaskSelector] Evaluating zone states: {'A': 'EMPTY', 'B': 'EMPTY'}  busy: {'A': False, 'B': False}
2026-04-15 15:42:48,698 INFO     [TaskSelector] → do_load (zone A empty)
2026-04-15 15:42:48,699 INFO     [FetchInput] Entering state
2026-04-15 15:42:48,703 INFO     [Service] /compute_grasps → success=False msg='No images received from PnP camera.'
2026-04-15 15:42:48,703 ERROR    [FetchInput] /compute_grasps service failed → exiting: failed
2026-04-15 15:42:48,704 DEBUG    [TaskSelector] Evaluating zone states: {'A': 'EMPTY', 'B': 'EMPTY'}  busy: {'A': False, 'B': False}
2026-04-15 15:42:48,704 INFO     [TaskSelector] → do_load (zone A empty)
2026-04-15 15:42:48,706 INFO     [FetchInput] Entering state
2026-04-15 15:42:48,710 INFO     [Service] /compute_grasps → success=False msg='No images received from PnP camera.'
2026-04-15 15:42:48,710 ERROR    [FetchInput] /compute_grasps service failed → exiting: failed
2026-04-15 15:42:48,711 DEBUG    [TaskSelector] Evaluating zone states: {'A': 'EMPTY', 'B': 'EMPTY'}  busy: {'A': False, 'B': False}
2026-04-15 15:42:48,711 INFO     [TaskSelector] → do_load (zone A empty)
2026-04-15 15:42:48,711 INFO     [FetchInput] Entering state
2026-04-15 15:42:48,714 INFO     [Service] /compute_grasps → success=False msg='No images received from PnP camera.'
2026-04-15 15:42:48,714 ERROR    [FetchInput] /compute_grasps service failed → exiting: failed
2026-04-15 15:42:48,715 DEBUG    [TaskSelector] Evaluating zone states: {'A': 'EMPTY', 'B': 'EMPTY'}  busy: {'A': False, 'B': False}
2026-04-15 15:42:48,715 INFO     [TaskSelector] → do_load (zone A empty)
2026-04-15 15:42:48,716 INFO     [FetchInput] Entering state
2026-04-15 15:42:48,718 INFO     [Service] /compute_grasps → success=False msg='No images received from PnP camera.'
2026-04-15 15:42:48,718 ERROR    [FetchInput] /compute_grasps service failed → exiting: failed
2026-04-15 15:42:48,719 DEBUG    [TaskSelector] Evaluating zone states: {'A': 'EMPTY', 'B': 'EMPTY'}  busy: {'A': False, 'B': False}
2026-04-15 15:42:48,719 INFO     [TaskSelector] → do_load (zone A empty)
2026-04-15 15:42:48,719 INFO     [FetchInput] Entering state
2026-04-15 15:42:48,722 INFO     [Service] /compute_grasps → success=False msg='No images received from PnP camera.'
2026-04-15 15:42:48,722 ERROR    [FetchInput] /compute_grasps service failed → exiting: failed
2026-04-15 15:42:48,723 DEBUG    [TaskSelector] Evaluating zone states: {'A': 'EMPTY', 'B': 'EMPTY'}  busy: {'A': False, 'B': False}
2026-04-15 15:42:48,723 INFO     [TaskSelector] → do_load (zone A empty)
2026-04-15 15:42:48,723 INFO     [FetchInput] Entering state
2026-04-15 15:42:48,726 INFO     [Service] /compute_grasps → success=False msg='No images received from PnP camera.'
2026-04-15 15:42:48,727 ERROR    [FetchInput] /compute_grasps service failed → exiting: failed
2026-04-15 15:42:48,728 DEBUG    [TaskSelector] Evaluating zone states: {'A': 'EMPTY', 'B': 'EMPTY'}  busy: {'A': False, 'B': False}
2026-04-15 15:42:48,728 INFO     [TaskSelector] → do_load (zone A empty)
2026-04-15 15:42:48,729 INFO     [FetchInput] Entering state
2026-04-15 15:42:48,731 INFO     [Service] /compute_grasps → success=False msg='No images received from PnP camera.'
2026-04-15 15:42:48,731 ERROR    [FetchInput] /compute_grasps service failed → exiting: failed
2026-04-15 15:42:48,732 DEBUG    [TaskSelector] Evaluating zone states: {'A': 'EMPTY', 'B': 'EMPTY'}  busy: {'A': False, 'B': False}
2026-04-15 15:42:48,732 INFO     [TaskSelector] → do_load (zone A empty)
2026-04-15 15:42:48,733 INFO     [FetchInput] Entering state
2026-04-15 15:42:48,735 INFO     [Service] /compute_grasps → success=False msg='No images received from PnP camera.'
2026-04-15 15:42:48,735 ERROR    [FetchInput] /compute_grasps service failed → exiting: failed
2026-04-15 15:42:48,736 DEBUG    [TaskSelector] Evaluating zone states: {'A': 'EMPTY', 'B': 'EMPTY'}  busy: {'A': False, 'B': False}
2026-04-15 15:42:48,736 INFO     [TaskSelector] → do_load (zone A empty)
2026-04-15 15:42:48,737 INFO     [FetchInput] Entering state
2026-04-15 15:42:48,739 INFO     [Service] /compute_grasps → success=False msg='No images received from PnP camera.'
2026-04-15 15:42:48,739 ERROR    [FetchInput] /compute_grasps service failed → exiting: failed
2026-04-15 15:42:48,740 DEBUG    [TaskSelector] Evaluating zone states: {'A': 'EMPTY', 'B': 'EMPTY'}  busy: {'A': False, 'B': False}
2026-04-15 15:42:48,740 INFO     [TaskSelector] → do_load (zone A empty)
2026-04-15 15:42:48,741 INFO     [FetchInput] Entering state
2026-04-15 15:42:48,743 INFO     [Service] /compute_grasps → success=False msg='No images received from PnP camera.'
2026-04-15 15:42:48,743 ERROR    [FetchInput] /compute_grasps service failed → exiting: failed
2026-04-15 15:42:48,744 DEBUG    [TaskSelector] Evaluating zone states: {'A': 'EMPTY', 'B': 'EMPTY'}  busy: {'A': False, 'B': False}
2026-04-15 15:42:48,744 INFO     [TaskSelector] → do_load (zone A empty)
2026-04-15 15:42:48,745 INFO     [FetchInput] Entering state
2026-04-15 15:42:48,748 INFO     [Service] /compute_grasps → success=False msg='No images received from PnP camera.'
2026-04-15 15:42:48,748 ERROR    [FetchInput] /compute_grasps service failed → exiting: failed
2026-04-15 15:42:48,749 DEBUG    [TaskSelector] Evaluating zone states: {'A': 'EMPTY', 'B': 'EMPTY'}  busy: {'A': False, 'B': False}
2026-04-15 15:42:48,749 INFO     [TaskSelector] → do_load (zone A empty)
2026-04-15 15:42:48,749 INFO     [FetchInput] Entering state
2026-04-15 15:42:48,752 INFO     [Service] /compute_grasps → success=False msg='No images received from PnP camera.'
2026-04-15 15:42:48,752 ERROR    [FetchInput] /compute_grasps service failed → exiting: failed
2026-04-15 15:42:48,754 DEBUG    [TaskSelector] Evaluating zone states: {'A': 'EMPTY', 'B': 'EMPTY'}  busy: {'A': False, 'B': False}
2026-04-15 15:42:48,754 INFO     [TaskSelector] → do_load (zone A empty)
2026-04-15 15:42:48,755 INFO     [FetchInput] Entering state
2026-04-15 15:42:48,758 INFO     [Service] /compute_grasps → success=False msg='No images received from PnP camera.'
2026-04-15 15:42:48,758 ERROR    [FetchInput] /compute_grasps service failed → exiting: failed
2026-04-15 15:42:48,760 DEBUG    [TaskSelector] Evaluating zone states: {'A': 'EMPTY', 'B': 'EMPTY'}  busy: {'A': False, 'B': False}
2026-04-15 15:42:48,760 INFO     [TaskSelector] → do_load (zone A empty)
2026-04-15 15:42:48,762 INFO     [FetchInput] Entering state
2026-04-15 15:42:48,770 INFO     [Service] /compute_grasps → success=False msg='No images received from PnP camera.'
2026-04-15 15:42:48,770 ERROR    [FetchInput] /compute_grasps service failed → exiting: failed
2026-04-15 15:42:48,771 DEBUG    [TaskSelector] Evaluating zone states: {'A': 'EMPTY', 'B': 'EMPTY'}  busy: {'A': False, 'B': False}
2026-04-15 15:42:48,771 INFO     [TaskSelector] → do_load (zone A empty)
2026-04-15 15:42:48,772 INFO     [FetchInput] Entering state
2026-04-15 15:42:48,777 INFO     [Service] /compute_grasps → success=False msg='No images received from PnP camera.'
2026-04-15 15:42:48,777 ERROR    [FetchInput] /compute_grasps service failed → exiting: failed
2026-04-15 15:42:48,778 DEBUG    [TaskSelector] Evaluating zone states: {'A': 'EMPTY', 'B': 'EMPTY'}  busy: {'A': False, 'B': False}
2026-04-15 15:42:48,779 INFO     [TaskSelector] → do_load (zone A empty)
2026-04-15 15:42:48,780 INFO     [FetchInput] Entering state
2026-04-15 15:42:48,784 INFO     [Service] /compute_grasps → success=False msg='No images received from PnP camera.'
2026-04-15 15:42:48,784 ERROR    [FetchInput] /compute_grasps service failed → exiting: failed
2026-04-15 15:42:48,785 DEBUG    [TaskSelector] Evaluating zone states: {'A': 'EMPTY', 'B': 'EMPTY'}  busy: {'A': False, 'B': False}
2026-04-15 15:42:48,785 INFO     [TaskSelector] → do_load (zone A empty)
2026-04-15 15:42:48,786 INFO     [FetchInput] Entering state
2026-04-15 15:42:48,788 INFO     [Service] /compute_grasps → success=False msg='No images received from PnP camera.'
2026-04-15 15:42:48,788 ERROR    [FetchInput] /compute_grasps service failed → exiting: failed
2026-04-15 15:42:48,789 DEBUG    [TaskSelector] Evaluating zone states: {'A': 'EMPTY', 'B': 'EMPTY'}  busy: {'A': False, 'B': False}
2026-04-15 15:42:48,789 INFO     [TaskSelector] → do_load (zone A empty)
2026-04-15 15:42:48,790 INFO     [FetchInput] Entering state
2026-04-15 15:42:48,793 INFO     [Service] /compute_grasps → success=False msg='No images received from PnP camera.'
2026-04-15 15:42:48,793 ERROR    [FetchInput] /compute_grasps service failed → exiting: failed
2026-04-15 15:42:48,794 DEBUG    [TaskSelector] Evaluating zone states: {'A': 'EMPTY', 'B': 'EMPTY'}  busy: {'A': False, 'B': False}
2026-04-15 15:42:48,794 INFO     [TaskSelector] → do_load (zone A empty)
2026-04-15 15:42:48,795 INFO     [FetchInput] Entering state
2026-04-15 15:42:48,797 INFO     [Service] /compute_grasps → success=False msg='No images received from PnP camera.'
2026-04-15 15:42:48,797 ERROR    [FetchInput] /compute_grasps service failed → exiting: failed
2026-04-15 15:42:48,798 DEBUG    [TaskSelector] Evaluating zone states: {'A': 'EMPTY', 'B': 'EMPTY'}  busy: {'A': False, 'B': False}
2026-04-15 15:42:48,798 INFO     [TaskSelector] → do_load (zone A empty)
2026-04-15 15:42:48,799 INFO     [FetchInput] Entering state
2026-04-15 15:42:48,801 INFO     [Service] /compute_grasps → success=False msg='No images received from PnP camera.'
2026-04-15 15:42:48,801 ERROR    [FetchInput] /compute_grasps service failed → exiting: failed
2026-04-15 15:42:48,802 DEBUG    [TaskSelector] Evaluating zone states: {'A': 'EMPTY', 'B': 'EMPTY'}  busy: {'A': False, 'B': False}
2026-04-15 15:42:48,802 INFO     [TaskSelector] → do_load (zone A empty)
2026-04-15 15:42:48,802 INFO     [FetchInput] Entering state
2026-04-15 15:42:48,804 INFO     [Service] /compute_grasps → success=False msg='No images received from PnP camera.'
2026-04-15 15:42:48,804 ERROR    [FetchInput] /compute_grasps service failed → exiting: failed
2026-04-15 15:42:48,805 DEBUG    [TaskSelector] Evaluating zone states: {'A': 'EMPTY', 'B': 'EMPTY'}  busy: {'A': False, 'B': False}
2026-04-15 15:42:48,805 INFO     [TaskSelector] → do_load (zone A empty)
2026-04-15 15:42:48,806 INFO     [FetchInput] Entering state
2026-04-15 15:42:48,809 INFO     [Service] /compute_grasps → success=False msg='No images received from PnP camera.'
2026-04-15 15:42:48,809 ERROR    [FetchInput] /compute_grasps service failed → exiting: failed
2026-04-15 15:42:48,810 DEBUG    [TaskSelector] Evaluating zone states: {'A': 'EMPTY', 'B': 'EMPTY'}  busy: {'A': False, 'B': False}
2026-04-15 15:42:48,810 INFO     [TaskSelector] → do_load (zone A empty)
2026-04-15 15:42:48,811 INFO     [FetchInput] Entering state
2026-04-15 15:42:48,813 INFO     [Service] /compute_grasps → success=False msg='No images received from PnP camera.'
2026-04-15 15:42:48,813 ERROR    [FetchInput] /compute_grasps service failed → exiting: failed
2026-04-15 15:42:48,814 DEBUG    [TaskSelector] Evaluating zone states: {'A': 'EMPTY', 'B': 'EMPTY'}  busy: {'A': False, 'B': False}
2026-04-15 15:42:48,814 INFO     [TaskSelector] → do_load (zone A empty)
2026-04-15 15:42:48,815 INFO     [FetchInput] Entering state
2026-04-15 15:42:48,818 INFO     [Service] /compute_grasps → success=False msg='No images received from PnP camera.'
2026-04-15 15:42:48,819 ERROR    [FetchInput] /compute_grasps service failed → exiting: failed
2026-04-15 15:42:48,819 DEBUG    [TaskSelector] Evaluating zone states: {'A': 'EMPTY', 'B': 'EMPTY'}  busy: {'A': False, 'B': False}
2026-04-15 15:42:48,820 INFO     [TaskSelector] → do_load (zone A empty)
2026-04-15 15:42:48,821 INFO     [FetchInput] Entering state
2026-04-15 15:42:48,823 INFO     [Service] /compute_grasps → success=False msg='No images received from PnP camera.'
2026-04-15 15:42:48,824 ERROR    [FetchInput] /compute_grasps service failed → exiting: failed
2026-04-15 15:42:48,825 DEBUG    [TaskSelector] Evaluating zone states: {'A': 'EMPTY', 'B': 'EMPTY'}  busy: {'A': False, 'B': False}
2026-04-15 15:42:48,825 INFO     [TaskSelector] → do_load (zone A empty)
2026-04-15 15:42:48,827 INFO     [FetchInput] Entering state
2026-04-15 15:42:48,835 INFO     [Service] /compute_grasps → success=False msg='No images received from PnP camera.'
2026-04-15 15:42:48,835 ERROR    [FetchInput] /compute_grasps service failed → exiting: failed
2026-04-15 15:42:48,836 DEBUG    [TaskSelector] Evaluating zone states: {'A': 'EMPTY', 'B': 'EMPTY'}  busy: {'A': False, 'B': False}
2026-04-15 15:42:48,836 INFO     [TaskSelector] → do_load (zone A empty)
2026-04-15 15:42:48,837 INFO     [FetchInput] Entering state
2026-04-15 15:42:48,841 INFO     [Service] /compute_grasps → success=False msg='No images received from PnP camera.'
2026-04-15 15:42:48,841 ERROR    [FetchInput] /compute_grasps service failed → exiting: failed
2026-04-15 15:42:48,842 DEBUG    [TaskSelector] Evaluating zone states: {'A': 'EMPTY', 'B': 'EMPTY'}  busy: {'A': False, 'B': False}
2026-04-15 15:42:48,843 INFO     [TaskSelector] → do_load (zone A empty)
2026-04-15 15:42:48,843 INFO     [FetchInput] Entering state
2026-04-15 15:42:48,847 INFO     [Service] /compute_grasps → success=False msg='No images received from PnP camera.'
2026-04-15 15:42:48,847 ERROR    [FetchInput] /compute_grasps service failed → exiting: failed
2026-04-15 15:42:48,849 DEBUG    [TaskSelector] Evaluating zone states: {'A': 'EMPTY', 'B': 'EMPTY'}  busy: {'A': False, 'B': False}
2026-04-15 15:42:48,849 INFO     [TaskSelector] → do_load (zone A empty)
2026-04-15 15:42:48,850 INFO     [FetchInput] Entering state
2026-04-15 15:42:48,852 INFO     [Service] /compute_grasps → success=False msg='No images received from PnP camera.'
2026-04-15 15:42:48,852 ERROR    [FetchInput] /compute_grasps service failed → exiting: failed
2026-04-15 15:42:48,853 DEBUG    [TaskSelector] Evaluating zone states: {'A': 'EMPTY', 'B': 'EMPTY'}  busy: {'A': False, 'B': False}
2026-04-15 15:42:48,853 INFO     [TaskSelector] → do_load (zone A empty)
2026-04-15 15:42:48,854 INFO     [FetchInput] Entering state
2026-04-15 15:42:48,856 INFO     [Service] /compute_grasps → success=False msg='No images received from PnP camera.'
2026-04-15 15:42:48,856 ERROR    [FetchInput] /compute_grasps service failed → exiting: failed
2026-04-15 15:42:48,857 DEBUG    [TaskSelector] Evaluating zone states: {'A': 'EMPTY', 'B': 'EMPTY'}  busy: {'A': False, 'B': False}
2026-04-15 15:42:48,858 INFO     [TaskSelector] → do_load (zone A empty)
2026-04-15 15:42:48,858 INFO     [FetchInput] Entering state
2026-04-15 15:42:48,861 INFO     [Service] /compute_grasps → success=False msg='No images received from PnP camera.'
2026-04-15 15:42:48,861 ERROR    [FetchInput] /compute_grasps service failed → exiting: failed
2026-04-15 15:42:48,862 DEBUG    [TaskSelector] Evaluating zone states: {'A': 'EMPTY', 'B': 'EMPTY'}  busy: {'A': False, 'B': False}
2026-04-15 15:42:48,862 INFO     [TaskSelector] → do_load (zone A empty)
2026-04-15 15:42:48,863 INFO     [FetchInput] Entering state
2026-04-15 15:42:48,865 INFO     [Service] /compute_grasps → success=False msg='No images received from PnP camera.'
2026-04-15 15:42:48,866 ERROR    [FetchInput] /compute_grasps service failed → exiting: failed
2026-04-15 15:42:48,866 DEBUG    [TaskSelector] Evaluating zone states: {'A': 'EMPTY', 'B': 'EMPTY'}  busy: {'A': False, 'B': False}
2026-04-15 15:42:48,866 INFO     [TaskSelector] → do_load (zone A empty)
2026-04-15 15:42:48,867 INFO     [FetchInput] Entering state
2026-04-15 15:42:48,869 INFO     [Service] /compute_grasps → success=False msg='No images received from PnP camera.'
2026-04-15 15:42:48,870 ERROR    [FetchInput] /compute_grasps service failed → exiting: failed
2026-04-15 15:42:48,870 DEBUG    [TaskSelector] Evaluating zone states: {'A': 'EMPTY', 'B': 'EMPTY'}  busy: {'A': False, 'B': False}
2026-04-15 15:42:48,870 INFO     [TaskSelector] → do_load (zone A empty)
2026-04-15 15:42:48,871 INFO     [FetchInput] Entering state
2026-04-15 15:42:48,873 INFO     [Service] /compute_grasps → success=False msg='No images received from PnP camera.'
2026-04-15 15:42:48,874 ERROR    [FetchInput] /compute_grasps service failed → exiting: failed
2026-04-15 15:42:48,875 DEBUG    [TaskSelector] Evaluating zone states: {'A': 'EMPTY', 'B': 'EMPTY'}  busy: {'A': False, 'B': False}
2026-04-15 15:42:48,875 INFO     [TaskSelector] → do_load (zone A empty)
2026-04-15 15:42:48,876 INFO     [FetchInput] Entering state
2026-04-15 15:42:48,880 INFO     [Service] /compute_grasps → success=False msg='No images received from PnP camera.'
2026-04-15 15:42:48,880 ERROR    [FetchInput] /compute_grasps service failed → exiting: failed
2026-04-15 15:42:48,881 DEBUG    [TaskSelector] Evaluating zone states: {'A': 'EMPTY', 'B': 'EMPTY'}  busy: {'A': False, 'B': False}
2026-04-15 15:42:48,881 INFO     [TaskSelector] → do_load (zone A empty)
2026-04-15 15:42:48,882 INFO     [FetchInput] Entering state
2026-04-15 15:42:48,886 INFO     [Service] /compute_grasps → success=False msg='No images received from PnP camera.'
2026-04-15 15:42:48,886 ERROR    [FetchInput] /compute_grasps service failed → exiting: failed
2026-04-15 15:42:48,887 DEBUG    [TaskSelector] Evaluating zone states: {'A': 'EMPTY', 'B': 'EMPTY'}  busy: {'A': False, 'B': False}
2026-04-15 15:42:48,887 INFO     [TaskSelector] → do_load (zone A empty)
2026-04-15 15:42:48,888 INFO     [FetchInput] Entering state
2026-04-15 15:42:48,892 INFO     [Service] /compute_grasps → success=False msg='No images received from PnP camera.'
2026-04-15 15:42:48,892 ERROR    [FetchInput] /compute_grasps service failed → exiting: failed
2026-04-15 15:42:48,893 DEBUG    [TaskSelector] Evaluating zone states: {'A': 'EMPTY', 'B': 'EMPTY'}  busy: {'A': False, 'B': False}
2026-04-15 15:42:48,894 INFO     [TaskSelector] → do_load (zone A empty)
2026-04-15 15:42:48,895 INFO     [FetchInput] Entering state
2026-04-15 15:42:48,901 INFO     [Service] /compute_grasps → success=False msg='No images received from PnP camera.'
2026-04-15 15:42:48,901 ERROR    [FetchInput] /compute_grasps service failed → exiting: failed
2026-04-15 15:42:48,902 DEBUG    [TaskSelector] Evaluating zone states: {'A': 'EMPTY', 'B': 'EMPTY'}  busy: {'A': False, 'B': False}
2026-04-15 15:42:48,902 INFO     [TaskSelector] → do_load (zone A empty)
2026-04-15 15:42:48,903 INFO     [FetchInput] Entering state
2026-04-15 15:42:48,908 INFO     [Service] /compute_grasps → success=False msg='No images received from PnP camera.'
2026-04-15 15:42:48,908 ERROR    [FetchInput] /compute_grasps service failed → exiting: failed
2026-04-15 15:42:48,909 DEBUG    [TaskSelector] Evaluating zone states: {'A': 'EMPTY', 'B': 'EMPTY'}  busy: {'A': False, 'B': False}
2026-04-15 15:42:48,910 INFO     [TaskSelector] → do_load (zone A empty)
2026-04-15 15:42:48,910 INFO     [FetchInput] Entering state
2026-04-15 15:42:48,913 INFO     [Service] /compute_grasps → success=False msg='No images received from PnP camera.'
2026-04-15 15:42:48,913 ERROR    [FetchInput] /compute_grasps service failed → exiting: failed
2026-04-15 15:42:48,915 DEBUG    [TaskSelector] Evaluating zone states: {'A': 'EMPTY', 'B': 'EMPTY'}  busy: {'A': False, 'B': False}
2026-04-15 15:42:48,915 INFO     [TaskSelector] → do_load (zone A empty)
2026-04-15 15:42:48,917 INFO     [FetchInput] Entering state
2026-04-15 15:42:48,920 INFO     [Service] /compute_grasps → success=False msg='No images received from PnP camera.'
2026-04-15 15:42:48,920 ERROR    [FetchInput] /compute_grasps service failed → exiting: failed
2026-04-15 15:42:48,920 DEBUG    [TaskSelector] Evaluating zone states: {'A': 'EMPTY', 'B': 'EMPTY'}  busy: {'A': False, 'B': False}
2026-04-15 15:42:48,920 INFO     [TaskSelector] → do_load (zone A empty)
2026-04-15 15:42:48,921 INFO     [FetchInput] Entering state
2026-04-15 15:42:48,923 INFO     [Service] /compute_grasps → success=False msg='No images received from PnP camera.'
2026-04-15 15:42:48,923 ERROR    [FetchInput] /compute_grasps service failed → exiting: failed
2026-04-15 15:42:48,924 DEBUG    [TaskSelector] Evaluating zone states: {'A': 'EMPTY', 'B': 'EMPTY'}  busy: {'A': False, 'B': False}
2026-04-15 15:42:48,924 INFO     [TaskSelector] → do_load (zone A empty)
2026-04-15 15:42:48,925 INFO     [FetchInput] Entering state
2026-04-15 15:42:48,928 INFO     [Service] /compute_grasps → success=False msg='No images received from PnP camera.'
2026-04-15 15:42:48,928 ERROR    [FetchInput] /compute_grasps service failed → exiting: failed
2026-04-15 15:42:48,929 DEBUG    [TaskSelector] Evaluating zone states: {'A': 'EMPTY', 'B': 'EMPTY'}  busy: {'A': False, 'B': False}
2026-04-15 15:42:48,929 INFO     [TaskSelector] → do_load (zone A empty)
2026-04-15 15:42:48,930 INFO     [FetchInput] Entering state
2026-04-15 15:42:48,932 INFO     [Service] /compute_grasps → success=False msg='No images received from PnP camera.'
2026-04-15 15:42:48,932 ERROR    [FetchInput] /compute_grasps service failed → exiting: failed
2026-04-15 15:42:48,933 DEBUG    [TaskSelector] Evaluating zone states: {'A': 'EMPTY', 'B': 'EMPTY'}  busy: {'A': False, 'B': False}
2026-04-15 15:42:48,933 INFO     [TaskSelector] → do_load (zone A empty)
2026-04-15 15:42:48,934 INFO     [FetchInput] Entering state
2026-04-15 15:42:48,936 INFO     [Service] /compute_grasps → success=False msg='No images received from PnP camera.'
2026-04-15 15:42:48,936 ERROR    [FetchInput] /compute_grasps service failed → exiting: failed
2026-04-15 15:42:48,937 DEBUG    [TaskSelector] Evaluating zone states: {'A': 'EMPTY', 'B': 'EMPTY'}  busy: {'A': False, 'B': False}
2026-04-15 15:42:48,937 INFO     [TaskSelector] → do_load (zone A empty)
2026-04-15 15:42:48,937 INFO     [FetchInput] Entering state
2026-04-15 15:42:48,940 INFO     [Service] /compute_grasps → success=False msg='No images received from PnP camera.'
2026-04-15 15:42:48,940 ERROR    [FetchInput] /compute_grasps service failed → exiting: failed
2026-04-15 15:42:48,940 DEBUG    [TaskSelector] Evaluating zone states: {'A': 'EMPTY', 'B': 'EMPTY'}  busy: {'A': False, 'B': False}
2026-04-15 15:42:48,940 INFO     [TaskSelector] → do_load (zone A empty)
2026-04-15 15:42:48,942 INFO     [FetchInput] Entering state
2026-04-15 15:42:48,944 INFO     [Service] /compute_grasps → success=False msg='No images received from PnP camera.'
2026-04-15 15:42:48,944 ERROR    [FetchInput] /compute_grasps service failed → exiting: failed
2026-04-15 15:42:48,945 DEBUG    [TaskSelector] Evaluating zone states: {'A': 'EMPTY', 'B': 'EMPTY'}  busy: {'A': False, 'B': False}
2026-04-15 15:42:48,945 INFO     [TaskSelector] → do_load (zone A empty)
2026-04-15 15:42:48,946 INFO     [FetchInput] Entering state
2026-04-15 15:42:48,950 INFO     [Service] /compute_grasps → success=False msg='No images received from PnP camera.'
2026-04-15 15:42:48,950 ERROR    [FetchInput] /compute_grasps service failed → exiting: failed
2026-04-15 15:42:48,951 DEBUG    [TaskSelector] Evaluating zone states: {'A': 'EMPTY', 'B': 'EMPTY'}  busy: {'A': False, 'B': False}
2026-04-15 15:42:48,951 INFO     [TaskSelector] → do_load (zone A empty)
2026-04-15 15:42:48,952 INFO     [FetchInput] Entering state
2026-04-15 15:42:48,955 INFO     [Service] /compute_grasps → success=False msg='No images received from PnP camera.'
2026-04-15 15:42:48,955 ERROR    [FetchInput] /compute_grasps service failed → exiting: failed
2026-04-15 15:42:48,957 DEBUG    [TaskSelector] Evaluating zone states: {'A': 'EMPTY', 'B': 'EMPTY'}  busy: {'A': False, 'B': False}
2026-04-15 15:42:48,957 INFO     [TaskSelector] → do_load (zone A empty)
2026-04-15 15:42:48,958 INFO     [FetchInput] Entering state
2026-04-15 15:42:48,961 INFO     [Service] /compute_grasps → success=False msg='No images received from PnP camera.'
2026-04-15 15:42:48,962 ERROR    [FetchInput] /compute_grasps service failed → exiting: failed
2026-04-15 15:42:48,965 DEBUG    [TaskSelector] Evaluating zone states: {'A': 'EMPTY', 'B': 'EMPTY'}  busy: {'A': False, 'B': False}
2026-04-15 15:42:48,965 INFO     [TaskSelector] → do_load (zone A empty)
2026-04-15 15:42:48,966 INFO     [FetchInput] Entering state
2026-04-15 15:42:48,969 INFO     [Service] /compute_grasps → success=False msg='No images received from PnP camera.'
2026-04-15 15:42:48,970 ERROR    [FetchInput] /compute_grasps service failed → exiting: failed
2026-04-15 15:42:48,971 DEBUG    [TaskSelector] Evaluating zone states: {'A': 'EMPTY', 'B': 'EMPTY'}  busy: {'A': False, 'B': False}
2026-04-15 15:42:48,972 INFO     [TaskSelector] → do_load (zone A empty)
2026-04-15 15:42:48,973 INFO     [FetchInput] Entering state
2026-04-15 15:42:48,977 INFO     [Service] /compute_grasps → success=False msg='No images received from PnP camera.'
2026-04-15 15:42:48,977 ERROR    [FetchInput] /compute_grasps service failed → exiting: failed
2026-04-15 15:42:48,978 DEBUG    [TaskSelector] Evaluating zone states: {'A': 'EMPTY', 'B': 'EMPTY'}  busy: {'A': False, 'B': False}
2026-04-15 15:42:48,978 INFO     [TaskSelector] → do_load (zone A empty)
2026-04-15 15:42:48,979 INFO     [FetchInput] Entering state
2026-04-15 15:42:48,984 INFO     [Service] /compute_grasps → success=False msg='No images received from PnP camera.'
2026-04-15 15:42:48,984 ERROR    [FetchInput] /compute_grasps service failed → exiting: failed
2026-04-15 15:42:48,985 DEBUG    [TaskSelector] Evaluating zone states: {'A': 'EMPTY', 'B': 'EMPTY'}  busy: {'A': False, 'B': False}
2026-04-15 15:42:48,985 INFO     [TaskSelector] → do_load (zone A empty)
2026-04-15 15:42:48,985 INFO     [FetchInput] Entering state
2026-04-15 15:42:48,988 INFO     [Service] /compute_grasps → success=False msg='No images received from PnP camera.'
2026-04-15 15:42:48,988 ERROR    [FetchInput] /compute_grasps service failed → exiting: failed
2026-04-15 15:42:48,989 DEBUG    [TaskSelector] Evaluating zone states: {'A': 'EMPTY', 'B': 'EMPTY'}  busy: {'A': False, 'B': False}
2026-04-15 15:42:48,989 INFO     [TaskSelector] → do_load (zone A empty)
2026-04-15 15:42:48,990 INFO     [FetchInput] Entering state
2026-04-15 15:42:48,992 INFO     [Service] /compute_grasps → success=False msg='No images received from PnP camera.'
2026-04-15 15:42:48,992 ERROR    [FetchInput] /compute_grasps service failed → exiting: failed
2026-04-15 15:42:48,993 DEBUG    [TaskSelector] Evaluating zone states: {'A': 'EMPTY', 'B': 'EMPTY'}  busy: {'A': False, 'B': False}
2026-04-15 15:42:48,993 INFO     [TaskSelector] → do_load (zone A empty)
2026-04-15 15:42:48,994 INFO     [FetchInput] Entering state
2026-04-15 15:42:48,996 INFO     [Service] /compute_grasps → success=False msg='No images received from PnP camera.'
2026-04-15 15:42:48,997 ERROR    [FetchInput] /compute_grasps service failed → exiting: failed
2026-04-15 15:42:48,997 DEBUG    [TaskSelector] Evaluating zone states: {'A': 'EMPTY', 'B': 'EMPTY'}  busy: {'A': False, 'B': False}
2026-04-15 15:42:48,997 INFO     [TaskSelector] → do_load (zone A empty)
2026-04-15 15:42:48,998 INFO     [FetchInput] Entering state
2026-04-15 15:42:49,000 INFO     [Service] /compute_grasps → success=False msg='No images received from PnP camera.'
2026-04-15 15:42:49,000 ERROR    [FetchInput] /compute_grasps service failed → exiting: failed
2026-04-15 15:42:49,001 DEBUG    [TaskSelector] Evaluating zone states: {'A': 'EMPTY', 'B': 'EMPTY'}  busy: {'A': False, 'B': False}
2026-04-15 15:42:49,001 INFO     [TaskSelector] → do_load (zone A empty)
2026-04-15 15:42:49,002 INFO     [FetchInput] Entering state
2026-04-15 15:42:49,004 INFO     [Service] /compute_grasps → success=False msg='No images received from PnP camera.'
2026-04-15 15:42:49,004 ERROR    [FetchInput] /compute_grasps service failed → exiting: failed
2026-04-15 15:42:49,005 DEBUG    [TaskSelector] Evaluating zone states: {'A': 'EMPTY', 'B': 'EMPTY'}  busy: {'A': False, 'B': False}
2026-04-15 15:42:49,005 INFO     [TaskSelector] → do_load (zone A empty)
2026-04-15 15:42:49,006 INFO     [FetchInput] Entering state
2026-04-15 15:42:49,009 INFO     [Service] /compute_grasps → success=False msg='No images received from PnP camera.'
2026-04-15 15:42:49,009 ERROR    [FetchInput] /compute_grasps service failed → exiting: failed
2026-04-15 15:42:49,010 DEBUG    [TaskSelector] Evaluating zone states: {'A': 'EMPTY', 'B': 'EMPTY'}  busy: {'A': False, 'B': False}
2026-04-15 15:42:49,010 INFO     [TaskSelector] → do_load (zone A empty)
2026-04-15 15:42:49,011 INFO     [FetchInput] Entering state
2026-04-15 15:42:49,014 INFO     [Service] /compute_grasps → success=False msg='No images received from PnP camera.'
2026-04-15 15:42:49,014 ERROR    [FetchInput] /compute_grasps service failed → exiting: failed
2026-04-15 15:42:49,015 DEBUG    [TaskSelector] Evaluating zone states: {'A': 'EMPTY', 'B': 'EMPTY'}  busy: {'A': False, 'B': False}
2026-04-15 15:42:49,016 INFO     [TaskSelector] → do_load (zone A empty)
2026-04-15 15:42:49,017 INFO     [FetchInput] Entering state
2026-04-15 15:42:49,020 INFO     [Service] /compute_grasps → success=False msg='No images received from PnP camera.'
2026-04-15 15:42:49,020 ERROR    [FetchInput] /compute_grasps service failed → exiting: failed
2026-04-15 15:42:49,021 DEBUG    [TaskSelector] Evaluating zone states: {'A': 'EMPTY', 'B': 'EMPTY'}  busy: {'A': False, 'B': False}
2026-04-15 15:42:49,021 INFO     [TaskSelector] → do_load (zone A empty)
2026-04-15 15:42:49,022 INFO     [FetchInput] Entering state
2026-04-15 15:42:49,026 INFO     [Service] /compute_grasps → success=False msg='No images received from PnP camera.'
2026-04-15 15:42:49,027 ERROR    [FetchInput] /compute_grasps service failed → exiting: failed
2026-04-15 15:42:49,028 DEBUG    [TaskSelector] Evaluating zone states: {'A': 'EMPTY', 'B': 'EMPTY'}  busy: {'A': False, 'B': False}
2026-04-15 15:42:49,028 INFO     [TaskSelector] → do_load (zone A empty)
2026-04-15 15:42:49,029 INFO     [FetchInput] Entering state
2026-04-15 15:42:49,033 INFO     [Service] /compute_grasps → success=False msg='No images received from PnP camera.'
2026-04-15 15:42:49,033 ERROR    [FetchInput] /compute_grasps service failed → exiting: failed
2026-04-15 15:42:49,035 DEBUG    [TaskSelector] Evaluating zone states: {'A': 'EMPTY', 'B': 'EMPTY'}  busy: {'A': False, 'B': False}
2026-04-15 15:42:49,035 INFO     [TaskSelector] → do_load (zone A empty)
2026-04-15 15:42:49,036 INFO     [FetchInput] Entering state
2026-04-15 15:42:49,041 INFO     [Service] /compute_grasps → success=False msg='No images received from PnP camera.'
2026-04-15 15:42:49,041 ERROR    [FetchInput] /compute_grasps service failed → exiting: failed
2026-04-15 15:42:49,043 DEBUG    [TaskSelector] Evaluating zone states: {'A': 'EMPTY', 'B': 'EMPTY'}  busy: {'A': False, 'B': False}
2026-04-15 15:42:49,043 INFO     [TaskSelector] → do_load (zone A empty)
2026-04-15 15:42:49,045 INFO     [FetchInput] Entering state
2026-04-15 15:42:49,051 INFO     [Service] /compute_grasps → success=False msg='No images received from PnP camera.'
2026-04-15 15:42:49,051 ERROR    [FetchInput] /compute_grasps service failed → exiting: failed
2026-04-15 15:42:49,052 DEBUG    [TaskSelector] Evaluating zone states: {'A': 'EMPTY', 'B': 'EMPTY'}  busy: {'A': False, 'B': False}
2026-04-15 15:42:49,052 INFO     [TaskSelector] → do_load (zone A empty)
2026-04-15 15:42:49,053 INFO     [FetchInput] Entering state
2026-04-15 15:42:49,056 INFO     [Service] /compute_grasps → success=False msg='No images received from PnP camera.'
2026-04-15 15:42:49,056 ERROR    [FetchInput] /compute_grasps service failed → exiting: failed
2026-04-15 15:42:49,057 DEBUG    [TaskSelector] Evaluating zone states: {'A': 'EMPTY', 'B': 'EMPTY'}  busy: {'A': False, 'B': False}
2026-04-15 15:42:49,058 INFO     [TaskSelector] → do_load (zone A empty)
2026-04-15 15:42:49,059 INFO     [FetchInput] Entering state
2026-04-15 15:42:49,062 INFO     [Service] /compute_grasps → success=False msg='No images received from PnP camera.'
2026-04-15 15:42:49,062 ERROR    [FetchInput] /compute_grasps service failed → exiting: failed
2026-04-15 15:42:49,063 DEBUG    [TaskSelector] Evaluating zone states: {'A': 'EMPTY', 'B': 'EMPTY'}  busy: {'A': False, 'B': False}
2026-04-15 15:42:49,063 INFO     [TaskSelector] → do_load (zone A empty)
2026-04-15 15:42:49,064 INFO     [FetchInput] Entering state
2026-04-15 15:42:49,066 INFO     [Service] /compute_grasps → success=False msg='No images received from PnP camera.'
2026-04-15 15:42:49,066 ERROR    [FetchInput] /compute_grasps service failed → exiting: failed
2026-04-15 15:42:49,067 DEBUG    [TaskSelector] Evaluating zone states: {'A': 'EMPTY', 'B': 'EMPTY'}  busy: {'A': False, 'B': False}
2026-04-15 15:42:49,067 INFO     [TaskSelector] → do_load (zone A empty)
2026-04-15 15:42:49,068 INFO     [FetchInput] Entering state
2026-04-15 15:42:49,071 INFO     [Service] /compute_grasps → success=False msg='No images received from PnP camera.'
2026-04-15 15:42:49,071 ERROR    [FetchInput] /compute_grasps service failed → exiting: failed
2026-04-15 15:42:49,073 DEBUG    [TaskSelector] Evaluating zone states: {'A': 'EMPTY', 'B': 'EMPTY'}  busy: {'A': False, 'B': False}
2026-04-15 15:42:49,073 INFO     [TaskSelector] → do_load (zone A empty)
2026-04-15 15:42:49,075 INFO     [FetchInput] Entering state
2026-04-15 15:42:49,079 INFO     [Service] /compute_grasps → success=False msg='No images received from PnP camera.'
2026-04-15 15:42:49,079 ERROR    [FetchInput] /compute_grasps service failed → exiting: failed
2026-04-15 15:42:49,080 DEBUG    [TaskSelector] Evaluating zone states: {'A': 'EMPTY', 'B': 'EMPTY'}  busy: {'A': False, 'B': False}
2026-04-15 15:42:49,081 INFO     [TaskSelector] → do_load (zone A empty)
2026-04-15 15:42:49,081 INFO     [FetchInput] Entering state
2026-04-15 15:42:49,087 INFO     [Service] /compute_grasps → success=False msg='No images received from PnP camera.'
2026-04-15 15:42:49,087 ERROR    [FetchInput] /compute_grasps service failed → exiting: failed
2026-04-15 15:42:49,088 DEBUG    [TaskSelector] Evaluating zone states: {'A': 'EMPTY', 'B': 'EMPTY'}  busy: {'A': False, 'B': False}
2026-04-15 15:42:49,088 INFO     [TaskSelector] → do_load (zone A empty)
2026-04-15 15:42:49,089 INFO     [FetchInput] Entering state
2026-04-15 15:42:49,093 INFO     [Service] /compute_grasps → success=False msg='No images received from PnP camera.'
2026-04-15 15:42:49,093 ERROR    [FetchInput] /compute_grasps service failed → exiting: failed
2026-04-15 15:42:49,095 DEBUG    [TaskSelector] Evaluating zone states: {'A': 'EMPTY', 'B': 'EMPTY'}  busy: {'A': False, 'B': False}
2026-04-15 15:42:49,095 INFO     [TaskSelector] → do_load (zone A empty)
2026-04-15 15:42:49,096 INFO     [FetchInput] Entering state
2026-04-15 15:42:49,102 INFO     [Service] /compute_grasps → success=False msg='No images received from PnP camera.'
2026-04-15 15:42:49,102 ERROR    [FetchInput] /compute_grasps service failed → exiting: failed
2026-04-15 15:42:49,104 DEBUG    [TaskSelector] Evaluating zone states: {'A': 'EMPTY', 'B': 'EMPTY'}  busy: {'A': False, 'B': False}
2026-04-15 15:42:49,104 INFO     [TaskSelector] → do_load (zone A empty)
2026-04-15 15:42:49,105 INFO     [FetchInput] Entering state
2026-04-15 15:42:49,110 INFO     [Service] /compute_grasps → success=False msg='No images received from PnP camera.'
2026-04-15 15:42:49,110 ERROR    [FetchInput] /compute_grasps service failed → exiting: failed
2026-04-15 15:42:49,112 DEBUG    [TaskSelector] Evaluating zone states: {'A': 'EMPTY', 'B': 'EMPTY'}  busy: {'A': False, 'B': False}
2026-04-15 15:42:49,112 INFO     [TaskSelector] → do_load (zone A empty)
2026-04-15 15:42:49,114 INFO     [FetchInput] Entering state
2026-04-15 15:42:49,118 INFO     [Service] /compute_grasps → success=False msg='No images received from PnP camera.'
2026-04-15 15:42:49,118 ERROR    [FetchInput] /compute_grasps service failed → exiting: failed
2026-04-15 15:42:49,119 DEBUG    [TaskSelector] Evaluating zone states: {'A': 'EMPTY', 'B': 'EMPTY'}  busy: {'A': False, 'B': False}
2026-04-15 15:42:49,119 INFO     [TaskSelector] → do_load (zone A empty)
2026-04-15 15:42:49,120 INFO     [FetchInput] Entering state
2026-04-15 15:42:49,122 INFO     [Service] /compute_grasps → success=False msg='No images received from PnP camera.'
2026-04-15 15:42:49,122 ERROR    [FetchInput] /compute_grasps service failed → exiting: failed
2026-04-15 15:42:49,123 DEBUG    [TaskSelector] Evaluating zone states: {'A': 'EMPTY', 'B': 'EMPTY'}  busy: {'A': False, 'B': False}
2026-04-15 15:42:49,123 INFO     [TaskSelector] → do_load (zone A empty)
2026-04-15 15:42:49,124 INFO     [FetchInput] Entering state
2026-04-15 15:42:49,127 INFO     [Service] /compute_grasps → success=False msg='No images received from PnP camera.'
2026-04-15 15:42:49,127 ERROR    [FetchInput] /compute_grasps service failed → exiting: failed
2026-04-15 15:42:49,128 DEBUG    [TaskSelector] Evaluating zone states: {'A': 'EMPTY', 'B': 'EMPTY'}  busy: {'A': False, 'B': False}
2026-04-15 15:42:49,128 INFO     [TaskSelector] → do_load (zone A empty)
2026-04-15 15:42:49,129 INFO     [FetchInput] Entering state
2026-04-15 15:42:49,132 INFO     [Service] /compute_grasps → success=False msg='No images received from PnP camera.'
2026-04-15 15:42:49,132 ERROR    [FetchInput] /compute_grasps service failed → exiting: failed
2026-04-15 15:42:49,133 DEBUG    [TaskSelector] Evaluating zone states: {'A': 'EMPTY', 'B': 'EMPTY'}  busy: {'A': False, 'B': False}
2026-04-15 15:42:49,133 INFO     [TaskSelector] → do_load (zone A empty)
2026-04-15 15:42:49,134 INFO     [FetchInput] Entering state
2026-04-15 15:42:49,136 INFO     [Service] /compute_grasps → success=False msg='No images received from PnP camera.'
2026-04-15 15:42:49,136 ERROR    [FetchInput] /compute_grasps service failed → exiting: failed
2026-04-15 15:42:49,137 DEBUG    [TaskSelector] Evaluating zone states: {'A': 'EMPTY', 'B': 'EMPTY'}  busy: {'A': False, 'B': False}
2026-04-15 15:42:49,137 INFO     [TaskSelector] → do_load (zone A empty)
2026-04-15 15:42:49,138 INFO     [FetchInput] Entering state
2026-04-15 15:42:49,140 INFO     [Service] /compute_grasps → success=False msg='No images received from PnP camera.'
2026-04-15 15:42:49,140 ERROR    [FetchInput] /compute_grasps service failed → exiting: failed
2026-04-15 15:42:49,141 DEBUG    [TaskSelector] Evaluating zone states: {'A': 'EMPTY', 'B': 'EMPTY'}  busy: {'A': False, 'B': False}
2026-04-15 15:42:49,141 INFO     [TaskSelector] → do_load (zone A empty)
2026-04-15 15:42:49,142 INFO     [FetchInput] Entering state
2026-04-15 15:42:49,144 INFO     [Service] /compute_grasps → success=False msg='No images received from PnP camera.'
2026-04-15 15:42:49,145 ERROR    [FetchInput] /compute_grasps service failed → exiting: failed
2026-04-15 15:42:49,145 DEBUG    [TaskSelector] Evaluating zone states: {'A': 'EMPTY', 'B': 'EMPTY'}  busy: {'A': False, 'B': False}
2026-04-15 15:42:49,146 INFO     [TaskSelector] → do_load (zone A empty)
2026-04-15 15:42:49,146 INFO     [FetchInput] Entering state
2026-04-15 15:42:49,149 INFO     [Service] /compute_grasps → success=False msg='No images received from PnP camera.'
2026-04-15 15:42:49,149 ERROR    [FetchInput] /compute_grasps service failed → exiting: failed
2026-04-15 15:42:49,150 DEBUG    [TaskSelector] Evaluating zone states: {'A': 'EMPTY', 'B': 'EMPTY'}  busy: {'A': False, 'B': False}
2026-04-15 15:42:49,150 INFO     [TaskSelector] → do_load (zone A empty)
2026-04-15 15:42:49,151 INFO     [FetchInput] Entering state
2026-04-15 15:42:49,153 INFO     [Service] /compute_grasps → success=False msg='No images received from PnP camera.'
2026-04-15 15:42:49,154 ERROR    [FetchInput] /compute_grasps service failed → exiting: failed
2026-04-15 15:42:49,155 DEBUG    [TaskSelector] Evaluating zone states: {'A': 'EMPTY', 'B': 'EMPTY'}  busy: {'A': False, 'B': False}
2026-04-15 15:42:49,155 INFO     [TaskSelector] → do_load (zone A empty)
2026-04-15 15:42:49,156 INFO     [FetchInput] Entering state
2026-04-15 15:42:49,161 INFO     [Service] /compute_grasps → success=False msg='No images received from PnP camera.'
2026-04-15 15:42:49,161 ERROR    [FetchInput] /compute_grasps service failed → exiting: failed
2026-04-15 15:42:49,163 DEBUG    [TaskSelector] Evaluating zone states: {'A': 'EMPTY', 'B': 'EMPTY'}  busy: {'A': False, 'B': False}
2026-04-15 15:42:49,163 INFO     [TaskSelector] → do_load (zone A empty)
2026-04-15 15:42:49,165 INFO     [FetchInput] Entering state
2026-04-15 15:42:49,170 INFO     [Service] /compute_grasps → success=False msg='No images received from PnP camera.'
2026-04-15 15:42:49,170 ERROR    [FetchInput] /compute_grasps service failed → exiting: failed
2026-04-15 15:42:49,171 DEBUG    [TaskSelector] Evaluating zone states: {'A': 'EMPTY', 'B': 'EMPTY'}  busy: {'A': False, 'B': False}
2026-04-15 15:42:49,171 INFO     [TaskSelector] → do_load (zone A empty)
2026-04-15 15:42:49,172 INFO     [FetchInput] Entering state
2026-04-15 15:42:49,178 INFO     [Service] /compute_grasps → success=False msg='No images received from PnP camera.'
2026-04-15 15:42:49,179 ERROR    [FetchInput] /compute_grasps service failed → exiting: failed
2026-04-15 15:42:49,180 DEBUG    [TaskSelector] Evaluating zone states: {'A': 'EMPTY', 'B': 'EMPTY'}  busy: {'A': False, 'B': False}
2026-04-15 15:42:49,180 INFO     [TaskSelector] → do_load (zone A empty)
2026-04-15 15:42:49,181 INFO     [FetchInput] Entering state
2026-04-15 15:42:49,184 INFO     [Service] /compute_grasps → success=False msg='No images received from PnP camera.'
2026-04-15 15:42:49,184 ERROR    [FetchInput] /compute_grasps service failed → exiting: failed
2026-04-15 15:42:49,185 DEBUG    [TaskSelector] Evaluating zone states: {'A': 'EMPTY', 'B': 'EMPTY'}  busy: {'A': False, 'B': False}
2026-04-15 15:42:49,185 INFO     [TaskSelector] → do_load (zone A empty)
2026-04-15 15:42:49,185 INFO     [FetchInput] Entering state
2026-04-15 15:42:49,188 INFO     [Service] /compute_grasps → success=False msg='No images received from PnP camera.'
2026-04-15 15:42:49,188 ERROR    [FetchInput] /compute_grasps service failed → exiting: failed
2026-04-15 15:42:49,189 DEBUG    [TaskSelector] Evaluating zone states: {'A': 'EMPTY', 'B': 'EMPTY'}  busy: {'A': False, 'B': False}
2026-04-15 15:42:49,189 INFO     [TaskSelector] → do_load (zone A empty)
2026-04-15 15:42:49,190 INFO     [FetchInput] Entering state
2026-04-15 15:42:49,192 INFO     [Service] /compute_grasps → success=False msg='No images received from PnP camera.'
2026-04-15 15:42:49,192 ERROR    [FetchInput] /compute_grasps service failed → exiting: failed
2026-04-15 15:42:49,193 DEBUG    [TaskSelector] Evaluating zone states: {'A': 'EMPTY', 'B': 'EMPTY'}  busy: {'A': False, 'B': False}
2026-04-15 15:42:49,193 INFO     [TaskSelector] → do_load (zone A empty)
2026-04-15 15:42:49,194 INFO     [FetchInput] Entering state
2026-04-15 15:42:49,197 INFO     [Service] /compute_grasps → success=False msg='No images received from PnP camera.'
2026-04-15 15:42:49,197 ERROR    [FetchInput] /compute_grasps service failed → exiting: failed
2026-04-15 15:42:49,198 DEBUG    [TaskSelector] Evaluating zone states: {'A': 'EMPTY', 'B': 'EMPTY'}  busy: {'A': False, 'B': False}
2026-04-15 15:42:49,198 INFO     [TaskSelector] → do_load (zone A empty)
2026-04-15 15:42:49,198 INFO     [FetchInput] Entering state
2026-04-15 15:42:49,200 INFO     [Service] /compute_grasps → success=False msg='No images received from PnP camera.'
2026-04-15 15:42:49,201 ERROR    [FetchInput] /compute_grasps service failed → exiting: failed
2026-04-15 15:42:49,201 DEBUG    [TaskSelector] Evaluating zone states: {'A': 'EMPTY', 'B': 'EMPTY'}  busy: {'A': False, 'B': False}
2026-04-15 15:42:49,202 INFO     [TaskSelector] → do_load (zone A empty)
2026-04-15 15:42:49,202 INFO     [FetchInput] Entering state
2026-04-15 15:42:49,204 INFO     [Service] /compute_grasps → success=False msg='No images received from PnP camera.'
2026-04-15 15:42:49,204 ERROR    [FetchInput] /compute_grasps service failed → exiting: failed
2026-04-15 15:42:49,205 DEBUG    [TaskSelector] Evaluating zone states: {'A': 'EMPTY', 'B': 'EMPTY'}  busy: {'A': False, 'B': False}
2026-04-15 15:42:49,205 INFO     [TaskSelector] → do_load (zone A empty)
2026-04-15 15:42:49,206 INFO     [FetchInput] Entering state
2026-04-15 15:42:49,209 INFO     [Service] /compute_grasps → success=False msg='No images received from PnP camera.'
2026-04-15 15:42:49,209 ERROR    [FetchInput] /compute_grasps service failed → exiting: failed
2026-04-15 15:42:49,210 DEBUG    [TaskSelector] Evaluating zone states: {'A': 'EMPTY', 'B': 'EMPTY'}  busy: {'A': False, 'B': False}
2026-04-15 15:42:49,210 INFO     [TaskSelector] → do_load (zone A empty)
2026-04-15 15:42:49,211 INFO     [FetchInput] Entering state
2026-04-15 15:42:49,213 INFO     [Service] /compute_grasps → success=False msg='No images received from PnP camera.'
2026-04-15 15:42:49,213 ERROR    [FetchInput] /compute_grasps service failed → exiting: failed
2026-04-15 15:42:49,214 DEBUG    [TaskSelector] Evaluating zone states: {'A': 'EMPTY', 'B': 'EMPTY'}  busy: {'A': False, 'B': False}
2026-04-15 15:42:49,214 INFO     [TaskSelector] → do_load (zone A empty)
2026-04-15 15:42:49,215 INFO     [FetchInput] Entering state
2026-04-15 15:42:49,218 INFO     [Service] /compute_grasps → success=False msg='No images received from PnP camera.'
2026-04-15 15:42:49,218 ERROR    [FetchInput] /compute_grasps service failed → exiting: failed
2026-04-15 15:42:49,219 DEBUG    [TaskSelector] Evaluating zone states: {'A': 'EMPTY', 'B': 'EMPTY'}  busy: {'A': False, 'B': False}
2026-04-15 15:42:49,219 INFO     [TaskSelector] → do_load (zone A empty)
2026-04-15 15:42:49,219 INFO     [FetchInput] Entering state
2026-04-15 15:42:49,223 INFO     [Service] /compute_grasps → success=False msg='No images received from PnP camera.'
2026-04-15 15:42:49,223 ERROR    [FetchInput] /compute_grasps service failed → exiting: failed
2026-04-15 15:42:49,225 DEBUG    [TaskSelector] Evaluating zone states: {'A': 'EMPTY', 'B': 'EMPTY'}  busy: {'A': False, 'B': False}
2026-04-15 15:42:49,225 INFO     [TaskSelector] → do_load (zone A empty)
2026-04-15 15:42:49,227 INFO     [FetchInput] Entering state
2026-04-15 15:42:49,231 INFO     [Service] /compute_grasps → success=False msg='No images received from PnP camera.'
2026-04-15 15:42:49,232 ERROR    [FetchInput] /compute_grasps service failed → exiting: failed
2026-04-15 15:42:49,233 DEBUG    [TaskSelector] Evaluating zone states: {'A': 'EMPTY', 'B': 'EMPTY'}  busy: {'A': False, 'B': False}
2026-04-15 15:42:49,233 INFO     [TaskSelector] → do_load (zone A empty)
2026-04-15 15:42:49,234 INFO     [FetchInput] Entering state
2026-04-15 15:42:49,238 INFO     [Service] /compute_grasps → success=False msg='No images received from PnP camera.'
2026-04-15 15:42:49,239 ERROR    [FetchInput] /compute_grasps service failed → exiting: failed
2026-04-15 15:42:49,240 DEBUG    [TaskSelector] Evaluating zone states: {'A': 'EMPTY', 'B': 'EMPTY'}  busy: {'A': False, 'B': False}
2026-04-15 15:42:49,240 INFO     [TaskSelector] → do_load (zone A empty)
2026-04-15 15:42:49,241 INFO     [FetchInput] Entering state
2026-04-15 15:42:49,244 INFO     [Service] /compute_grasps → success=False msg='No images received from PnP camera.'
2026-04-15 15:42:49,245 ERROR    [FetchInput] /compute_grasps service failed → exiting: failed
2026-04-15 15:42:49,246 DEBUG    [TaskSelector] Evaluating zone states: {'A': 'EMPTY', 'B': 'EMPTY'}  busy: {'A': False, 'B': False}
2026-04-15 15:42:49,246 INFO     [TaskSelector] → do_load (zone A empty)
2026-04-15 15:42:49,247 INFO     [FetchInput] Entering state
2026-04-15 15:42:49,249 INFO     [Service] /compute_grasps → success=False msg='No images received from PnP camera.'
2026-04-15 15:42:49,249 ERROR    [FetchInput] /compute_grasps service failed → exiting: failed
2026-04-15 15:42:49,250 DEBUG    [TaskSelector] Evaluating zone states: {'A': 'EMPTY', 'B': 'EMPTY'}  busy: {'A': False, 'B': False}
2026-04-15 15:42:49,250 INFO     [TaskSelector] → do_load (zone A empty)
2026-04-15 15:42:49,251 INFO     [FetchInput] Entering state
2026-04-15 15:42:49,253 INFO     [Service] /compute_grasps → success=False msg='No images received from PnP camera.'
2026-04-15 15:42:49,253 ERROR    [FetchInput] /compute_grasps service failed → exiting: failed
2026-04-15 15:42:49,254 DEBUG    [TaskSelector] Evaluating zone states: {'A': 'EMPTY', 'B': 'EMPTY'}  busy: {'A': False, 'B': False}
2026-04-15 15:42:49,254 INFO     [TaskSelector] → do_load (zone A empty)
2026-04-15 15:42:49,255 INFO     [FetchInput] Entering state
2026-04-15 15:42:49,258 INFO     [Service] /compute_grasps → success=False msg='No images received from PnP camera.'
2026-04-15 15:42:49,258 ERROR    [FetchInput] /compute_grasps service failed → exiting: failed
2026-04-15 15:42:49,259 DEBUG    [TaskSelector] Evaluating zone states: {'A': 'EMPTY', 'B': 'EMPTY'}  busy: {'A': False, 'B': False}
2026-04-15 15:42:49,259 INFO     [TaskSelector] → do_load (zone A empty)
2026-04-15 15:42:49,260 INFO     [FetchInput] Entering state
2026-04-15 15:42:49,263 INFO     [Service] /compute_grasps → success=False msg='No images received from PnP camera.'
2026-04-15 15:42:49,263 ERROR    [FetchInput] /compute_grasps service failed → exiting: failed
2026-04-15 15:42:49,264 DEBUG    [TaskSelector] Evaluating zone states: {'A': 'EMPTY', 'B': 'EMPTY'}  busy: {'A': False, 'B': False}
2026-04-15 15:42:49,264 INFO     [TaskSelector] → do_load (zone A empty)
2026-04-15 15:42:49,265 INFO     [FetchInput] Entering state
2026-04-15 15:42:49,267 INFO     [Service] /compute_grasps → success=False msg='No images received from PnP camera.'
2026-04-15 15:42:49,267 ERROR    [FetchInput] /compute_grasps service failed → exiting: failed
2026-04-15 15:42:49,268 DEBUG    [TaskSelector] Evaluating zone states: {'A': 'EMPTY', 'B': 'EMPTY'}  busy: {'A': False, 'B': False}
2026-04-15 15:42:49,268 INFO     [TaskSelector] → do_load (zone A empty)
2026-04-15 15:42:49,268 INFO     [FetchInput] Entering state
2026-04-15 15:42:49,271 INFO     [Service] /compute_grasps → success=False msg='No images received from PnP camera.'
2026-04-15 15:42:49,271 ERROR    [FetchInput] /compute_grasps service failed → exiting: failed
2026-04-15 15:42:49,272 DEBUG    [TaskSelector] Evaluating zone states: {'A': 'EMPTY', 'B': 'EMPTY'}  busy: {'A': False, 'B': False}
2026-04-15 15:42:49,272 INFO     [TaskSelector] → do_load (zone A empty)
2026-04-15 15:42:49,273 INFO     [FetchInput] Entering state
2026-04-15 15:42:49,276 INFO     [Service] /compute_grasps → success=False msg='No images received from PnP camera.'
2026-04-15 15:42:49,276 ERROR    [FetchInput] /compute_grasps service failed → exiting: failed
2026-04-15 15:42:49,277 DEBUG    [TaskSelector] Evaluating zone states: {'A': 'EMPTY', 'B': 'EMPTY'}  busy: {'A': False, 'B': False}
2026-04-15 15:42:49,277 INFO     [TaskSelector] → do_load (zone A empty)
2026-04-15 15:42:49,278 INFO     [FetchInput] Entering state
2026-04-15 15:42:49,281 INFO     [Service] /compute_grasps → success=False msg='No images received from PnP camera.'
2026-04-15 15:42:49,281 ERROR    [FetchInput] /compute_grasps service failed → exiting: failed
2026-04-15 15:42:49,282 DEBUG    [TaskSelector] Evaluating zone states: {'A': 'EMPTY', 'B': 'EMPTY'}  busy: {'A': False, 'B': False}
2026-04-15 15:42:49,282 INFO     [TaskSelector] → do_load (zone A empty)
2026-04-15 15:42:49,283 INFO     [FetchInput] Entering state
2026-04-15 15:42:49,286 INFO     [Service] /compute_grasps → success=False msg='No images received from PnP camera.'
2026-04-15 15:42:49,286 ERROR    [FetchInput] /compute_grasps service failed → exiting: failed
2026-04-15 15:42:49,287 DEBUG    [TaskSelector] Evaluating zone states: {'A': 'EMPTY', 'B': 'EMPTY'}  busy: {'A': False, 'B': False}
2026-04-15 15:42:49,287 INFO     [TaskSelector] → do_load (zone A empty)
2026-04-15 15:42:49,288 INFO     [FetchInput] Entering state
2026-04-15 15:42:49,291 INFO     [Service] /compute_grasps → success=False msg='No images received from PnP camera.'
2026-04-15 15:42:49,292 ERROR    [FetchInput] /compute_grasps service failed → exiting: failed
2026-04-15 15:42:49,293 DEBUG    [TaskSelector] Evaluating zone states: {'A': 'EMPTY', 'B': 'EMPTY'}  busy: {'A': False, 'B': False}
2026-04-15 15:42:49,293 INFO     [TaskSelector] → do_load (zone A empty)
2026-04-15 15:42:49,294 INFO     [FetchInput] Entering state
2026-04-15 15:42:49,297 INFO     [Service] /compute_grasps → success=False msg='No images received from PnP camera.'
2026-04-15 15:42:49,298 ERROR    [FetchInput] /compute_grasps service failed → exiting: failed
2026-04-15 15:42:49,300 DEBUG    [TaskSelector] Evaluating zone states: {'A': 'EMPTY', 'B': 'EMPTY'}  busy: {'A': False, 'B': False}
2026-04-15 15:42:49,301 INFO     [TaskSelector] → do_load (zone A empty)
2026-04-15 15:42:49,303 INFO     [FetchInput] Entering state
2026-04-15 15:42:49,307 INFO     [Service] /compute_grasps → success=False msg='No images received from PnP camera.'
2026-04-15 15:42:49,308 ERROR    [FetchInput] /compute_grasps service failed → exiting: failed
2026-04-15 15:42:49,310 DEBUG    [TaskSelector] Evaluating zone states: {'A': 'EMPTY', 'B': 'EMPTY'}  busy: {'A': False, 'B': False}
2026-04-15 15:42:49,310 INFO     [TaskSelector] → do_load (zone A empty)
2026-04-15 15:42:49,311 INFO     [FetchInput] Entering state
2026-04-15 15:42:49,315 INFO     [Service] /compute_grasps → success=False msg='No images received from PnP camera.'
2026-04-15 15:42:49,315 ERROR    [FetchInput] /compute_grasps service failed → exiting: failed
2026-04-15 15:42:49,315 DEBUG    [TaskSelector] Evaluating zone states: {'A': 'EMPTY', 'B': 'EMPTY'}  busy: {'A': False, 'B': False}
2026-04-15 15:42:49,315 INFO     [TaskSelector] → do_load (zone A empty)
2026-04-15 15:42:49,317 INFO     [FetchInput] Entering state
2026-04-15 15:42:49,319 INFO     [Service] /compute_grasps → success=False msg='No images received from PnP camera.'
2026-04-15 15:42:49,319 ERROR    [FetchInput] /compute_grasps service failed → exiting: failed
2026-04-15 15:42:49,320 DEBUG    [TaskSelector] Evaluating zone states: {'A': 'EMPTY', 'B': 'EMPTY'}  busy: {'A': False, 'B': False}
2026-04-15 15:42:49,320 INFO     [TaskSelector] → do_load (zone A empty)
2026-04-15 15:42:49,321 INFO     [FetchInput] Entering state
2026-04-15 15:42:49,323 INFO     [Service] /compute_grasps → success=False msg='No images received from PnP camera.'
2026-04-15 15:42:49,323 ERROR    [FetchInput] /compute_grasps service failed → exiting: failed
2026-04-15 15:42:49,324 DEBUG    [TaskSelector] Evaluating zone states: {'A': 'EMPTY', 'B': 'EMPTY'}  busy: {'A': False, 'B': False}
2026-04-15 15:42:49,324 INFO     [TaskSelector] → do_load (zone A empty)
2026-04-15 15:42:49,325 INFO     [FetchInput] Entering state
2026-04-15 15:42:49,328 INFO     [Service] /compute_grasps → success=False msg='No images received from PnP camera.'
2026-04-15 15:42:49,328 ERROR    [FetchInput] /compute_grasps service failed → exiting: failed
2026-04-15 15:42:49,329 DEBUG    [TaskSelector] Evaluating zone states: {'A': 'EMPTY', 'B': 'EMPTY'}  busy: {'A': False, 'B': False}
2026-04-15 15:42:49,329 INFO     [TaskSelector] → do_load (zone A empty)
2026-04-15 15:42:49,330 INFO     [FetchInput] Entering state
2026-04-15 15:42:49,333 INFO     [Service] /compute_grasps → success=False msg='No images received from PnP camera.'
2026-04-15 15:42:49,333 ERROR    [FetchInput] /compute_grasps service failed → exiting: failed
2026-04-15 15:42:49,334 DEBUG    [TaskSelector] Evaluating zone states: {'A': 'EMPTY', 'B': 'EMPTY'}  busy: {'A': False, 'B': False}
2026-04-15 15:42:49,334 INFO     [TaskSelector] → do_load (zone A empty)
2026-04-15 15:42:49,335 INFO     [FetchInput] Entering state
2026-04-15 15:42:49,337 INFO     [Service] /compute_grasps → success=False msg='No images received from PnP camera.'
2026-04-15 15:42:49,337 ERROR    [FetchInput] /compute_grasps service failed → exiting: failed
2026-04-15 15:42:49,338 DEBUG    [TaskSelector] Evaluating zone states: {'A': 'EMPTY', 'B': 'EMPTY'}  busy: {'A': False, 'B': False}
2026-04-15 15:42:49,338 INFO     [TaskSelector] → do_load (zone A empty)
2026-04-15 15:42:49,339 INFO     [FetchInput] Entering state
2026-04-15 15:42:49,341 INFO     [Service] /compute_grasps → success=False msg='No images received from PnP camera.'
2026-04-15 15:42:49,341 ERROR    [FetchInput] /compute_grasps service failed → exiting: failed
2026-04-15 15:42:49,342 DEBUG    [TaskSelector] Evaluating zone states: {'A': 'EMPTY', 'B': 'EMPTY'}  busy: {'A': False, 'B': False}
2026-04-15 15:42:49,342 INFO     [TaskSelector] → do_load (zone A empty)
2026-04-15 15:42:49,343 INFO     [FetchInput] Entering state
2026-04-15 15:42:49,345 INFO     [Service] /compute_grasps → success=False msg='No images received from PnP camera.'
2026-04-15 15:42:49,345 ERROR    [FetchInput] /compute_grasps service failed → exiting: failed
2026-04-15 15:42:49,346 DEBUG    [TaskSelector] Evaluating zone states: {'A': 'EMPTY', 'B': 'EMPTY'}  busy: {'A': False, 'B': False}
2026-04-15 15:42:49,346 INFO     [TaskSelector] → do_load (zone A empty)
2026-04-15 15:42:49,347 INFO     [FetchInput] Entering state
2026-04-15 15:42:49,349 INFO     [Service] /compute_grasps → success=False msg='No images received from PnP camera.'
2026-04-15 15:42:49,349 ERROR    [FetchInput] /compute_grasps service failed → exiting: failed
2026-04-15 15:42:49,350 DEBUG    [TaskSelector] Evaluating zone states: {'A': 'EMPTY', 'B': 'EMPTY'}  busy: {'A': False, 'B': False}
2026-04-15 15:42:49,350 INFO     [TaskSelector] → do_load (zone A empty)
2026-04-15 15:42:49,351 INFO     [FetchInput] Entering state
2026-04-15 15:42:49,354 INFO     [Service] /compute_grasps → success=False msg='No images received from PnP camera.'
2026-04-15 15:42:49,354 ERROR    [FetchInput] /compute_grasps service failed → exiting: failed
2026-04-15 15:42:49,355 DEBUG    [TaskSelector] Evaluating zone states: {'A': 'EMPTY', 'B': 'EMPTY'}  busy: {'A': False, 'B': False}
2026-04-15 15:42:49,355 INFO     [TaskSelector] → do_load (zone A empty)
2026-04-15 15:42:49,357 INFO     [FetchInput] Entering state
2026-04-15 15:42:49,362 INFO     [Service] /compute_grasps → success=False msg='No images received from PnP camera.'
2026-04-15 15:42:49,362 ERROR    [FetchInput] /compute_grasps service failed → exiting: failed
2026-04-15 15:42:49,364 DEBUG    [TaskSelector] Evaluating zone states: {'A': 'EMPTY', 'B': 'EMPTY'}  busy: {'A': False, 'B': False}
2026-04-15 15:42:49,364 INFO     [TaskSelector] → do_load (zone A empty)
2026-04-15 15:42:49,365 INFO     [FetchInput] Entering state
2026-04-15 15:42:49,371 INFO     [Service] /compute_grasps → success=False msg='No images received from PnP camera.'
2026-04-15 15:42:49,372 ERROR    [FetchInput] /compute_grasps service failed → exiting: failed
2026-04-15 15:42:49,373 DEBUG    [TaskSelector] Evaluating zone states: {'A': 'EMPTY', 'B': 'EMPTY'}  busy: {'A': False, 'B': False}
2026-04-15 15:42:49,373 INFO     [TaskSelector] → do_load (zone A empty)
2026-04-15 15:42:49,375 INFO     [FetchInput] Entering state
2026-04-15 15:42:49,382 INFO     [Service] /compute_grasps → success=False msg='No images received from PnP camera.'
2026-04-15 15:42:49,382 ERROR    [FetchInput] /compute_grasps service failed → exiting: failed
2026-04-15 15:42:49,383 DEBUG    [TaskSelector] Evaluating zone states: {'A': 'EMPTY', 'B': 'EMPTY'}  busy: {'A': False, 'B': False}
2026-04-15 15:42:49,383 INFO     [TaskSelector] → do_load (zone A empty)
2026-04-15 15:42:49,384 INFO     [FetchInput] Entering state
2026-04-15 15:42:49,386 INFO     [Service] /compute_grasps → success=False msg='No images received from PnP camera.'
2026-04-15 15:42:49,386 ERROR    [FetchInput] /compute_grasps service failed → exiting: failed
2026-04-15 15:42:49,387 DEBUG    [TaskSelector] Evaluating zone states: {'A': 'EMPTY', 'B': 'EMPTY'}  busy: {'A': False, 'B': False}
2026-04-15 15:42:49,387 INFO     [TaskSelector] → do_load (zone A empty)
2026-04-15 15:42:49,388 INFO     [FetchInput] Entering state
2026-04-15 15:42:49,390 INFO     [Service] /compute_grasps → success=False msg='No images received from PnP camera.'
2026-04-15 15:42:49,391 ERROR    [FetchInput] /compute_grasps service failed → exiting: failed
2026-04-15 15:42:49,391 DEBUG    [TaskSelector] Evaluating zone states: {'A': 'EMPTY', 'B': 'EMPTY'}  busy: {'A': False, 'B': False}
2026-04-15 15:42:49,391 INFO     [TaskSelector] → do_load (zone A empty)
2026-04-15 15:42:49,392 INFO     [FetchInput] Entering state
2026-04-15 15:42:49,395 INFO     [Service] /compute_grasps → success=False msg='No images received from PnP camera.'
2026-04-15 15:42:49,395 ERROR    [FetchInput] /compute_grasps service failed → exiting: failed
2026-04-15 15:42:49,396 DEBUG    [TaskSelector] Evaluating zone states: {'A': 'EMPTY', 'B': 'EMPTY'}  busy: {'A': False, 'B': False}
2026-04-15 15:42:49,396 INFO     [TaskSelector] → do_load (zone A empty)
2026-04-15 15:42:49,397 INFO     [FetchInput] Entering state
2026-04-15 15:42:49,399 INFO     [Service] /compute_grasps → success=False msg='No images received from PnP camera.'
2026-04-15 15:42:49,399 ERROR    [FetchInput] /compute_grasps service failed → exiting: failed
2026-04-15 15:42:49,399 DEBUG    [TaskSelector] Evaluating zone states: {'A': 'EMPTY', 'B': 'EMPTY'}  busy: {'A': False, 'B': False}
2026-04-15 15:42:49,400 INFO     [TaskSelector] → do_load (zone A empty)
2026-04-15 15:42:49,401 INFO     [FetchInput] Entering state
2026-04-15 15:42:49,403 INFO     [Service] /compute_grasps → success=False msg='No images received from PnP camera.'
2026-04-15 15:42:49,403 ERROR    [FetchInput] /compute_grasps service failed → exiting: failed
2026-04-15 15:42:49,403 DEBUG    [TaskSelector] Evaluating zone states: {'A': 'EMPTY', 'B': 'EMPTY'}  busy: {'A': False, 'B': False}
2026-04-15 15:42:49,404 INFO     [TaskSelector] → do_load (zone A empty)
2026-04-15 15:42:49,404 INFO     [FetchInput] Entering state
2026-04-15 15:42:49,406 INFO     [Service] /compute_grasps → success=False msg='No images received from PnP camera.'
2026-04-15 15:42:49,406 ERROR    [FetchInput] /compute_grasps service failed → exiting: failed
2026-04-15 15:42:49,408 DEBUG    [TaskSelector] Evaluating zone states: {'A': 'EMPTY', 'B': 'EMPTY'}  busy: {'A': False, 'B': False}
2026-04-15 15:42:49,408 INFO     [TaskSelector] → do_load (zone A empty)
2026-04-15 15:42:49,409 INFO     [FetchInput] Entering state
2026-04-15 15:42:49,411 INFO     [Service] /compute_grasps → success=False msg='No images received from PnP camera.'
2026-04-15 15:42:49,411 ERROR    [FetchInput] /compute_grasps service failed → exiting: failed
2026-04-15 15:42:49,412 DEBUG    [TaskSelector] Evaluating zone states: {'A': 'EMPTY', 'B': 'EMPTY'}  busy: {'A': False, 'B': False}
2026-04-15 15:42:49,412 INFO     [TaskSelector] → do_load (zone A empty)
2026-04-15 15:42:49,412 INFO     [FetchInput] Entering state
2026-04-15 15:42:49,415 INFO     [Service] /compute_grasps → success=False msg='No images received from PnP camera.'
2026-04-15 15:42:49,415 ERROR    [FetchInput] /compute_grasps service failed → exiting: failed
2026-04-15 15:42:49,416 DEBUG    [TaskSelector] Evaluating zone states: {'A': 'EMPTY', 'B': 'EMPTY'}  busy: {'A': False, 'B': False}
2026-04-15 15:42:49,416 INFO     [TaskSelector] → do_load (zone A empty)
2026-04-15 15:42:49,418 INFO     [FetchInput] Entering state
2026-04-15 15:42:49,420 INFO     [Service] /compute_grasps → success=False msg='No images received from PnP camera.'
2026-04-15 15:42:49,420 ERROR    [FetchInput] /compute_grasps service failed → exiting: failed
2026-04-15 15:42:49,421 DEBUG    [TaskSelector] Evaluating zone states: {'A': 'EMPTY', 'B': 'EMPTY'}  busy: {'A': False, 'B': False}
2026-04-15 15:42:49,421 INFO     [TaskSelector] → do_load (zone A empty)
2026-04-15 15:42:49,422 INFO     [FetchInput] Entering state
2026-04-15 15:42:49,428 INFO     [Service] /compute_grasps → success=False msg='No images received from PnP camera.'
2026-04-15 15:42:49,428 ERROR    [FetchInput] /compute_grasps service failed → exiting: failed
2026-04-15 15:42:49,429 DEBUG    [TaskSelector] Evaluating zone states: {'A': 'EMPTY', 'B': 'EMPTY'}  busy: {'A': False, 'B': False}
2026-04-15 15:42:49,429 INFO     [TaskSelector] → do_load (zone A empty)
2026-04-15 15:42:49,430 INFO     [FetchInput] Entering state
2026-04-15 15:42:49,434 INFO     [Service] /compute_grasps → success=False msg='No images received from PnP camera.'
2026-04-15 15:42:49,434 ERROR    [FetchInput] /compute_grasps service failed → exiting: failed
2026-04-15 15:42:49,436 DEBUG    [TaskSelector] Evaluating zone states: {'A': 'EMPTY', 'B': 'EMPTY'}  busy: {'A': False, 'B': False}
2026-04-15 15:42:49,436 INFO     [TaskSelector] → do_load (zone A empty)
2026-04-15 15:42:49,438 INFO     [FetchInput] Entering state
2026-04-15 15:42:49,441 INFO     [Service] /compute_grasps → success=False msg='No images received from PnP camera.'
2026-04-15 15:42:49,442 ERROR    [FetchInput] /compute_grasps service failed → exiting: failed
2026-04-15 15:42:49,443 DEBUG    [TaskSelector] Evaluating zone states: {'A': 'EMPTY', 'B': 'EMPTY'}  busy: {'A': False, 'B': False}
2026-04-15 15:42:49,443 INFO     [TaskSelector] → do_load (zone A empty)
2026-04-15 15:42:49,446 INFO     [FetchInput] Entering state
2026-04-15 15:42:49,450 INFO     [Service] /compute_grasps → success=False msg='No images received from PnP camera.'
2026-04-15 15:42:49,450 ERROR    [FetchInput] /compute_grasps service failed → exiting: failed
2026-04-15 15:42:49,452 DEBUG    [TaskSelector] Evaluating zone states: {'A': 'EMPTY', 'B': 'EMPTY'}  busy: {'A': False, 'B': False}
2026-04-15 15:42:49,452 INFO     [TaskSelector] → do_load (zone A empty)
2026-04-15 15:42:49,452 INFO     [FetchInput] Entering state
2026-04-15 15:42:49,455 INFO     [Service] /compute_grasps → success=False msg='No images received from PnP camera.'
2026-04-15 15:42:49,455 ERROR    [FetchInput] /compute_grasps service failed → exiting: failed
2026-04-15 15:42:49,456 DEBUG    [TaskSelector] Evaluating zone states: {'A': 'EMPTY', 'B': 'EMPTY'}  busy: {'A': False, 'B': False}
2026-04-15 15:42:49,456 INFO     [TaskSelector] → do_load (zone A empty)
2026-04-15 15:42:49,457 INFO     [FetchInput] Entering state
2026-04-15 15:42:49,460 INFO     [Service] /compute_grasps → success=False msg='No images received from PnP camera.'
2026-04-15 15:42:49,460 ERROR    [FetchInput] /compute_grasps service failed → exiting: failed
2026-04-15 15:42:49,461 DEBUG    [TaskSelector] Evaluating zone states: {'A': 'EMPTY', 'B': 'EMPTY'}  busy: {'A': False, 'B': False}
2026-04-15 15:42:49,461 INFO     [TaskSelector] → do_load (zone A empty)
2026-04-15 15:42:49,462 INFO     [FetchInput] Entering state
2026-04-15 15:42:49,464 INFO     [Service] /compute_grasps → success=False msg='No images received from PnP camera.'
2026-04-15 15:42:49,464 ERROR    [FetchInput] /compute_grasps service failed → exiting: failed
2026-04-15 15:42:49,465 DEBUG    [TaskSelector] Evaluating zone states: {'A': 'EMPTY', 'B': 'EMPTY'}  busy: {'A': False, 'B': False}
2026-04-15 15:42:49,465 INFO     [TaskSelector] → do_load (zone A empty)
2026-04-15 15:42:49,466 INFO     [FetchInput] Entering state
2026-04-15 15:42:49,468 INFO     [Service] /compute_grasps → success=False msg='No images received from PnP camera.'
2026-04-15 15:42:49,468 ERROR    [FetchInput] /compute_grasps service failed → exiting: failed
2026-04-15 15:42:49,469 DEBUG    [TaskSelector] Evaluating zone states: {'A': 'EMPTY', 'B': 'EMPTY'}  busy: {'A': False, 'B': False}
2026-04-15 15:42:49,469 INFO     [TaskSelector] → do_load (zone A empty)
2026-04-15 15:42:49,470 INFO     [FetchInput] Entering state
2026-04-15 15:42:49,472 INFO     [Service] /compute_grasps → success=False msg='No images received from PnP camera.'
2026-04-15 15:42:49,472 ERROR    [FetchInput] /compute_grasps service failed → exiting: failed
2026-04-15 15:42:49,473 DEBUG    [TaskSelector] Evaluating zone states: {'A': 'EMPTY', 'B': 'EMPTY'}  busy: {'A': False, 'B': False}
2026-04-15 15:42:49,473 INFO     [TaskSelector] → do_load (zone A empty)
2026-04-15 15:42:49,474 INFO     [FetchInput] Entering state
2026-04-15 15:42:49,477 INFO     [Service] /compute_grasps → success=False msg='No images received from PnP camera.'
2026-04-15 15:42:49,477 ERROR    [FetchInput] /compute_grasps service failed → exiting: failed
2026-04-15 15:42:49,478 DEBUG    [TaskSelector] Evaluating zone states: {'A': 'EMPTY', 'B': 'EMPTY'}  busy: {'A': False, 'B': False}
2026-04-15 15:42:49,478 INFO     [TaskSelector] → do_load (zone A empty)
2026-04-15 15:42:49,479 INFO     [FetchInput] Entering state
2026-04-15 15:42:49,482 INFO     [Service] /compute_grasps → success=False msg='No images received from PnP camera.'
2026-04-15 15:42:49,482 ERROR    [FetchInput] /compute_grasps service failed → exiting: failed
2026-04-15 15:42:49,483 DEBUG    [TaskSelector] Evaluating zone states: {'A': 'EMPTY', 'B': 'EMPTY'}  busy: {'A': False, 'B': False}
2026-04-15 15:42:49,483 INFO     [TaskSelector] → do_load (zone A empty)
2026-04-15 15:42:49,484 INFO     [FetchInput] Entering state
2026-04-15 15:42:49,487 INFO     [Service] /compute_grasps → success=False msg='No images received from PnP camera.'
2026-04-15 15:42:49,487 ERROR    [FetchInput] /compute_grasps service failed → exiting: failed
2026-04-15 15:42:49,487 DEBUG    [TaskSelector] Evaluating zone states: {'A': 'EMPTY', 'B': 'EMPTY'}  busy: {'A': False, 'B': False}
2026-04-15 15:42:49,488 INFO     [TaskSelector] → do_load (zone A empty)
2026-04-15 15:42:49,489 INFO     [FetchInput] Entering state
2026-04-15 15:42:49,492 INFO     [Service] /compute_grasps → success=False msg='No images received from PnP camera.'
2026-04-15 15:42:49,492 ERROR    [FetchInput] /compute_grasps service failed → exiting: failed
2026-04-15 15:42:49,494 DEBUG    [TaskSelector] Evaluating zone states: {'A': 'EMPTY', 'B': 'EMPTY'}  busy: {'A': False, 'B': False}
2026-04-15 15:42:49,494 INFO     [TaskSelector] → do_load (zone A empty)
2026-04-15 15:42:49,495 INFO     [FetchInput] Entering state
2026-04-15 15:42:49,498 INFO     [Service] /compute_grasps → success=False msg='No images received from PnP camera.'
2026-04-15 15:42:49,498 ERROR    [FetchInput] /compute_grasps service failed → exiting: failed
2026-04-15 15:42:49,500 DEBUG    [TaskSelector] Evaluating zone states: {'A': 'EMPTY', 'B': 'EMPTY'}  busy: {'A': False, 'B': False}
2026-04-15 15:42:49,500 INFO     [TaskSelector] → do_load (zone A empty)
2026-04-15 15:42:49,501 INFO     [FetchInput] Entering state
2026-04-15 15:42:49,505 INFO     [Service] /compute_grasps → success=False msg='No images received from PnP camera.'
2026-04-15 15:42:49,505 ERROR    [FetchInput] /compute_grasps service failed → exiting: failed
2026-04-15 15:42:49,507 DEBUG    [TaskSelector] Evaluating zone states: {'A': 'EMPTY', 'B': 'EMPTY'}  busy: {'A': False, 'B': False}
2026-04-15 15:42:49,507 INFO     [TaskSelector] → do_load (zone A empty)
2026-04-15 15:42:49,510 INFO     [FetchInput] Entering state
2026-04-15 15:42:49,514 INFO     [Service] /compute_grasps → success=False msg='No images received from PnP camera.'
2026-04-15 15:42:49,514 ERROR    [FetchInput] /compute_grasps service failed → exiting: failed
2026-04-15 15:42:49,515 DEBUG    [TaskSelector] Evaluating zone states: {'A': 'EMPTY', 'B': 'EMPTY'}  busy: {'A': False, 'B': False}
2026-04-15 15:42:49,515 INFO     [TaskSelector] → do_load (zone A empty)
2026-04-15 15:42:49,517 INFO     [FetchInput] Entering state
2026-04-15 15:42:49,521 INFO     [Service] /compute_grasps → success=False msg='No images received from PnP camera.'
2026-04-15 15:42:49,521 ERROR    [FetchInput] /compute_grasps service failed → exiting: failed
2026-04-15 15:42:49,522 DEBUG    [TaskSelector] Evaluating zone states: {'A': 'EMPTY', 'B': 'EMPTY'}  busy: {'A': False, 'B': False}
2026-04-15 15:42:49,522 INFO     [TaskSelector] → do_load (zone A empty)
2026-04-15 15:42:49,523 INFO     [FetchInput] Entering state
2026-04-15 15:42:49,525 INFO     [Service] /compute_grasps → success=False msg='No images received from PnP camera.'
2026-04-15 15:42:49,525 ERROR    [FetchInput] /compute_grasps service failed → exiting: failed
2026-04-15 15:42:49,526 DEBUG    [TaskSelector] Evaluating zone states: {'A': 'EMPTY', 'B': 'EMPTY'}  busy: {'A': False, 'B': False}
2026-04-15 15:42:49,526 INFO     [TaskSelector] → do_load (zone A empty)
2026-04-15 15:42:49,528 INFO     [FetchInput] Entering state
2026-04-15 15:42:49,530 INFO     [Service] /compute_grasps → success=False msg='No images received from PnP camera.'
2026-04-15 15:42:49,531 ERROR    [FetchInput] /compute_grasps service failed → exiting: failed
2026-04-15 15:42:49,532 DEBUG    [TaskSelector] Evaluating zone states: {'A': 'EMPTY', 'B': 'EMPTY'}  busy: {'A': False, 'B': False}
2026-04-15 15:42:49,532 INFO     [TaskSelector] → do_load (zone A empty)
2026-04-15 15:42:49,532 INFO     [FetchInput] Entering state
2026-04-15 15:42:49,534 INFO     [Service] /compute_grasps → success=False msg='No images received from PnP camera.'
2026-04-15 15:42:49,535 ERROR    [FetchInput] /compute_grasps service failed → exiting: failed
2026-04-15 15:42:49,535 DEBUG    [TaskSelector] Evaluating zone states: {'A': 'EMPTY', 'B': 'EMPTY'}  busy: {'A': False, 'B': False}
2026-04-15 15:42:49,535 INFO     [TaskSelector] → do_load (zone A empty)
2026-04-15 15:42:49,536 INFO     [FetchInput] Entering state
2026-04-15 15:42:49,538 INFO     [Service] /compute_grasps → success=False msg='No images received from PnP camera.'
2026-04-15 15:42:49,538 ERROR    [FetchInput] /compute_grasps service failed → exiting: failed
2026-04-15 15:42:49,539 DEBUG    [TaskSelector] Evaluating zone states: {'A': 'EMPTY', 'B': 'EMPTY'}  busy: {'A': False, 'B': False}
2026-04-15 15:42:49,539 INFO     [TaskSelector] → do_load (zone A empty)
2026-04-15 15:42:49,540 INFO     [FetchInput] Entering state
2026-04-15 15:42:49,543 INFO     [Service] /compute_grasps → success=False msg='No images received from PnP camera.'
2026-04-15 15:42:49,543 ERROR    [FetchInput] /compute_grasps service failed → exiting: failed
2026-04-15 15:42:49,544 DEBUG    [TaskSelector] Evaluating zone states: {'A': 'EMPTY', 'B': 'EMPTY'}  busy: {'A': False, 'B': False}
2026-04-15 15:42:49,544 INFO     [TaskSelector] → do_load (zone A empty)
2026-04-15 15:42:49,545 INFO     [FetchInput] Entering state
2026-04-15 15:42:49,548 INFO     [Service] /compute_grasps → success=False msg='No images received from PnP camera.'
2026-04-15 15:42:49,548 ERROR    [FetchInput] /compute_grasps service failed → exiting: failed
2026-04-15 15:42:49,549 DEBUG    [TaskSelector] Evaluating zone states: {'A': 'EMPTY', 'B': 'EMPTY'}  busy: {'A': False, 'B': False}
2026-04-15 15:42:49,549 INFO     [TaskSelector] → do_load (zone A empty)
2026-04-15 15:42:49,550 INFO     [FetchInput] Entering state
2026-04-15 15:42:49,553 INFO     [Service] /compute_grasps → success=False msg='No images received from PnP camera.'
2026-04-15 15:42:49,553 ERROR    [FetchInput] /compute_grasps service failed → exiting: failed
2026-04-15 15:42:49,553 DEBUG    [TaskSelector] Evaluating zone states: {'A': 'EMPTY', 'B': 'EMPTY'}  busy: {'A': False, 'B': False}
2026-04-15 15:42:49,553 INFO     [TaskSelector] → do_load (zone A empty)
2026-04-15 15:42:49,554 INFO     [FetchInput] Entering state
2026-04-15 15:42:49,558 INFO     [Service] /compute_grasps → success=False msg='No images received from PnP camera.'
2026-04-15 15:42:49,558 ERROR    [FetchInput] /compute_grasps service failed → exiting: failed
2026-04-15 15:42:49,560 DEBUG    [TaskSelector] Evaluating zone states: {'A': 'EMPTY', 'B': 'EMPTY'}  busy: {'A': False, 'B': False}
2026-04-15 15:42:49,560 INFO     [TaskSelector] → do_load (zone A empty)
2026-04-15 15:42:49,561 INFO     [FetchInput] Entering state
2026-04-15 15:42:49,564 INFO     [Service] /compute_grasps → success=False msg='No images received from PnP camera.'
2026-04-15 15:42:49,564 ERROR    [FetchInput] /compute_grasps service failed → exiting: failed
2026-04-15 15:42:49,565 DEBUG    [TaskSelector] Evaluating zone states: {'A': 'EMPTY', 'B': 'EMPTY'}  busy: {'A': False, 'B': False}
2026-04-15 15:42:49,565 INFO     [TaskSelector] → do_load (zone A empty)
2026-04-15 15:42:49,566 INFO     [FetchInput] Entering state
2026-04-15 15:42:49,570 INFO     [Service] /compute_grasps → success=False msg='No images received from PnP camera.'
2026-04-15 15:42:49,571 ERROR    [FetchInput] /compute_grasps service failed → exiting: failed
2026-04-15 15:42:49,572 DEBUG    [TaskSelector] Evaluating zone states: {'A': 'EMPTY', 'B': 'EMPTY'}  busy: {'A': False, 'B': False}
2026-04-15 15:42:49,572 INFO     [TaskSelector] → do_load (zone A empty)
2026-04-15 15:42:49,573 INFO     [FetchInput] Entering state
2026-04-15 15:42:49,579 INFO     [Service] /compute_grasps → success=False msg='No images received from PnP camera.'
2026-04-15 15:42:49,580 ERROR    [FetchInput] /compute_grasps service failed → exiting: failed
2026-04-15 15:42:49,582 DEBUG    [TaskSelector] Evaluating zone states: {'A': 'EMPTY', 'B': 'EMPTY'}  busy: {'A': False, 'B': False}
2026-04-15 15:42:49,582 INFO     [TaskSelector] → do_load (zone A empty)
2026-04-15 15:42:49,583 INFO     [FetchInput] Entering state
2026-04-15 15:42:49,587 INFO     [Service] /compute_grasps → success=False msg='No images received from PnP camera.'
2026-04-15 15:42:49,587 ERROR    [FetchInput] /compute_grasps service failed → exiting: failed
2026-04-15 15:42:49,588 DEBUG    [TaskSelector] Evaluating zone states: {'A': 'EMPTY', 'B': 'EMPTY'}  busy: {'A': False, 'B': False}
2026-04-15 15:42:49,588 INFO     [TaskSelector] → do_load (zone A empty)
2026-04-15 15:42:49,589 INFO     [FetchInput] Entering state
2026-04-15 15:42:49,591 INFO     [Service] /compute_grasps → success=False msg='No images received from PnP camera.'
2026-04-15 15:42:49,591 ERROR    [FetchInput] /compute_grasps service failed → exiting: failed
2026-04-15 15:42:49,592 DEBUG    [TaskSelector] Evaluating zone states: {'A': 'EMPTY', 'B': 'EMPTY'}  busy: {'A': False, 'B': False}
2026-04-15 15:42:49,593 INFO     [TaskSelector] → do_load (zone A empty)
2026-04-15 15:42:49,594 INFO     [FetchInput] Entering state
2026-04-15 15:42:49,597 INFO     [Service] /compute_grasps → success=False msg='No images received from PnP camera.'
2026-04-15 15:42:49,597 ERROR    [FetchInput] /compute_grasps service failed → exiting: failed
2026-04-15 15:42:49,598 DEBUG    [TaskSelector] Evaluating zone states: {'A': 'EMPTY', 'B': 'EMPTY'}  busy: {'A': False, 'B': False}
2026-04-15 15:42:49,598 INFO     [TaskSelector] → do_load (zone A empty)
2026-04-15 15:42:49,599 INFO     [FetchInput] Entering state
2026-04-15 15:42:49,601 INFO     [Service] /compute_grasps → success=False msg='No images received from PnP camera.'
2026-04-15 15:42:49,601 ERROR    [FetchInput] /compute_grasps service failed → exiting: failed
2026-04-15 15:42:49,602 DEBUG    [TaskSelector] Evaluating zone states: {'A': 'EMPTY', 'B': 'EMPTY'}  busy: {'A': False, 'B': False}
2026-04-15 15:42:49,602 INFO     [TaskSelector] → do_load (zone A empty)
2026-04-15 15:42:49,602 INFO     [FetchInput] Entering state
2026-04-15 15:42:49,605 INFO     [Service] /compute_grasps → success=False msg='No images received from PnP camera.'
2026-04-15 15:42:49,605 ERROR    [FetchInput] /compute_grasps service failed → exiting: failed
2026-04-15 15:42:49,606 DEBUG    [TaskSelector] Evaluating zone states: {'A': 'EMPTY', 'B': 'EMPTY'}  busy: {'A': False, 'B': False}
2026-04-15 15:42:49,606 INFO     [TaskSelector] → do_load (zone A empty)
2026-04-15 15:42:49,607 INFO     [FetchInput] Entering state
2026-04-15 15:42:49,610 INFO     [Service] /compute_grasps → success=False msg='No images received from PnP camera.'
2026-04-15 15:42:49,610 ERROR    [FetchInput] /compute_grasps service failed → exiting: failed
2026-04-15 15:42:49,611 DEBUG    [TaskSelector] Evaluating zone states: {'A': 'EMPTY', 'B': 'EMPTY'}  busy: {'A': False, 'B': False}
2026-04-15 15:42:49,611 INFO     [TaskSelector] → do_load (zone A empty)
2026-04-15 15:42:49,612 INFO     [FetchInput] Entering state
2026-04-15 15:42:49,615 INFO     [Service] /compute_grasps → success=False msg='No images received from PnP camera.'
2026-04-15 15:42:49,615 ERROR    [FetchInput] /compute_grasps service failed → exiting: failed
2026-04-15 15:42:49,616 DEBUG    [TaskSelector] Evaluating zone states: {'A': 'EMPTY', 'B': 'EMPTY'}  busy: {'A': False, 'B': False}
2026-04-15 15:42:49,616 INFO     [TaskSelector] → do_load (zone A empty)
2026-04-15 15:42:49,617 INFO     [FetchInput] Entering state
2026-04-15 15:42:49,620 INFO     [Service] /compute_grasps → success=False msg='No images received from PnP camera.'
2026-04-15 15:42:49,620 ERROR    [FetchInput] /compute_grasps service failed → exiting: failed
2026-04-15 15:42:49,621 DEBUG    [TaskSelector] Evaluating zone states: {'A': 'EMPTY', 'B': 'EMPTY'}  busy: {'A': False, 'B': False}
2026-04-15 15:42:49,621 INFO     [TaskSelector] → do_load (zone A empty)
2026-04-15 15:42:49,622 INFO     [FetchInput] Entering state
2026-04-15 15:42:49,627 INFO     [Service] /compute_grasps → success=False msg='No images received from PnP camera.'
2026-04-15 15:42:49,627 ERROR    [FetchInput] /compute_grasps service failed → exiting: failed
2026-04-15 15:42:49,630 DEBUG    [TaskSelector] Evaluating zone states: {'A': 'EMPTY', 'B': 'EMPTY'}  busy: {'A': False, 'B': False}
2026-04-15 15:42:49,630 INFO     [TaskSelector] → do_load (zone A empty)
2026-04-15 15:42:49,632 INFO     [FetchInput] Entering state
2026-04-15 15:42:49,635 INFO     [Service] /compute_grasps → success=False msg='No images received from PnP camera.'
2026-04-15 15:42:49,636 ERROR    [FetchInput] /compute_grasps service failed → exiting: failed
2026-04-15 15:42:49,639 DEBUG    [TaskSelector] Evaluating zone states: {'A': 'EMPTY', 'B': 'EMPTY'}  busy: {'A': False, 'B': False}
2026-04-15 15:42:49,639 INFO     [TaskSelector] → do_load (zone A empty)
2026-04-15 15:42:49,641 INFO     [FetchInput] Entering state
2026-04-15 15:42:49,648 INFO     [Service] /compute_grasps → success=False msg='No images received from PnP camera.'
2026-04-15 15:42:49,649 ERROR    [FetchInput] /compute_grasps service failed → exiting: failed
2026-04-15 15:42:49,651 DEBUG    [TaskSelector] Evaluating zone states: {'A': 'EMPTY', 'B': 'EMPTY'}  busy: {'A': False, 'B': False}
2026-04-15 15:42:49,651 INFO     [TaskSelector] → do_load (zone A empty)
2026-04-15 15:42:49,654 INFO     [FetchInput] Entering state
2026-04-15 15:42:49,657 INFO     [Service] /compute_grasps → success=False msg='No images received from PnP camera.'
2026-04-15 15:42:49,657 ERROR    [FetchInput] /compute_grasps service failed → exiting: failed
2026-04-15 15:42:49,659 DEBUG    [TaskSelector] Evaluating zone states: {'A': 'EMPTY', 'B': 'EMPTY'}  busy: {'A': False, 'B': False}
2026-04-15 15:42:49,659 INFO     [TaskSelector] → do_load (zone A empty)
2026-04-15 15:42:49,660 INFO     [FetchInput] Entering state
2026-04-15 15:42:49,664 INFO     [Service] /compute_grasps → success=False msg='No images received from PnP camera.'
2026-04-15 15:42:49,664 ERROR    [FetchInput] /compute_grasps service failed → exiting: failed
2026-04-15 15:42:49,665 DEBUG    [TaskSelector] Evaluating zone states: {'A': 'EMPTY', 'B': 'EMPTY'}  busy: {'A': False, 'B': False}
2026-04-15 15:42:49,665 INFO     [TaskSelector] → do_load (zone A empty)
2026-04-15 15:42:49,665 INFO     [FetchInput] Entering state
2026-04-15 15:42:49,669 INFO     [Service] /compute_grasps → success=False msg='No images received from PnP camera.'
2026-04-15 15:42:49,669 ERROR    [FetchInput] /compute_grasps service failed → exiting: failed
2026-04-15 15:42:49,670 DEBUG    [TaskSelector] Evaluating zone states: {'A': 'EMPTY', 'B': 'EMPTY'}  busy: {'A': False, 'B': False}
2026-04-15 15:42:49,670 INFO     [TaskSelector] → do_load (zone A empty)
2026-04-15 15:42:49,671 INFO     [FetchInput] Entering state
2026-04-15 15:42:49,673 INFO     [Service] /compute_grasps → success=False msg='No images received from PnP camera.'
2026-04-15 15:42:49,673 ERROR    [FetchInput] /compute_grasps service failed → exiting: failed
2026-04-15 15:42:49,674 DEBUG    [TaskSelector] Evaluating zone states: {'A': 'EMPTY', 'B': 'EMPTY'}  busy: {'A': False, 'B': False}
2026-04-15 15:42:49,674 INFO     [TaskSelector] → do_load (zone A empty)
2026-04-15 15:42:49,675 INFO     [FetchInput] Entering state
2026-04-15 15:42:49,679 INFO     [Service] /compute_grasps → success=False msg='No images received from PnP camera.'
2026-04-15 15:42:49,679 ERROR    [FetchInput] /compute_grasps service failed → exiting: failed
2026-04-15 15:42:49,680 DEBUG    [TaskSelector] Evaluating zone states: {'A': 'EMPTY', 'B': 'EMPTY'}  busy: {'A': False, 'B': False}
2026-04-15 15:42:49,680 INFO     [TaskSelector] → do_load (zone A empty)
2026-04-15 15:42:49,682 INFO     [FetchInput] Entering state
2026-04-15 15:42:49,686 INFO     [Service] /compute_grasps → success=False msg='No images received from PnP camera.'
2026-04-15 15:42:49,686 ERROR    [FetchInput] /compute_grasps service failed → exiting: failed
2026-04-15 15:42:49,687 DEBUG    [TaskSelector] Evaluating zone states: {'A': 'EMPTY', 'B': 'EMPTY'}  busy: {'A': False, 'B': False}
2026-04-15 15:42:49,687 INFO     [TaskSelector] → do_load (zone A empty)
2026-04-15 15:42:49,688 INFO     [FetchInput] Entering state
2026-04-15 15:42:49,692 INFO     [Service] /compute_grasps → success=False msg='No images received from PnP camera.'
2026-04-15 15:42:49,692 ERROR    [FetchInput] /compute_grasps service failed → exiting: failed
2026-04-15 15:42:49,696 DEBUG    [TaskSelector] Evaluating zone states: {'A': 'EMPTY', 'B': 'EMPTY'}  busy: {'A': False, 'B': False}
2026-04-15 15:42:49,696 INFO     [TaskSelector] → do_load (zone A empty)
2026-04-15 15:42:49,698 INFO     [FetchInput] Entering state
2026-04-15 15:42:49,702 INFO     [Service] /compute_grasps → success=False msg='No images received from PnP camera.'
2026-04-15 15:42:49,702 ERROR    [FetchInput] /compute_grasps service failed → exiting: failed
2026-04-15 15:42:49,704 DEBUG    [TaskSelector] Evaluating zone states: {'A': 'EMPTY', 'B': 'EMPTY'}  busy: {'A': False, 'B': False}
2026-04-15 15:42:49,704 INFO     [TaskSelector] → do_load (zone A empty)
2026-04-15 15:42:49,708 INFO     [FetchInput] Entering state
2026-04-15 15:42:49,715 INFO     [Service] /compute_grasps → success=False msg='No images received from PnP camera.'
2026-04-15 15:42:49,716 ERROR    [FetchInput] /compute_grasps service failed → exiting: failed
2026-04-15 15:42:49,720 DEBUG    [TaskSelector] Evaluating zone states: {'A': 'EMPTY', 'B': 'EMPTY'}  busy: {'A': False, 'B': False}
2026-04-15 15:42:49,720 INFO     [TaskSelector] → do_load (zone A empty)
2026-04-15 15:42:49,723 INFO     [FetchInput] Entering state
2026-04-15 15:42:49,729 INFO     [Service] /compute_grasps → success=False msg='No images received from PnP camera.'
2026-04-15 15:42:49,729 ERROR    [FetchInput] /compute_grasps service failed → exiting: failed
2026-04-15 15:42:49,730 DEBUG    [TaskSelector] Evaluating zone states: {'A': 'EMPTY', 'B': 'EMPTY'}  busy: {'A': False, 'B': False}
2026-04-15 15:42:49,730 INFO     [TaskSelector] → do_load (zone A empty)
2026-04-15 15:42:49,731 INFO     [FetchInput] Entering state
2026-04-15 15:42:49,734 INFO     [Service] /compute_grasps → success=False msg='No images received from PnP camera.'
2026-04-15 15:42:49,734 ERROR    [FetchInput] /compute_grasps service failed → exiting: failed
2026-04-15 15:42:49,735 DEBUG    [TaskSelector] Evaluating zone states: {'A': 'EMPTY', 'B': 'EMPTY'}  busy: {'A': False, 'B': False}
2026-04-15 15:42:49,735 INFO     [TaskSelector] → do_load (zone A empty)
2026-04-15 15:42:49,736 INFO     [FetchInput] Entering state
2026-04-15 15:42:49,738 INFO     [Service] /compute_grasps → success=False msg='No images received from PnP camera.'
2026-04-15 15:42:49,739 ERROR    [FetchInput] /compute_grasps service failed → exiting: failed
2026-04-15 15:42:49,741 DEBUG    [TaskSelector] Evaluating zone states: {'A': 'EMPTY', 'B': 'EMPTY'}  busy: {'A': False, 'B': False}
2026-04-15 15:42:49,741 INFO     [TaskSelector] → do_load (zone A empty)
2026-04-15 15:42:49,742 INFO     [FetchInput] Entering state
2026-04-15 15:42:49,745 INFO     [Service] /compute_grasps → success=False msg='No images received from PnP camera.'
2026-04-15 15:42:49,745 ERROR    [FetchInput] /compute_grasps service failed → exiting: failed
2026-04-15 15:42:49,747 DEBUG    [TaskSelector] Evaluating zone states: {'A': 'EMPTY', 'B': 'EMPTY'}  busy: {'A': False, 'B': False}
2026-04-15 15:42:49,747 INFO     [TaskSelector] → do_load (zone A empty)
2026-04-15 15:42:49,747 INFO     [FetchInput] Entering state
2026-04-15 15:42:49,750 INFO     [Service] /compute_grasps → success=False msg='No images received from PnP camera.'
2026-04-15 15:42:49,750 ERROR    [FetchInput] /compute_grasps service failed → exiting: failed
2026-04-15 15:42:49,751 DEBUG    [TaskSelector] Evaluating zone states: {'A': 'EMPTY', 'B': 'EMPTY'}  busy: {'A': False, 'B': False}
2026-04-15 15:42:49,751 INFO     [TaskSelector] → do_load (zone A empty)
2026-04-15 15:42:49,752 INFO     [FetchInput] Entering state
2026-04-15 15:42:49,754 INFO     [Service] /compute_grasps → success=False msg='No images received from PnP camera.'
2026-04-15 15:42:49,754 ERROR    [FetchInput] /compute_grasps service failed → exiting: failed
2026-04-15 15:42:49,755 DEBUG    [TaskSelector] Evaluating zone states: {'A': 'EMPTY', 'B': 'EMPTY'}  busy: {'A': False, 'B': False}
2026-04-15 15:42:49,755 INFO     [TaskSelector] → do_load (zone A empty)
2026-04-15 15:42:49,755 INFO     [FetchInput] Entering state
2026-04-15 15:42:49,760 INFO     [Service] /compute_grasps → success=False msg='No images received from PnP camera.'
2026-04-15 15:42:49,761 ERROR    [FetchInput] /compute_grasps service failed → exiting: failed
2026-04-15 15:42:49,765 DEBUG    [TaskSelector] Evaluating zone states: {'A': 'EMPTY', 'B': 'EMPTY'}  busy: {'A': False, 'B': False}
2026-04-15 15:42:49,765 INFO     [TaskSelector] → do_load (zone A empty)
2026-04-15 15:42:49,766 INFO     [FetchInput] Entering state
2026-04-15 15:42:49,770 INFO     [Service] /compute_grasps → success=False msg='No images received from PnP camera.'
2026-04-15 15:42:49,771 ERROR    [FetchInput] /compute_grasps service failed → exiting: failed
2026-04-15 15:42:49,774 DEBUG    [TaskSelector] Evaluating zone states: {'A': 'EMPTY', 'B': 'EMPTY'}  busy: {'A': False, 'B': False}
2026-04-15 15:42:49,774 INFO     [TaskSelector] → do_load (zone A empty)
2026-04-15 15:42:49,776 INFO     [FetchInput] Entering state
2026-04-15 15:42:49,789 INFO     [Service] /compute_grasps → success=False msg='No images received from PnP camera.'
2026-04-15 15:42:49,790 ERROR    [FetchInput] /compute_grasps service failed → exiting: failed
2026-04-15 15:42:49,791 DEBUG    [TaskSelector] Evaluating zone states: {'A': 'EMPTY', 'B': 'EMPTY'}  busy: {'A': False, 'B': False}
2026-04-15 15:42:49,791 INFO     [TaskSelector] → do_load (zone A empty)
2026-04-15 15:42:49,791 INFO     [FetchInput] Entering state
2026-04-15 15:42:49,796 INFO     [Service] /compute_grasps → success=False msg='No images received from PnP camera.'
2026-04-15 15:42:49,796 ERROR    [FetchInput] /compute_grasps service failed → exiting: failed
2026-04-15 15:42:49,797 DEBUG    [TaskSelector] Evaluating zone states: {'A': 'EMPTY', 'B': 'EMPTY'}  busy: {'A': False, 'B': False}
2026-04-15 15:42:49,798 INFO     [TaskSelector] → do_load (zone A empty)
2026-04-15 15:42:49,799 INFO     [FetchInput] Entering state
2026-04-15 15:42:49,801 INFO     [Service] /compute_grasps → success=False msg='No images received from PnP camera.'
2026-04-15 15:42:49,801 ERROR    [FetchInput] /compute_grasps service failed → exiting: failed
2026-04-15 15:42:49,802 DEBUG    [TaskSelector] Evaluating zone states: {'A': 'EMPTY', 'B': 'EMPTY'}  busy: {'A': False, 'B': False}
2026-04-15 15:42:49,802 INFO     [TaskSelector] → do_load (zone A empty)
2026-04-15 15:42:49,803 INFO     [FetchInput] Entering state
2026-04-15 15:42:49,805 INFO     [Service] /compute_grasps → success=False msg='No images received from PnP camera.'
2026-04-15 15:42:49,805 ERROR    [FetchInput] /compute_grasps service failed → exiting: failed
2026-04-15 15:42:49,806 DEBUG    [TaskSelector] Evaluating zone states: {'A': 'EMPTY', 'B': 'EMPTY'}  busy: {'A': False, 'B': False}
2026-04-15 15:42:49,806 INFO     [TaskSelector] → do_load (zone A empty)
2026-04-15 15:42:49,808 INFO     [FetchInput] Entering state
2026-04-15 15:42:49,811 INFO     [Service] /compute_grasps → success=False msg='No images received from PnP camera.'
2026-04-15 15:42:49,812 ERROR    [FetchInput] /compute_grasps service failed → exiting: failed
2026-04-15 15:42:49,812 DEBUG    [TaskSelector] Evaluating zone states: {'A': 'EMPTY', 'B': 'EMPTY'}  busy: {'A': False, 'B': False}
2026-04-15 15:42:49,813 INFO     [TaskSelector] → do_load (zone A empty)
2026-04-15 15:42:49,814 INFO     [FetchInput] Entering state
2026-04-15 15:42:49,816 INFO     [Service] /compute_grasps → success=False msg='No images received from PnP camera.'
2026-04-15 15:42:49,816 ERROR    [FetchInput] /compute_grasps service failed → exiting: failed
2026-04-15 15:42:49,818 DEBUG    [TaskSelector] Evaluating zone states: {'A': 'EMPTY', 'B': 'EMPTY'}  busy: {'A': False, 'B': False}
2026-04-15 15:42:49,818 INFO     [TaskSelector] → do_load (zone A empty)
2026-04-15 15:42:49,819 INFO     [FetchInput] Entering state
2026-04-15 15:42:49,821 INFO     [Service] /compute_grasps → success=False msg='No images received from PnP camera.'
2026-04-15 15:42:49,822 ERROR    [FetchInput] /compute_grasps service failed → exiting: failed
2026-04-15 15:42:49,823 DEBUG    [TaskSelector] Evaluating zone states: {'A': 'EMPTY', 'B': 'EMPTY'}  busy: {'A': False, 'B': False}
2026-04-15 15:42:49,823 INFO     [TaskSelector] → do_load (zone A empty)
2026-04-15 15:42:49,824 INFO     [FetchInput] Entering state
2026-04-15 15:42:49,832 INFO     [Service] /compute_grasps → success=False msg='No images received from PnP camera.'
2026-04-15 15:42:49,832 ERROR    [FetchInput] /compute_grasps service failed → exiting: failed
2026-04-15 15:42:49,834 DEBUG    [TaskSelector] Evaluating zone states: {'A': 'EMPTY', 'B': 'EMPTY'}  busy: {'A': False, 'B': False}
2026-04-15 15:42:49,834 INFO     [TaskSelector] → do_load (zone A empty)
2026-04-15 15:42:49,834 INFO     [FetchInput] Entering state
2026-04-15 15:42:49,838 INFO     [Service] /compute_grasps → success=False msg='No images received from PnP camera.'
2026-04-15 15:42:49,839 ERROR    [FetchInput] /compute_grasps service failed → exiting: failed
2026-04-15 15:42:49,843 DEBUG    [TaskSelector] Evaluating zone states: {'A': 'EMPTY', 'B': 'EMPTY'}  busy: {'A': False, 'B': False}
2026-04-15 15:42:49,844 INFO     [TaskSelector] → do_load (zone A empty)
2026-04-15 15:42:49,847 INFO     [FetchInput] Entering state
2026-04-15 15:42:49,853 INFO     [Service] /compute_grasps → success=False msg='No images received from PnP camera.'
2026-04-15 15:42:49,854 ERROR    [FetchInput] /compute_grasps service failed → exiting: failed
2026-04-15 15:42:49,856 DEBUG    [TaskSelector] Evaluating zone states: {'A': 'EMPTY', 'B': 'EMPTY'}  busy: {'A': False, 'B': False}
2026-04-15 15:42:49,856 INFO     [TaskSelector] → do_load (zone A empty)
2026-04-15 15:42:49,859 INFO     [FetchInput] Entering state
2026-04-15 15:42:49,865 INFO     [Service] /compute_grasps → success=False msg='No images received from PnP camera.'
2026-04-15 15:42:49,865 ERROR    [FetchInput] /compute_grasps service failed → exiting: failed
2026-04-15 15:42:49,867 DEBUG    [TaskSelector] Evaluating zone states: {'A': 'EMPTY', 'B': 'EMPTY'}  busy: {'A': False, 'B': False}
2026-04-15 15:42:49,867 INFO     [TaskSelector] → do_load (zone A empty)
2026-04-15 15:42:49,868 INFO     [FetchInput] Entering state
2026-04-15 15:42:49,871 INFO     [Service] /compute_grasps → success=False msg='No images received from PnP camera.'
2026-04-15 15:42:49,871 ERROR    [FetchInput] /compute_grasps service failed → exiting: failed
2026-04-15 15:42:49,872 DEBUG    [TaskSelector] Evaluating zone states: {'A': 'EMPTY', 'B': 'EMPTY'}  busy: {'A': False, 'B': False}
2026-04-15 15:42:49,872 INFO     [TaskSelector] → do_load (zone A empty)
2026-04-15 15:42:49,872 INFO     [FetchInput] Entering state
2026-04-15 15:42:49,877 INFO     [Service] /compute_grasps → success=False msg='No images received from PnP camera.'
2026-04-15 15:42:49,878 ERROR    [FetchInput] /compute_grasps service failed → exiting: failed
2026-04-15 15:42:49,879 DEBUG    [TaskSelector] Evaluating zone states: {'A': 'EMPTY', 'B': 'EMPTY'}  busy: {'A': False, 'B': False}
2026-04-15 15:42:49,879 INFO     [TaskSelector] → do_load (zone A empty)
2026-04-15 15:42:49,880 INFO     [FetchInput] Entering state
2026-04-15 15:42:49,882 INFO     [Service] /compute_grasps → success=False msg='No images received from PnP camera.'
2026-04-15 15:42:49,882 ERROR    [FetchInput] /compute_grasps service failed → exiting: failed
2026-04-15 15:42:49,883 DEBUG    [TaskSelector] Evaluating zone states: {'A': 'EMPTY', 'B': 'EMPTY'}  busy: {'A': False, 'B': False}
2026-04-15 15:42:49,883 INFO     [TaskSelector] → do_load (zone A empty)
2026-04-15 15:42:49,884 INFO     [FetchInput] Entering state
2026-04-15 15:42:49,887 INFO     [Service] /compute_grasps → success=False msg='No images received from PnP camera.'
2026-04-15 15:42:49,887 ERROR    [FetchInput] /compute_grasps service failed → exiting: failed
2026-04-15 15:42:49,888 DEBUG    [TaskSelector] Evaluating zone states: {'A': 'EMPTY', 'B': 'EMPTY'}  busy: {'A': False, 'B': False}
2026-04-15 15:42:49,888 INFO     [TaskSelector] → do_load (zone A empty)
2026-04-15 15:42:49,888 INFO     [FetchInput] Entering state
2026-04-15 15:42:49,896 INFO     [Service] /compute_grasps → success=False msg='No images received from PnP camera.'
2026-04-15 15:42:49,897 ERROR    [FetchInput] /compute_grasps service failed → exiting: failed
2026-04-15 15:42:49,901 DEBUG    [TaskSelector] Evaluating zone states: {'A': 'EMPTY', 'B': 'EMPTY'}  busy: {'A': False, 'B': False}
2026-04-15 15:42:49,901 INFO     [TaskSelector] → do_load (zone A empty)
2026-04-15 15:42:49,903 INFO     [FetchInput] Entering state
2026-04-15 15:42:49,906 INFO     [Service] /compute_grasps → success=False msg='No images received from PnP camera.'
2026-04-15 15:42:49,906 ERROR    [FetchInput] /compute_grasps service failed → exiting: failed
2026-04-15 15:42:49,911 DEBUG    [TaskSelector] Evaluating zone states: {'A': 'EMPTY', 'B': 'EMPTY'}  busy: {'A': False, 'B': False}
2026-04-15 15:42:49,911 INFO     [TaskSelector] → do_load (zone A empty)
2026-04-15 15:42:49,914 INFO     [FetchInput] Entering state
2026-04-15 15:42:49,921 INFO     [Service] /compute_grasps → success=False msg='No images received from PnP camera.'
2026-04-15 15:42:49,922 ERROR    [FetchInput] /compute_grasps service failed → exiting: failed
2026-04-15 15:42:49,928 DEBUG    [TaskSelector] Evaluating zone states: {'A': 'EMPTY', 'B': 'EMPTY'}  busy: {'A': False, 'B': False}
2026-04-15 15:42:49,928 INFO     [TaskSelector] → do_load (zone A empty)
2026-04-15 15:42:49,930 INFO     [FetchInput] Entering state
2026-04-15 15:42:49,934 INFO     [Service] /compute_grasps → success=False msg='No images received from PnP camera.'
2026-04-15 15:42:49,935 ERROR    [FetchInput] /compute_grasps service failed → exiting: failed
2026-04-15 15:42:49,936 DEBUG    [TaskSelector] Evaluating zone states: {'A': 'EMPTY', 'B': 'EMPTY'}  busy: {'A': False, 'B': False}
2026-04-15 15:42:49,936 INFO     [TaskSelector] → do_load (zone A empty)
2026-04-15 15:42:49,936 INFO     [FetchInput] Entering state
2026-04-15 15:42:49,939 INFO     [Service] /compute_grasps → success=False msg='No images received from PnP camera.'
2026-04-15 15:42:49,940 ERROR    [FetchInput] /compute_grasps service failed → exiting: failed
2026-04-15 15:42:49,941 DEBUG    [TaskSelector] Evaluating zone states: {'A': 'EMPTY', 'B': 'EMPTY'}  busy: {'A': False, 'B': False}
2026-04-15 15:42:49,941 INFO     [TaskSelector] → do_load (zone A empty)
2026-04-15 15:42:49,943 INFO     [FetchInput] Entering state
2026-04-15 15:42:49,946 INFO     [Service] /compute_grasps → success=False msg='No images received from PnP camera.'
2026-04-15 15:42:49,946 ERROR    [FetchInput] /compute_grasps service failed → exiting: failed
2026-04-15 15:42:49,948 DEBUG    [TaskSelector] Evaluating zone states: {'A': 'EMPTY', 'B': 'EMPTY'}  busy: {'A': False, 'B': False}
2026-04-15 15:42:49,948 INFO     [TaskSelector] → do_load (zone A empty)
2026-04-15 15:42:49,949 INFO     [FetchInput] Entering state
2026-04-15 15:42:49,951 INFO     [Service] /compute_grasps → success=False msg='No images received from PnP camera.'
2026-04-15 15:42:49,952 ERROR    [FetchInput] /compute_grasps service failed → exiting: failed
2026-04-15 15:42:49,953 DEBUG    [TaskSelector] Evaluating zone states: {'A': 'EMPTY', 'B': 'EMPTY'}  busy: {'A': False, 'B': False}
2026-04-15 15:42:49,953 INFO     [TaskSelector] → do_load (zone A empty)
2026-04-15 15:42:49,954 INFO     [FetchInput] Entering state
2026-04-15 15:42:49,958 INFO     [Service] /compute_grasps → success=False msg='No images received from PnP camera.'
2026-04-15 15:42:49,960 ERROR    [FetchInput] /compute_grasps service failed → exiting: failed
2026-04-15 15:42:49,963 DEBUG    [TaskSelector] Evaluating zone states: {'A': 'EMPTY', 'B': 'EMPTY'}  busy: {'A': False, 'B': False}
2026-04-15 15:42:49,963 INFO     [TaskSelector] → do_load (zone A empty)
2026-04-15 15:42:49,966 INFO     [FetchInput] Entering state
2026-04-15 15:42:49,970 INFO     [Service] /compute_grasps → success=False msg='No images received from PnP camera.'
2026-04-15 15:42:49,970 ERROR    [FetchInput] /compute_grasps service failed → exiting: failed
2026-04-15 15:42:49,973 DEBUG    [TaskSelector] Evaluating zone states: {'A': 'EMPTY', 'B': 'EMPTY'}  busy: {'A': False, 'B': False}
2026-04-15 15:42:49,973 INFO     [TaskSelector] → do_load (zone A empty)
2026-04-15 15:42:49,979 INFO     [FetchInput] Entering state
2026-04-15 15:42:49,985 INFO     [Service] /compute_grasps → success=False msg='No images received from PnP camera.'
2026-04-15 15:42:49,985 ERROR    [FetchInput] /compute_grasps service failed → exiting: failed
2026-04-15 15:42:49,988 DEBUG    [TaskSelector] Evaluating zone states: {'A': 'EMPTY', 'B': 'EMPTY'}  busy: {'A': False, 'B': False}
2026-04-15 15:42:49,989 INFO     [TaskSelector] → do_load (zone A empty)
2026-04-15 15:42:49,992 INFO     [FetchInput] Entering state
2026-04-15 15:42:49,997 INFO     [Service] /compute_grasps → success=False msg='No images received from PnP camera.'
2026-04-15 15:42:49,998 ERROR    [FetchInput] /compute_grasps service failed → exiting: failed
2026-04-15 15:42:49,999 DEBUG    [TaskSelector] Evaluating zone states: {'A': 'EMPTY', 'B': 'EMPTY'}  busy: {'A': False, 'B': False}
2026-04-15 15:42:49,999 INFO     [TaskSelector] → do_load (zone A empty)
2026-04-15 15:42:50,000 INFO     [FetchInput] Entering state
2026-04-15 15:42:50,002 INFO     [Service] /compute_grasps → success=False msg='No images received from PnP camera.'
2026-04-15 15:42:50,002 ERROR    [FetchInput] /compute_grasps service failed → exiting: failed
2026-04-15 15:42:50,003 DEBUG    [TaskSelector] Evaluating zone states: {'A': 'EMPTY', 'B': 'EMPTY'}  busy: {'A': False, 'B': False}
2026-04-15 15:42:50,003 INFO     [TaskSelector] → do_load (zone A empty)
2026-04-15 15:42:50,003 INFO     [FetchInput] Entering state
2026-04-15 15:42:50,007 INFO     [Service] /compute_grasps → success=False msg='No images received from PnP camera.'
2026-04-15 15:42:50,008 ERROR    [FetchInput] /compute_grasps service failed → exiting: failed
2026-04-15 15:42:50,009 DEBUG    [TaskSelector] Evaluating zone states: {'A': 'EMPTY', 'B': 'EMPTY'}  busy: {'A': False, 'B': False}
2026-04-15 15:42:50,010 INFO     [TaskSelector] → do_load (zone A empty)
2026-04-15 15:42:50,010 INFO     [FetchInput] Entering state
2026-04-15 15:42:50,013 INFO     [Service] /compute_grasps → success=False msg='No images received from PnP camera.'
2026-04-15 15:42:50,013 ERROR    [FetchInput] /compute_grasps service failed → exiting: failed
2026-04-15 15:42:50,014 DEBUG    [TaskSelector] Evaluating zone states: {'A': 'EMPTY', 'B': 'EMPTY'}  busy: {'A': False, 'B': False}
2026-04-15 15:42:50,014 INFO     [TaskSelector] → do_load (zone A empty)
2026-04-15 15:42:50,015 INFO     [FetchInput] Entering state
2026-04-15 15:42:50,017 INFO     [Service] /compute_grasps → success=False msg='No images received from PnP camera.'
2026-04-15 15:42:50,017 ERROR    [FetchInput] /compute_grasps service failed → exiting: failed
2026-04-15 15:42:50,018 DEBUG    [TaskSelector] Evaluating zone states: {'A': 'EMPTY', 'B': 'EMPTY'}  busy: {'A': False, 'B': False}
2026-04-15 15:42:50,018 INFO     [TaskSelector] → do_load (zone A empty)
2026-04-15 15:42:50,019 INFO     [FetchInput] Entering state
2026-04-15 15:42:50,023 INFO     [Service] /compute_grasps → success=False msg='No images received from PnP camera.'
2026-04-15 15:42:50,023 ERROR    [FetchInput] /compute_grasps service failed → exiting: failed
2026-04-15 15:42:50,026 DEBUG    [TaskSelector] Evaluating zone states: {'A': 'EMPTY', 'B': 'EMPTY'}  busy: {'A': False, 'B': False}
2026-04-15 15:42:50,027 INFO     [TaskSelector] → do_load (zone A empty)
2026-04-15 15:42:50,028 INFO     [FetchInput] Entering state
2026-04-15 15:42:50,034 INFO     [Service] /compute_grasps → success=False msg='No images received from PnP camera.'
2026-04-15 15:42:50,034 ERROR    [FetchInput] /compute_grasps service failed → exiting: failed
2026-04-15 15:42:50,035 DEBUG    [TaskSelector] Evaluating zone states: {'A': 'EMPTY', 'B': 'EMPTY'}  busy: {'A': False, 'B': False}
2026-04-15 15:42:50,035 INFO     [TaskSelector] → do_load (zone A empty)
2026-04-15 15:42:50,036 INFO     [FetchInput] Entering state
2026-04-15 15:42:50,044 INFO     [Service] /compute_grasps → success=False msg='No images received from PnP camera.'
2026-04-15 15:42:50,045 ERROR    [FetchInput] /compute_grasps service failed → exiting: failed
2026-04-15 15:42:50,048 DEBUG    [TaskSelector] Evaluating zone states: {'A': 'EMPTY', 'B': 'EMPTY'}  busy: {'A': False, 'B': False}
2026-04-15 15:42:50,048 INFO     [TaskSelector] → do_load (zone A empty)
2026-04-15 15:42:50,051 INFO     [FetchInput] Entering state
2026-04-15 15:42:50,061 INFO     [Service] /compute_grasps → success=False msg='No images received from PnP camera.'
2026-04-15 15:42:50,062 ERROR    [FetchInput] /compute_grasps service failed → exiting: failed
2026-04-15 15:42:50,063 DEBUG    [TaskSelector] Evaluating zone states: {'A': 'EMPTY', 'B': 'EMPTY'}  busy: {'A': False, 'B': False}
2026-04-15 15:42:50,063 INFO     [TaskSelector] → do_load (zone A empty)
2026-04-15 15:42:50,064 INFO     [FetchInput] Entering state
2026-04-15 15:42:50,067 INFO     [Service] /compute_grasps → success=False msg='No images received from PnP camera.'
2026-04-15 15:42:50,067 ERROR    [FetchInput] /compute_grasps service failed → exiting: failed
2026-04-15 15:42:50,068 DEBUG    [TaskSelector] Evaluating zone states: {'A': 'EMPTY', 'B': 'EMPTY'}  busy: {'A': False, 'B': False}
2026-04-15 15:42:50,068 INFO     [TaskSelector] → do_load (zone A empty)
2026-04-15 15:42:50,069 INFO     [FetchInput] Entering state
2026-04-15 15:42:50,071 INFO     [Service] /compute_grasps → success=False msg='No images received from PnP camera.'
2026-04-15 15:42:50,071 ERROR    [FetchInput] /compute_grasps service failed → exiting: failed
2026-04-15 15:42:50,072 DEBUG    [TaskSelector] Evaluating zone states: {'A': 'EMPTY', 'B': 'EMPTY'}  busy: {'A': False, 'B': False}
2026-04-15 15:42:50,072 INFO     [TaskSelector] → do_load (zone A empty)
2026-04-15 15:42:50,073 INFO     [FetchInput] Entering state
2026-04-15 15:42:50,078 INFO     [Service] /compute_grasps → success=False msg='No images received from PnP camera.'
2026-04-15 15:42:50,078 ERROR    [FetchInput] /compute_grasps service failed → exiting: failed
2026-04-15 15:42:50,079 DEBUG    [TaskSelector] Evaluating zone states: {'A': 'EMPTY', 'B': 'EMPTY'}  busy: {'A': False, 'B': False}
2026-04-15 15:42:50,079 INFO     [TaskSelector] → do_load (zone A empty)
2026-04-15 15:42:50,081 INFO     [FetchInput] Entering state
2026-04-15 15:42:50,083 INFO     [Service] /compute_grasps → success=False msg='No images received from PnP camera.'
2026-04-15 15:42:50,083 ERROR    [FetchInput] /compute_grasps service failed → exiting: failed
2026-04-15 15:42:50,084 DEBUG    [TaskSelector] Evaluating zone states: {'A': 'EMPTY', 'B': 'EMPTY'}  busy: {'A': False, 'B': False}
2026-04-15 15:42:50,084 INFO     [TaskSelector] → do_load (zone A empty)
2026-04-15 15:42:50,085 INFO     [FetchInput] Entering state
2026-04-15 15:42:50,088 INFO     [Service] /compute_grasps → success=False msg='No images received from PnP camera.'
2026-04-15 15:42:50,089 ERROR    [FetchInput] /compute_grasps service failed → exiting: failed
2026-04-15 15:42:50,090 DEBUG    [TaskSelector] Evaluating zone states: {'A': 'EMPTY', 'B': 'EMPTY'}  busy: {'A': False, 'B': False}
2026-04-15 15:42:50,090 INFO     [TaskSelector] → do_load (zone A empty)
2026-04-15 15:42:50,092 INFO     [FetchInput] Entering state
2026-04-15 15:42:50,098 INFO     [Service] /compute_grasps → success=False msg='No images received from PnP camera.'
2026-04-15 15:42:50,098 ERROR    [FetchInput] /compute_grasps service failed → exiting: failed
2026-04-15 15:42:50,100 DEBUG    [TaskSelector] Evaluating zone states: {'A': 'EMPTY', 'B': 'EMPTY'}  busy: {'A': False, 'B': False}
2026-04-15 15:42:50,100 INFO     [TaskSelector] → do_load (zone A empty)
2026-04-15 15:42:50,101 INFO     [FetchInput] Entering state
2026-04-15 15:42:50,104 INFO     [Service] /compute_grasps → success=False msg='No images received from PnP camera.'
2026-04-15 15:42:50,104 ERROR    [FetchInput] /compute_grasps service failed → exiting: failed
2026-04-15 15:42:50,107 DEBUG    [TaskSelector] Evaluating zone states: {'A': 'EMPTY', 'B': 'EMPTY'}  busy: {'A': False, 'B': False}
2026-04-15 15:42:50,107 INFO     [TaskSelector] → do_load (zone A empty)
2026-04-15 15:42:50,109 INFO     [FetchInput] Entering state
2026-04-15 15:42:50,120 INFO     [Service] /compute_grasps → success=False msg='No images received from PnP camera.'
2026-04-15 15:42:50,120 ERROR    [FetchInput] /compute_grasps service failed → exiting: failed
2026-04-15 15:42:50,123 DEBUG    [TaskSelector] Evaluating zone states: {'A': 'EMPTY', 'B': 'EMPTY'}  busy: {'A': False, 'B': False}
2026-04-15 15:42:50,123 INFO     [TaskSelector] → do_load (zone A empty)
2026-04-15 15:42:50,125 INFO     [FetchInput] Entering state
2026-04-15 15:42:50,128 INFO     [Service] /compute_grasps → success=False msg='No images received from PnP camera.'
2026-04-15 15:42:50,129 ERROR    [FetchInput] /compute_grasps service failed → exiting: failed
2026-04-15 15:42:50,129 DEBUG    [TaskSelector] Evaluating zone states: {'A': 'EMPTY', 'B': 'EMPTY'}  busy: {'A': False, 'B': False}
2026-04-15 15:42:50,130 INFO     [TaskSelector] → do_load (zone A empty)
2026-04-15 15:42:50,130 INFO     [FetchInput] Entering state
2026-04-15 15:42:50,133 INFO     [Service] /compute_grasps → success=False msg='No images received from PnP camera.'
2026-04-15 15:42:50,133 ERROR    [FetchInput] /compute_grasps service failed → exiting: failed
2026-04-15 15:42:50,134 DEBUG    [TaskSelector] Evaluating zone states: {'A': 'EMPTY', 'B': 'EMPTY'}  busy: {'A': False, 'B': False}
2026-04-15 15:42:50,134 INFO     [TaskSelector] → do_load (zone A empty)
2026-04-15 15:42:50,135 INFO     [FetchInput] Entering state
2026-04-15 15:42:50,137 INFO     [Service] /compute_grasps → success=False msg='No images received from PnP camera.'
2026-04-15 15:42:50,137 ERROR    [FetchInput] /compute_grasps service failed → exiting: failed
2026-04-15 15:42:50,137 DEBUG    [TaskSelector] Evaluating zone states: {'A': 'EMPTY', 'B': 'EMPTY'}  busy: {'A': False, 'B': False}
2026-04-15 15:42:50,138 INFO     [TaskSelector] → do_load (zone A empty)
2026-04-15 15:42:50,138 INFO     [FetchInput] Entering state
2026-04-15 15:42:50,141 INFO     [Service] /compute_grasps → success=False msg='No images received from PnP camera.'
2026-04-15 15:42:50,141 ERROR    [FetchInput] /compute_grasps service failed → exiting: failed
2026-04-15 15:42:50,142 DEBUG    [TaskSelector] Evaluating zone states: {'A': 'EMPTY', 'B': 'EMPTY'}  busy: {'A': False, 'B': False}
2026-04-15 15:42:50,143 INFO     [TaskSelector] → do_load (zone A empty)
2026-04-15 15:42:50,144 INFO     [FetchInput] Entering state
2026-04-15 15:42:50,146 INFO     [Service] /compute_grasps → success=False msg='No images received from PnP camera.'
2026-04-15 15:42:50,147 ERROR    [FetchInput] /compute_grasps service failed → exiting: failed
2026-04-15 15:42:50,147 DEBUG    [TaskSelector] Evaluating zone states: {'A': 'EMPTY', 'B': 'EMPTY'}  busy: {'A': False, 'B': False}
2026-04-15 15:42:50,147 INFO     [TaskSelector] → do_load (zone A empty)
2026-04-15 15:42:50,148 INFO     [FetchInput] Entering state
2026-04-15 15:42:50,151 INFO     [Service] /compute_grasps → success=False msg='No images received from PnP camera.'
2026-04-15 15:42:50,151 ERROR    [FetchInput] /compute_grasps service failed → exiting: failed
2026-04-15 15:42:50,152 DEBUG    [TaskSelector] Evaluating zone states: {'A': 'EMPTY', 'B': 'EMPTY'}  busy: {'A': False, 'B': False}
2026-04-15 15:42:50,152 INFO     [TaskSelector] → do_load (zone A empty)
2026-04-15 15:42:50,153 INFO     [FetchInput] Entering state
2026-04-15 15:42:50,156 INFO     [Service] /compute_grasps → success=False msg='No images received from PnP camera.'
2026-04-15 15:42:50,156 ERROR    [FetchInput] /compute_grasps service failed → exiting: failed
2026-04-15 15:42:50,157 DEBUG    [TaskSelector] Evaluating zone states: {'A': 'EMPTY', 'B': 'EMPTY'}  busy: {'A': False, 'B': False}
2026-04-15 15:42:50,157 INFO     [TaskSelector] → do_load (zone A empty)
2026-04-15 15:42:50,158 INFO     [FetchInput] Entering state
2026-04-15 15:42:50,164 INFO     [Service] /compute_grasps → success=False msg='No images received from PnP camera.'
2026-04-15 15:42:50,164 ERROR    [FetchInput] /compute_grasps service failed → exiting: failed
2026-04-15 15:42:50,166 DEBUG    [TaskSelector] Evaluating zone states: {'A': 'EMPTY', 'B': 'EMPTY'}  busy: {'A': False, 'B': False}
2026-04-15 15:42:50,166 INFO     [TaskSelector] → do_load (zone A empty)
2026-04-15 15:42:50,168 INFO     [FetchInput] Entering state
2026-04-15 15:42:50,171 INFO     [Service] /compute_grasps → success=False msg='No images received from PnP camera.'
2026-04-15 15:42:50,171 ERROR    [FetchInput] /compute_grasps service failed → exiting: failed
2026-04-15 15:42:50,173 DEBUG    [TaskSelector] Evaluating zone states: {'A': 'EMPTY', 'B': 'EMPTY'}  busy: {'A': False, 'B': False}
2026-04-15 15:42:50,173 INFO     [TaskSelector] → do_load (zone A empty)
2026-04-15 15:42:50,175 INFO     [FetchInput] Entering state
2026-04-15 15:42:50,183 INFO     [Service] /compute_grasps → success=False msg='No images received from PnP camera.'
2026-04-15 15:42:50,183 ERROR    [FetchInput] /compute_grasps service failed → exiting: failed
2026-04-15 15:42:50,186 DEBUG    [TaskSelector] Evaluating zone states: {'A': 'EMPTY', 'B': 'EMPTY'}  busy: {'A': False, 'B': False}
2026-04-15 15:42:50,186 INFO     [TaskSelector] → do_load (zone A empty)
2026-04-15 15:42:50,189 INFO     [FetchInput] Entering state
2026-04-15 15:42:50,194 INFO     [Service] /compute_grasps → success=False msg='No images received from PnP camera.'
2026-04-15 15:42:50,194 ERROR    [FetchInput] /compute_grasps service failed → exiting: failed
2026-04-15 15:42:50,196 DEBUG    [TaskSelector] Evaluating zone states: {'A': 'EMPTY', 'B': 'EMPTY'}  busy: {'A': False, 'B': False}
2026-04-15 15:42:50,196 INFO     [TaskSelector] → do_load (zone A empty)
2026-04-15 15:42:50,197 INFO     [FetchInput] Entering state
2026-04-15 15:42:50,200 INFO     [Service] /compute_grasps → success=False msg='No images received from PnP camera.'
2026-04-15 15:42:50,200 ERROR    [FetchInput] /compute_grasps service failed → exiting: failed
2026-04-15 15:42:50,201 DEBUG    [TaskSelector] Evaluating zone states: {'A': 'EMPTY', 'B': 'EMPTY'}  busy: {'A': False, 'B': False}
2026-04-15 15:42:50,201 INFO     [TaskSelector] → do_load (zone A empty)
2026-04-15 15:42:50,202 INFO     [FetchInput] Entering state
2026-04-15 15:42:50,204 INFO     [Service] /compute_grasps → success=False msg='No images received from PnP camera.'
2026-04-15 15:42:50,204 ERROR    [FetchInput] /compute_grasps service failed → exiting: failed
2026-04-15 15:42:50,205 DEBUG    [TaskSelector] Evaluating zone states: {'A': 'EMPTY', 'B': 'EMPTY'}  busy: {'A': False, 'B': False}
2026-04-15 15:42:50,205 INFO     [TaskSelector] → do_load (zone A empty)
2026-04-15 15:42:50,207 INFO     [FetchInput] Entering state
2026-04-15 15:42:50,211 INFO     [Service] /compute_grasps → success=False msg='No images received from PnP camera.'
2026-04-15 15:42:50,211 ERROR    [FetchInput] /compute_grasps service failed → exiting: failed
2026-04-15 15:42:50,212 DEBUG    [TaskSelector] Evaluating zone states: {'A': 'EMPTY', 'B': 'EMPTY'}  busy: {'A': False, 'B': False}
2026-04-15 15:42:50,212 INFO     [TaskSelector] → do_load (zone A empty)
2026-04-15 15:42:50,213 INFO     [FetchInput] Entering state
2026-04-15 15:42:50,215 INFO     [Service] /compute_grasps → success=False msg='No images received from PnP camera.'
2026-04-15 15:42:50,215 ERROR    [FetchInput] /compute_grasps service failed → exiting: failed
2026-04-15 15:42:50,216 DEBUG    [TaskSelector] Evaluating zone states: {'A': 'EMPTY', 'B': 'EMPTY'}  busy: {'A': False, 'B': False}
2026-04-15 15:42:50,217 INFO     [TaskSelector] → do_load (zone A empty)
2026-04-15 15:42:50,217 INFO     [FetchInput] Entering state
2026-04-15 15:42:50,220 INFO     [Service] /compute_grasps → success=False msg='No images received from PnP camera.'
2026-04-15 15:42:50,221 ERROR    [FetchInput] /compute_grasps service failed → exiting: failed
2026-04-15 15:42:50,222 DEBUG    [TaskSelector] Evaluating zone states: {'A': 'EMPTY', 'B': 'EMPTY'}  busy: {'A': False, 'B': False}
2026-04-15 15:42:50,222 INFO     [TaskSelector] → do_load (zone A empty)
2026-04-15 15:42:50,223 INFO     [FetchInput] Entering state
2026-04-15 15:42:50,228 INFO     [Service] /compute_grasps → success=False msg='No images received from PnP camera.'
2026-04-15 15:42:50,229 ERROR    [FetchInput] /compute_grasps service failed → exiting: failed
2026-04-15 15:42:50,231 DEBUG    [TaskSelector] Evaluating zone states: {'A': 'EMPTY', 'B': 'EMPTY'}  busy: {'A': False, 'B': False}
2026-04-15 15:42:50,231 INFO     [TaskSelector] → do_load (zone A empty)
2026-04-15 15:42:50,232 INFO     [FetchInput] Entering state
2026-04-15 15:42:50,234 INFO     [Service] /compute_grasps → success=False msg='No images received from PnP camera.'
2026-04-15 15:42:50,235 ERROR    [FetchInput] /compute_grasps service failed → exiting: failed
2026-04-15 15:42:50,235 DEBUG    [TaskSelector] Evaluating zone states: {'A': 'EMPTY', 'B': 'EMPTY'}  busy: {'A': False, 'B': False}
2026-04-15 15:42:50,235 INFO     [TaskSelector] → do_load (zone A empty)
2026-04-15 15:42:50,237 INFO     [FetchInput] Entering state
2026-04-15 15:42:50,248 INFO     [Service] /compute_grasps → success=False msg='No images received from PnP camera.'
2026-04-15 15:42:50,249 ERROR    [FetchInput] /compute_grasps service failed → exiting: failed
2026-04-15 15:42:50,251 DEBUG    [TaskSelector] Evaluating zone states: {'A': 'EMPTY', 'B': 'EMPTY'}  busy: {'A': False, 'B': False}
2026-04-15 15:42:50,252 INFO     [TaskSelector] → do_load (zone A empty)
2026-04-15 15:42:50,254 INFO     [FetchInput] Entering state
2026-04-15 15:42:50,260 INFO     [Service] /compute_grasps → success=False msg='No images received from PnP camera.'
2026-04-15 15:42:50,260 ERROR    [FetchInput] /compute_grasps service failed → exiting: failed
2026-04-15 15:42:50,262 DEBUG    [TaskSelector] Evaluating zone states: {'A': 'EMPTY', 'B': 'EMPTY'}  busy: {'A': False, 'B': False}
2026-04-15 15:42:50,262 INFO     [TaskSelector] → do_load (zone A empty)
2026-04-15 15:42:50,263 INFO     [FetchInput] Entering state
2026-04-15 15:42:50,265 INFO     [Service] /compute_grasps → success=False msg='No images received from PnP camera.'
2026-04-15 15:42:50,265 ERROR    [FetchInput] /compute_grasps service failed → exiting: failed
2026-04-15 15:42:50,266 DEBUG    [TaskSelector] Evaluating zone states: {'A': 'EMPTY', 'B': 'EMPTY'}  busy: {'A': False, 'B': False}
2026-04-15 15:42:50,266 INFO     [TaskSelector] → do_load (zone A empty)
2026-04-15 15:42:50,267 INFO     [FetchInput] Entering state
2026-04-15 15:42:50,269 INFO     [Service] /compute_grasps → success=False msg='No images received from PnP camera.'
2026-04-15 15:42:50,269 ERROR    [FetchInput] /compute_grasps service failed → exiting: failed
2026-04-15 15:42:50,270 DEBUG    [TaskSelector] Evaluating zone states: {'A': 'EMPTY', 'B': 'EMPTY'}  busy: {'A': False, 'B': False}
2026-04-15 15:42:50,270 INFO     [TaskSelector] → do_load (zone A empty)
2026-04-15 15:42:50,270 INFO     [FetchInput] Entering state
2026-04-15 15:42:50,273 INFO     [Service] /compute_grasps → success=False msg='No images received from PnP camera.'
2026-04-15 15:42:50,274 ERROR    [FetchInput] /compute_grasps service failed → exiting: failed
2026-04-15 15:42:50,276 DEBUG    [TaskSelector] Evaluating zone states: {'A': 'EMPTY', 'B': 'EMPTY'}  busy: {'A': False, 'B': False}
2026-04-15 15:42:50,276 INFO     [TaskSelector] → do_load (zone A empty)
2026-04-15 15:42:50,277 INFO     [FetchInput] Entering state
2026-04-15 15:42:50,280 INFO     [Service] /compute_grasps → success=False msg='No images received from PnP camera.'
2026-04-15 15:42:50,280 ERROR    [FetchInput] /compute_grasps service failed → exiting: failed
2026-04-15 15:42:50,281 DEBUG    [TaskSelector] Evaluating zone states: {'A': 'EMPTY', 'B': 'EMPTY'}  busy: {'A': False, 'B': False}
2026-04-15 15:42:50,282 INFO     [TaskSelector] → do_load (zone A empty)
2026-04-15 15:42:50,282 INFO     [FetchInput] Entering state
2026-04-15 15:42:50,285 INFO     [Service] /compute_grasps → success=False msg='No images received from PnP camera.'
2026-04-15 15:42:50,285 ERROR    [FetchInput] /compute_grasps service failed → exiting: failed
2026-04-15 15:42:50,286 DEBUG    [TaskSelector] Evaluating zone states: {'A': 'EMPTY', 'B': 'EMPTY'}  busy: {'A': False, 'B': False}
2026-04-15 15:42:50,286 INFO     [TaskSelector] → do_load (zone A empty)
2026-04-15 15:42:50,287 INFO     [FetchInput] Entering state
2026-04-15 15:42:50,292 INFO     [Service] /compute_grasps → success=False msg='No images received from PnP camera.'
2026-04-15 15:42:50,292 ERROR    [FetchInput] /compute_grasps service failed → exiting: failed
2026-04-15 15:42:50,293 DEBUG    [TaskSelector] Evaluating zone states: {'A': 'EMPTY', 'B': 'EMPTY'}  busy: {'A': False, 'B': False}
2026-04-15 15:42:50,293 INFO     [TaskSelector] → do_load (zone A empty)
2026-04-15 15:42:50,294 INFO     [FetchInput] Entering state
2026-04-15 15:42:50,301 INFO     [Service] /compute_grasps → success=False msg='No images received from PnP camera.'
2026-04-15 15:42:50,301 ERROR    [FetchInput] /compute_grasps service failed → exiting: failed
2026-04-15 15:42:50,302 DEBUG    [TaskSelector] Evaluating zone states: {'A': 'EMPTY', 'B': 'EMPTY'}  busy: {'A': False, 'B': False}
2026-04-15 15:42:50,302 INFO     [TaskSelector] → do_load (zone A empty)
2026-04-15 15:42:50,303 INFO     [FetchInput] Entering state
2026-04-15 15:42:50,309 INFO     [Service] /compute_grasps → success=False msg='No images received from PnP camera.'
2026-04-15 15:42:50,310 ERROR    [FetchInput] /compute_grasps service failed → exiting: failed
2026-04-15 15:42:50,313 DEBUG    [TaskSelector] Evaluating zone states: {'A': 'EMPTY', 'B': 'EMPTY'}  busy: {'A': False, 'B': False}
2026-04-15 15:42:50,313 INFO     [TaskSelector] → do_load (zone A empty)
2026-04-15 15:42:50,315 INFO     [FetchInput] Entering state
2026-04-15 15:42:50,323 INFO     [Service] /compute_grasps → success=False msg='No images received from PnP camera.'
2026-04-15 15:42:50,323 ERROR    [FetchInput] /compute_grasps service failed → exiting: failed
2026-04-15 15:42:50,324 DEBUG    [TaskSelector] Evaluating zone states: {'A': 'EMPTY', 'B': 'EMPTY'}  busy: {'A': False, 'B': False}
2026-04-15 15:42:50,325 INFO     [TaskSelector] → do_load (zone A empty)
2026-04-15 15:42:50,326 INFO     [FetchInput] Entering state
2026-04-15 15:42:50,328 INFO     [Service] /compute_grasps → success=False msg='No images received from PnP camera.'
2026-04-15 15:42:50,329 ERROR    [FetchInput] /compute_grasps service failed → exiting: failed
2026-04-15 15:42:50,330 DEBUG    [TaskSelector] Evaluating zone states: {'A': 'EMPTY', 'B': 'EMPTY'}  busy: {'A': False, 'B': False}
2026-04-15 15:42:50,330 INFO     [TaskSelector] → do_load (zone A empty)
2026-04-15 15:42:50,331 INFO     [FetchInput] Entering state
2026-04-15 15:42:50,334 INFO     [Service] /compute_grasps → success=False msg='No images received from PnP camera.'
2026-04-15 15:42:50,334 ERROR    [FetchInput] /compute_grasps service failed → exiting: failed
2026-04-15 15:42:50,335 DEBUG    [TaskSelector] Evaluating zone states: {'A': 'EMPTY', 'B': 'EMPTY'}  busy: {'A': False, 'B': False}
2026-04-15 15:42:50,335 INFO     [TaskSelector] → do_load (zone A empty)
2026-04-15 15:42:50,336 INFO     [FetchInput] Entering state
2026-04-15 15:42:50,338 INFO     [Service] /compute_grasps → success=False msg='No images received from PnP camera.'
2026-04-15 15:42:50,339 ERROR    [FetchInput] /compute_grasps service failed → exiting: failed
2026-04-15 15:42:50,340 DEBUG    [TaskSelector] Evaluating zone states: {'A': 'EMPTY', 'B': 'EMPTY'}  busy: {'A': False, 'B': False}
2026-04-15 15:42:50,340 INFO     [TaskSelector] → do_load (zone A empty)
2026-04-15 15:42:50,341 INFO     [FetchInput] Entering state
2026-04-15 15:42:50,343 INFO     [Service] /compute_grasps → success=False msg='No images received from PnP camera.'
2026-04-15 15:42:50,343 ERROR    [FetchInput] /compute_grasps service failed → exiting: failed
2026-04-15 15:42:50,344 DEBUG    [TaskSelector] Evaluating zone states: {'A': 'EMPTY', 'B': 'EMPTY'}  busy: {'A': False, 'B': False}
2026-04-15 15:42:50,344 INFO     [TaskSelector] → do_load (zone A empty)
2026-04-15 15:42:50,346 INFO     [FetchInput] Entering state
2026-04-15 15:42:50,349 INFO     [Service] /compute_grasps → success=False msg='No images received from PnP camera.'
2026-04-15 15:42:50,349 ERROR    [FetchInput] /compute_grasps service failed → exiting: failed
2026-04-15 15:42:50,349 DEBUG    [TaskSelector] Evaluating zone states: {'A': 'EMPTY', 'B': 'EMPTY'}  busy: {'A': False, 'B': False}
2026-04-15 15:42:50,349 INFO     [TaskSelector] → do_load (zone A empty)
2026-04-15 15:42:50,350 INFO     [FetchInput] Entering state
2026-04-15 15:42:50,353 INFO     [Service] /compute_grasps → success=False msg='No images received from PnP camera.'
2026-04-15 15:42:50,353 ERROR    [FetchInput] /compute_grasps service failed → exiting: failed
2026-04-15 15:42:50,354 DEBUG    [TaskSelector] Evaluating zone states: {'A': 'EMPTY', 'B': 'EMPTY'}  busy: {'A': False, 'B': False}
2026-04-15 15:42:50,354 INFO     [TaskSelector] → do_load (zone A empty)
2026-04-15 15:42:50,355 INFO     [FetchInput] Entering state
2026-04-15 15:42:50,359 INFO     [Service] /compute_grasps → success=False msg='No images received from PnP camera.'
2026-04-15 15:42:50,359 ERROR    [FetchInput] /compute_grasps service failed → exiting: failed
2026-04-15 15:42:50,361 DEBUG    [TaskSelector] Evaluating zone states: {'A': 'EMPTY', 'B': 'EMPTY'}  busy: {'A': False, 'B': False}
2026-04-15 15:42:50,361 INFO     [TaskSelector] → do_load (zone A empty)
2026-04-15 15:42:50,363 INFO     [FetchInput] Entering state
2026-04-15 15:42:50,368 INFO     [Service] /compute_grasps → success=False msg='No images received from PnP camera.'
2026-04-15 15:42:50,369 ERROR    [FetchInput] /compute_grasps service failed → exiting: failed
2026-04-15 15:42:50,370 DEBUG    [TaskSelector] Evaluating zone states: {'A': 'EMPTY', 'B': 'EMPTY'}  busy: {'A': False, 'B': False}
2026-04-15 15:42:50,370 INFO     [TaskSelector] → do_load (zone A empty)
2026-04-15 15:42:50,370 INFO     [FetchInput] Entering state
2026-04-15 15:42:50,376 INFO     [Service] /compute_grasps → success=False msg='No images received from PnP camera.'
2026-04-15 15:42:50,377 ERROR    [FetchInput] /compute_grasps service failed → exiting: failed
2026-04-15 15:42:50,382 DEBUG    [TaskSelector] Evaluating zone states: {'A': 'EMPTY', 'B': 'EMPTY'}  busy: {'A': False, 'B': False}
2026-04-15 15:42:50,382 INFO     [TaskSelector] → do_load (zone A empty)
2026-04-15 15:42:50,385 INFO     [FetchInput] Entering state
2026-04-15 15:42:50,394 INFO     [Service] /compute_grasps → success=False msg='No images received from PnP camera.'
2026-04-15 15:42:50,395 ERROR    [FetchInput] /compute_grasps service failed → exiting: failed
2026-04-15 15:42:50,396 DEBUG    [TaskSelector] Evaluating zone states: {'A': 'EMPTY', 'B': 'EMPTY'}  busy: {'A': False, 'B': False}
2026-04-15 15:42:50,397 INFO     [TaskSelector] → do_load (zone A empty)
2026-04-15 15:42:50,398 INFO     [FetchInput] Entering state
2026-04-15 15:42:50,400 INFO     [Service] /compute_grasps → success=False msg='No images received from PnP camera.'
2026-04-15 15:42:50,400 ERROR    [FetchInput] /compute_grasps service failed → exiting: failed
2026-04-15 15:42:50,401 DEBUG    [TaskSelector] Evaluating zone states: {'A': 'EMPTY', 'B': 'EMPTY'}  busy: {'A': False, 'B': False}
2026-04-15 15:42:50,401 INFO     [TaskSelector] → do_load (zone A empty)
2026-04-15 15:42:50,402 INFO     [FetchInput] Entering state
2026-04-15 15:42:50,404 INFO     [Service] /compute_grasps → success=False msg='No images received from PnP camera.'
2026-04-15 15:42:50,404 ERROR    [FetchInput] /compute_grasps service failed → exiting: failed
2026-04-15 15:42:50,405 DEBUG    [TaskSelector] Evaluating zone states: {'A': 'EMPTY', 'B': 'EMPTY'}  busy: {'A': False, 'B': False}
2026-04-15 15:42:50,406 INFO     [TaskSelector] → do_load (zone A empty)
2026-04-15 15:42:50,407 INFO     [FetchInput] Entering state
2026-04-15 15:42:50,411 INFO     [Service] /compute_grasps → success=False msg='No images received from PnP camera.'
2026-04-15 15:42:50,411 ERROR    [FetchInput] /compute_grasps service failed → exiting: failed
2026-04-15 15:42:50,412 DEBUG    [TaskSelector] Evaluating zone states: {'A': 'EMPTY', 'B': 'EMPTY'}  busy: {'A': False, 'B': False}
2026-04-15 15:42:50,412 INFO     [TaskSelector] → do_load (zone A empty)
2026-04-15 15:42:50,413 INFO     [FetchInput] Entering state
2026-04-15 15:42:50,416 INFO     [Service] /compute_grasps → success=False msg='No images received from PnP camera.'
2026-04-15 15:42:50,416 ERROR    [FetchInput] /compute_grasps service failed → exiting: failed
2026-04-15 15:42:50,417 DEBUG    [TaskSelector] Evaluating zone states: {'A': 'EMPTY', 'B': 'EMPTY'}  busy: {'A': False, 'B': False}
2026-04-15 15:42:50,417 INFO     [TaskSelector] → do_load (zone A empty)
2026-04-15 15:42:50,418 INFO     [FetchInput] Entering state
2026-04-15 15:42:50,421 INFO     [Service] /compute_grasps → success=False msg='No images received from PnP camera.'
2026-04-15 15:42:50,421 ERROR    [FetchInput] /compute_grasps service failed → exiting: failed
2026-04-15 15:42:50,423 DEBUG    [TaskSelector] Evaluating zone states: {'A': 'EMPTY', 'B': 'EMPTY'}  busy: {'A': False, 'B': False}
2026-04-15 15:42:50,423 INFO     [TaskSelector] → do_load (zone A empty)
2026-04-15 15:42:50,425 INFO     [FetchInput] Entering state
2026-04-15 15:42:50,429 INFO     [Service] /compute_grasps → success=False msg='No images received from PnP camera.'
2026-04-15 15:42:50,429 ERROR    [FetchInput] /compute_grasps service failed → exiting: failed
2026-04-15 15:42:50,431 DEBUG    [TaskSelector] Evaluating zone states: {'A': 'EMPTY', 'B': 'EMPTY'}  busy: {'A': False, 'B': False}
2026-04-15 15:42:50,431 INFO     [TaskSelector] → do_load (zone A empty)
2026-04-15 15:42:50,432 INFO     [FetchInput] Entering state
2026-04-15 15:42:50,435 INFO     [Service] /compute_grasps → success=False msg='No images received from PnP camera.'
2026-04-15 15:42:50,435 ERROR    [FetchInput] /compute_grasps service failed → exiting: failed
2026-04-15 15:42:50,436 DEBUG    [TaskSelector] Evaluating zone states: {'A': 'EMPTY', 'B': 'EMPTY'}  busy: {'A': False, 'B': False}
2026-04-15 15:42:50,437 INFO     [TaskSelector] → do_load (zone A empty)
2026-04-15 15:42:50,438 INFO     [FetchInput] Entering state
2026-04-15 15:42:50,445 INFO     [Service] /compute_grasps → success=False msg='No images received from PnP camera.'
2026-04-15 15:42:50,445 ERROR    [FetchInput] /compute_grasps service failed → exiting: failed
2026-04-15 15:42:50,448 DEBUG    [TaskSelector] Evaluating zone states: {'A': 'EMPTY', 'B': 'EMPTY'}  busy: {'A': False, 'B': False}
2026-04-15 15:42:50,449 INFO     [TaskSelector] → do_load (zone A empty)
2026-04-15 15:42:50,450 INFO     [FetchInput] Entering state
2026-04-15 15:42:50,452 INFO     [Service] /compute_grasps → success=False msg='No images received from PnP camera.'
2026-04-15 15:42:50,452 ERROR    [FetchInput] /compute_grasps service failed → exiting: failed
2026-04-15 15:42:50,454 DEBUG    [TaskSelector] Evaluating zone states: {'A': 'EMPTY', 'B': 'EMPTY'}  busy: {'A': False, 'B': False}
2026-04-15 15:42:50,454 INFO     [TaskSelector] → do_load (zone A empty)
2026-04-15 15:42:50,455 INFO     [FetchInput] Entering state
2026-04-15 15:42:50,458 INFO     [Service] /compute_grasps → success=False msg='No images received from PnP camera.'
2026-04-15 15:42:50,458 ERROR    [FetchInput] /compute_grasps service failed → exiting: failed
2026-04-15 15:42:50,459 DEBUG    [TaskSelector] Evaluating zone states: {'A': 'EMPTY', 'B': 'EMPTY'}  busy: {'A': False, 'B': False}
2026-04-15 15:42:50,459 INFO     [TaskSelector] → do_load (zone A empty)
2026-04-15 15:42:50,460 INFO     [FetchInput] Entering state
2026-04-15 15:42:50,462 INFO     [Service] /compute_grasps → success=False msg='No images received from PnP camera.'
2026-04-15 15:42:50,463 ERROR    [FetchInput] /compute_grasps service failed → exiting: failed
2026-04-15 15:42:50,463 DEBUG    [TaskSelector] Evaluating zone states: {'A': 'EMPTY', 'B': 'EMPTY'}  busy: {'A': False, 'B': False}
2026-04-15 15:42:50,463 INFO     [TaskSelector] → do_load (zone A empty)
2026-04-15 15:42:50,464 INFO     [FetchInput] Entering state
2026-04-15 15:42:50,466 INFO     [Service] /compute_grasps → success=False msg='No images received from PnP camera.'
2026-04-15 15:42:50,466 ERROR    [FetchInput] /compute_grasps service failed → exiting: failed
2026-04-15 15:42:50,467 DEBUG    [TaskSelector] Evaluating zone states: {'A': 'EMPTY', 'B': 'EMPTY'}  busy: {'A': False, 'B': False}
2026-04-15 15:42:50,467 INFO     [TaskSelector] → do_load (zone A empty)
2026-04-15 15:42:50,468 INFO     [FetchInput] Entering state
2026-04-15 15:42:50,470 INFO     [Service] /compute_grasps → success=False msg='No images received from PnP camera.'
2026-04-15 15:42:50,470 ERROR    [FetchInput] /compute_grasps service failed → exiting: failed
2026-04-15 15:42:50,471 DEBUG    [TaskSelector] Evaluating zone states: {'A': 'EMPTY', 'B': 'EMPTY'}  busy: {'A': False, 'B': False}
2026-04-15 15:42:50,471 INFO     [TaskSelector] → do_load (zone A empty)
2026-04-15 15:42:50,472 INFO     [FetchInput] Entering state
2026-04-15 15:42:50,474 INFO     [Service] /compute_grasps → success=False msg='No images received from PnP camera.'
2026-04-15 15:42:50,474 ERROR    [FetchInput] /compute_grasps service failed → exiting: failed
2026-04-15 15:42:50,475 DEBUG    [TaskSelector] Evaluating zone states: {'A': 'EMPTY', 'B': 'EMPTY'}  busy: {'A': False, 'B': False}
2026-04-15 15:42:50,476 INFO     [TaskSelector] → do_load (zone A empty)
2026-04-15 15:42:50,477 INFO     [FetchInput] Entering state
2026-04-15 15:42:50,480 INFO     [Service] /compute_grasps → success=False msg='No images received from PnP camera.'
2026-04-15 15:42:50,480 ERROR    [FetchInput] /compute_grasps service failed → exiting: failed
2026-04-15 15:42:50,481 DEBUG    [TaskSelector] Evaluating zone states: {'A': 'EMPTY', 'B': 'EMPTY'}  busy: {'A': False, 'B': False}
2026-04-15 15:42:50,481 INFO     [TaskSelector] → do_load (zone A empty)
2026-04-15 15:42:50,481 INFO     [FetchInput] Entering state
2026-04-15 15:42:50,484 INFO     [Service] /compute_grasps → success=False msg='No images received from PnP camera.'
2026-04-15 15:42:50,484 ERROR    [FetchInput] /compute_grasps service failed → exiting: failed
2026-04-15 15:42:50,485 DEBUG    [TaskSelector] Evaluating zone states: {'A': 'EMPTY', 'B': 'EMPTY'}  busy: {'A': False, 'B': False}
2026-04-15 15:42:50,485 INFO     [TaskSelector] → do_load (zone A empty)
2026-04-15 15:42:50,486 INFO     [FetchInput] Entering state
2026-04-15 15:42:50,489 INFO     [Service] /compute_grasps → success=False msg='No images received from PnP camera.'
2026-04-15 15:42:50,489 ERROR    [FetchInput] /compute_grasps service failed → exiting: failed
2026-04-15 15:42:50,490 DEBUG    [TaskSelector] Evaluating zone states: {'A': 'EMPTY', 'B': 'EMPTY'}  busy: {'A': False, 'B': False}
2026-04-15 15:42:50,490 INFO     [TaskSelector] → do_load (zone A empty)
2026-04-15 15:42:50,491 INFO     [FetchInput] Entering state
2026-04-15 15:42:50,493 INFO     [Service] /compute_grasps → success=False msg='No images received from PnP camera.'
2026-04-15 15:42:50,493 ERROR    [FetchInput] /compute_grasps service failed → exiting: failed
2026-04-15 15:42:50,494 DEBUG    [TaskSelector] Evaluating zone states: {'A': 'EMPTY', 'B': 'EMPTY'}  busy: {'A': False, 'B': False}
2026-04-15 15:42:50,494 INFO     [TaskSelector] → do_load (zone A empty)
2026-04-15 15:42:50,495 INFO     [FetchInput] Entering state
2026-04-15 15:42:50,500 INFO     [Service] /compute_grasps → success=False msg='No images received from PnP camera.'
2026-04-15 15:42:50,500 ERROR    [FetchInput] /compute_grasps service failed → exiting: failed
2026-04-15 15:42:50,501 DEBUG    [TaskSelector] Evaluating zone states: {'A': 'EMPTY', 'B': 'EMPTY'}  busy: {'A': False, 'B': False}
2026-04-15 15:42:50,501 INFO     [TaskSelector] → do_load (zone A empty)
2026-04-15 15:42:50,502 INFO     [FetchInput] Entering state
2026-04-15 15:42:50,506 INFO     [Service] /compute_grasps → success=False msg='No images received from PnP camera.'
2026-04-15 15:42:50,507 ERROR    [FetchInput] /compute_grasps service failed → exiting: failed
2026-04-15 15:42:50,509 DEBUG    [TaskSelector] Evaluating zone states: {'A': 'EMPTY', 'B': 'EMPTY'}  busy: {'A': False, 'B': False}
2026-04-15 15:42:50,509 INFO     [TaskSelector] → do_load (zone A empty)
2026-04-15 15:42:50,511 INFO     [FetchInput] Entering state
2026-04-15 15:42:50,516 INFO     [Service] /compute_grasps → success=False msg='No images received from PnP camera.'
2026-04-15 15:42:50,517 ERROR    [FetchInput] /compute_grasps service failed → exiting: failed
2026-04-15 15:42:50,519 DEBUG    [TaskSelector] Evaluating zone states: {'A': 'EMPTY', 'B': 'EMPTY'}  busy: {'A': False, 'B': False}
2026-04-15 15:42:50,519 INFO     [TaskSelector] → do_load (zone A empty)
2026-04-15 15:42:50,520 INFO     [FetchInput] Entering state
2026-04-15 15:42:50,525 INFO     [Service] /compute_grasps → success=False msg='No images received from PnP camera.'
2026-04-15 15:42:50,525 ERROR    [FetchInput] /compute_grasps service failed → exiting: failed
2026-04-15 15:42:50,528 DEBUG    [TaskSelector] Evaluating zone states: {'A': 'EMPTY', 'B': 'EMPTY'}  busy: {'A': False, 'B': False}
2026-04-15 15:42:50,528 INFO     [TaskSelector] → do_load (zone A empty)
2026-04-15 15:42:50,529 INFO     [FetchInput] Entering state
2026-04-15 15:42:50,532 INFO     [Service] /compute_grasps → success=False msg='No images received from PnP camera.'
2026-04-15 15:42:50,532 ERROR    [FetchInput] /compute_grasps service failed → exiting: failed
2026-04-15 15:42:50,532 DEBUG    [TaskSelector] Evaluating zone states: {'A': 'EMPTY', 'B': 'EMPTY'}  busy: {'A': False, 'B': False}
2026-04-15 15:42:50,532 INFO     [TaskSelector] → do_load (zone A empty)
2026-04-15 15:42:50,533 INFO     [FetchInput] Entering state
2026-04-15 15:42:50,535 INFO     [Service] /compute_grasps → success=False msg='No images received from PnP camera.'
2026-04-15 15:42:50,536 ERROR    [FetchInput] /compute_grasps service failed → exiting: failed
2026-04-15 15:42:50,536 DEBUG    [TaskSelector] Evaluating zone states: {'A': 'EMPTY', 'B': 'EMPTY'}  busy: {'A': False, 'B': False}
2026-04-15 15:42:50,536 INFO     [TaskSelector] → do_load (zone A empty)
2026-04-15 15:42:50,537 INFO     [FetchInput] Entering state
2026-04-15 15:42:50,540 INFO     [Service] /compute_grasps → success=False msg='No images received from PnP camera.'
2026-04-15 15:42:50,540 ERROR    [FetchInput] /compute_grasps service failed → exiting: failed
2026-04-15 15:42:50,540 DEBUG    [TaskSelector] Evaluating zone states: {'A': 'EMPTY', 'B': 'EMPTY'}  busy: {'A': False, 'B': False}
2026-04-15 15:42:50,540 INFO     [TaskSelector] → do_load (zone A empty)
2026-04-15 15:42:50,541 INFO     [FetchInput] Entering state
2026-04-15 15:42:50,544 INFO     [Service] /compute_grasps → success=False msg='No images received from PnP camera.'
2026-04-15 15:42:50,544 ERROR    [FetchInput] /compute_grasps service failed → exiting: failed
2026-04-15 15:42:50,545 DEBUG    [TaskSelector] Evaluating zone states: {'A': 'EMPTY', 'B': 'EMPTY'}  busy: {'A': False, 'B': False}
2026-04-15 15:42:50,545 INFO     [TaskSelector] → do_load (zone A empty)
2026-04-15 15:42:50,546 INFO     [FetchInput] Entering state
2026-04-15 15:42:50,548 INFO     [Service] /compute_grasps → success=False msg='No images received from PnP camera.'
2026-04-15 15:42:50,549 ERROR    [FetchInput] /compute_grasps service failed → exiting: failed
2026-04-15 15:42:50,549 DEBUG    [TaskSelector] Evaluating zone states: {'A': 'EMPTY', 'B': 'EMPTY'}  busy: {'A': False, 'B': False}
2026-04-15 15:42:50,549 INFO     [TaskSelector] → do_load (zone A empty)
2026-04-15 15:42:50,550 INFO     [FetchInput] Entering state
2026-04-15 15:42:50,552 INFO     [Service] /compute_grasps → success=False msg='No images received from PnP camera.'
2026-04-15 15:42:50,552 ERROR    [FetchInput] /compute_grasps service failed → exiting: failed
2026-04-15 15:42:50,553 DEBUG    [TaskSelector] Evaluating zone states: {'A': 'EMPTY', 'B': 'EMPTY'}  busy: {'A': False, 'B': False}
2026-04-15 15:42:50,553 INFO     [TaskSelector] → do_load (zone A empty)
2026-04-15 15:42:50,554 INFO     [FetchInput] Entering state
2026-04-15 15:42:50,557 INFO     [Service] /compute_grasps → success=False msg='No images received from PnP camera.'
2026-04-15 15:42:50,557 ERROR    [FetchInput] /compute_grasps service failed → exiting: failed
2026-04-15 15:42:50,558 DEBUG    [TaskSelector] Evaluating zone states: {'A': 'EMPTY', 'B': 'EMPTY'}  busy: {'A': False, 'B': False}
2026-04-15 15:42:50,559 INFO     [TaskSelector] → do_load (zone A empty)
2026-04-15 15:42:50,559 INFO     [FetchInput] Entering state
2026-04-15 15:42:50,562 INFO     [Service] /compute_grasps → success=False msg='No images received from PnP camera.'
2026-04-15 15:42:50,562 ERROR    [FetchInput] /compute_grasps service failed → exiting: failed
2026-04-15 15:42:50,562 DEBUG    [TaskSelector] Evaluating zone states: {'A': 'EMPTY', 'B': 'EMPTY'}  busy: {'A': False, 'B': False}
2026-04-15 15:42:50,563 INFO     [TaskSelector] → do_load (zone A empty)
2026-04-15 15:42:50,564 INFO     [FetchInput] Entering state
2026-04-15 15:42:50,567 INFO     [Service] /compute_grasps → success=False msg='No images received from PnP camera.'
2026-04-15 15:42:50,567 ERROR    [FetchInput] /compute_grasps service failed → exiting: failed
2026-04-15 15:42:50,568 DEBUG    [TaskSelector] Evaluating zone states: {'A': 'EMPTY', 'B': 'EMPTY'}  busy: {'A': False, 'B': False}
2026-04-15 15:42:50,568 INFO     [TaskSelector] → do_load (zone A empty)
2026-04-15 15:42:50,569 INFO     [FetchInput] Entering state
2026-04-15 15:42:50,573 INFO     [Service] /compute_grasps → success=False msg='No images received from PnP camera.'
2026-04-15 15:42:50,573 ERROR    [FetchInput] /compute_grasps service failed → exiting: failed
2026-04-15 15:42:50,578 DEBUG    [TaskSelector] Evaluating zone states: {'A': 'EMPTY', 'B': 'EMPTY'}  busy: {'A': False, 'B': False}
2026-04-15 15:42:50,578 INFO     [TaskSelector] → do_load (zone A empty)
2026-04-15 15:42:50,580 INFO     [FetchInput] Entering state
2026-04-15 15:42:50,591 INFO     [Service] /compute_grasps → success=False msg='No images received from PnP camera.'
2026-04-15 15:42:50,591 ERROR    [FetchInput] /compute_grasps service failed → exiting: failed
2026-04-15 15:42:50,592 DEBUG    [TaskSelector] Evaluating zone states: {'A': 'EMPTY', 'B': 'EMPTY'}  busy: {'A': False, 'B': False}
2026-04-15 15:42:50,592 INFO     [TaskSelector] → do_load (zone A empty)
2026-04-15 15:42:50,593 INFO     [FetchInput] Entering state
2026-04-15 15:42:50,597 INFO     [Service] /compute_grasps → success=False msg='No images received from PnP camera.'
2026-04-15 15:42:50,597 ERROR    [FetchInput] /compute_grasps service failed → exiting: failed
2026-04-15 15:42:50,598 DEBUG    [TaskSelector] Evaluating zone states: {'A': 'EMPTY', 'B': 'EMPTY'}  busy: {'A': False, 'B': False}
2026-04-15 15:42:50,598 INFO     [TaskSelector] → do_load (zone A empty)
2026-04-15 15:42:50,599 INFO     [FetchInput] Entering state
2026-04-15 15:42:50,602 INFO     [Service] /compute_grasps → success=False msg='No images received from PnP camera.'
2026-04-15 15:42:50,602 ERROR    [FetchInput] /compute_grasps service failed → exiting: failed
2026-04-15 15:42:50,602 DEBUG    [TaskSelector] Evaluating zone states: {'A': 'EMPTY', 'B': 'EMPTY'}  busy: {'A': False, 'B': False}
2026-04-15 15:42:50,603 INFO     [TaskSelector] → do_load (zone A empty)
2026-04-15 15:42:50,603 INFO     [FetchInput] Entering state
2026-04-15 15:42:50,606 INFO     [Service] /compute_grasps → success=False msg='No images received from PnP camera.'
2026-04-15 15:42:50,606 ERROR    [FetchInput] /compute_grasps service failed → exiting: failed
2026-04-15 15:42:50,607 DEBUG    [TaskSelector] Evaluating zone states: {'A': 'EMPTY', 'B': 'EMPTY'}  busy: {'A': False, 'B': False}
2026-04-15 15:42:50,607 INFO     [TaskSelector] → do_load (zone A empty)
2026-04-15 15:42:50,607 INFO     [FetchInput] Entering state
2026-04-15 15:42:50,610 INFO     [Service] /compute_grasps → success=False msg='No images received from PnP camera.'
2026-04-15 15:42:50,611 ERROR    [FetchInput] /compute_grasps service failed → exiting: failed
2026-04-15 15:42:50,612 DEBUG    [TaskSelector] Evaluating zone states: {'A': 'EMPTY', 'B': 'EMPTY'}  busy: {'A': False, 'B': False}
2026-04-15 15:42:50,612 INFO     [TaskSelector] → do_load (zone A empty)
2026-04-15 15:42:50,613 INFO     [FetchInput] Entering state
2026-04-15 15:42:50,615 INFO     [Service] /compute_grasps → success=False msg='No images received from PnP camera.'
2026-04-15 15:42:50,615 ERROR    [FetchInput] /compute_grasps service failed → exiting: failed
2026-04-15 15:42:50,616 DEBUG    [TaskSelector] Evaluating zone states: {'A': 'EMPTY', 'B': 'EMPTY'}  busy: {'A': False, 'B': False}
2026-04-15 15:42:50,616 INFO     [TaskSelector] → do_load (zone A empty)
2026-04-15 15:42:50,617 INFO     [FetchInput] Entering state
2026-04-15 15:42:50,619 INFO     [Service] /compute_grasps → success=False msg='No images received from PnP camera.'
2026-04-15 15:42:50,619 ERROR    [FetchInput] /compute_grasps service failed → exiting: failed
2026-04-15 15:42:50,620 DEBUG    [TaskSelector] Evaluating zone states: {'A': 'EMPTY', 'B': 'EMPTY'}  busy: {'A': False, 'B': False}
2026-04-15 15:42:50,620 INFO     [TaskSelector] → do_load (zone A empty)
2026-04-15 15:42:50,621 INFO     [FetchInput] Entering state
2026-04-15 15:42:50,623 INFO     [Service] /compute_grasps → success=False msg='No images received from PnP camera.'
2026-04-15 15:42:50,624 ERROR    [FetchInput] /compute_grasps service failed → exiting: failed
2026-04-15 15:42:50,624 DEBUG    [TaskSelector] Evaluating zone states: {'A': 'EMPTY', 'B': 'EMPTY'}  busy: {'A': False, 'B': False}
2026-04-15 15:42:50,625 INFO     [TaskSelector] → do_load (zone A empty)
2026-04-15 15:42:50,626 INFO     [FetchInput] Entering state
2026-04-15 15:42:50,629 INFO     [Service] /compute_grasps → success=False msg='No images received from PnP camera.'
2026-04-15 15:42:50,630 ERROR    [FetchInput] /compute_grasps service failed → exiting: failed
2026-04-15 15:42:50,632 DEBUG    [TaskSelector] Evaluating zone states: {'A': 'EMPTY', 'B': 'EMPTY'}  busy: {'A': False, 'B': False}
2026-04-15 15:42:50,632 INFO     [TaskSelector] → do_load (zone A empty)
2026-04-15 15:42:50,633 INFO     [FetchInput] Entering state
2026-04-15 15:42:50,636 INFO     [Service] /compute_grasps → success=False msg='No images received from PnP camera.'
2026-04-15 15:42:50,636 ERROR    [FetchInput] /compute_grasps service failed → exiting: failed
2026-04-15 15:42:50,637 DEBUG    [TaskSelector] Evaluating zone states: {'A': 'EMPTY', 'B': 'EMPTY'}  busy: {'A': False, 'B': False}
2026-04-15 15:42:50,637 INFO     [TaskSelector] → do_load (zone A empty)
2026-04-15 15:42:50,638 INFO     [FetchInput] Entering state
2026-04-15 15:42:50,642 INFO     [Service] /compute_grasps → success=False msg='No images received from PnP camera.'
2026-04-15 15:42:50,642 ERROR    [FetchInput] /compute_grasps service failed → exiting: failed
2026-04-15 15:42:50,644 DEBUG    [TaskSelector] Evaluating zone states: {'A': 'EMPTY', 'B': 'EMPTY'}  busy: {'A': False, 'B': False}
2026-04-15 15:42:50,644 INFO     [TaskSelector] → do_load (zone A empty)
2026-04-15 15:42:50,645 INFO     [FetchInput] Entering state
2026-04-15 15:42:50,650 INFO     [Service] /compute_grasps → success=False msg='No images received from PnP camera.'
2026-04-15 15:42:50,651 ERROR    [FetchInput] /compute_grasps service failed → exiting: failed
2026-04-15 15:42:50,652 DEBUG    [TaskSelector] Evaluating zone states: {'A': 'EMPTY', 'B': 'EMPTY'}  busy: {'A': False, 'B': False}
2026-04-15 15:42:50,652 INFO     [TaskSelector] → do_load (zone A empty)
2026-04-15 15:42:50,654 INFO     [FetchInput] Entering state
2026-04-15 15:42:50,659 INFO     [Service] /compute_grasps → success=False msg='No images received from PnP camera.'
2026-04-15 15:42:50,659 ERROR    [FetchInput] /compute_grasps service failed → exiting: failed
2026-04-15 15:42:50,660 DEBUG    [TaskSelector] Evaluating zone states: {'A': 'EMPTY', 'B': 'EMPTY'}  busy: {'A': False, 'B': False}
2026-04-15 15:42:50,660 INFO     [TaskSelector] → do_load (zone A empty)
2026-04-15 15:42:50,661 INFO     [FetchInput] Entering state
2026-04-15 15:42:50,664 INFO     [Service] /compute_grasps → success=False msg='No images received from PnP camera.'
2026-04-15 15:42:50,664 ERROR    [FetchInput] /compute_grasps service failed → exiting: failed
2026-04-15 15:42:50,665 DEBUG    [TaskSelector] Evaluating zone states: {'A': 'EMPTY', 'B': 'EMPTY'}  busy: {'A': False, 'B': False}
2026-04-15 15:42:50,665 INFO     [TaskSelector] → do_load (zone A empty)
2026-04-15 15:42:50,666 INFO     [FetchInput] Entering state
2026-04-15 15:42:50,668 INFO     [Service] /compute_grasps → success=False msg='No images received from PnP camera.'
2026-04-15 15:42:50,668 ERROR    [FetchInput] /compute_grasps service failed → exiting: failed
2026-04-15 15:42:50,669 DEBUG    [TaskSelector] Evaluating zone states: {'A': 'EMPTY', 'B': 'EMPTY'}  busy: {'A': False, 'B': False}
2026-04-15 15:42:50,669 INFO     [TaskSelector] → do_load (zone A empty)
2026-04-15 15:42:50,669 INFO     [FetchInput] Entering state
2026-04-15 15:42:50,672 INFO     [Service] /compute_grasps → success=False msg='No images received from PnP camera.'
2026-04-15 15:42:50,672 ERROR    [FetchInput] /compute_grasps service failed → exiting: failed
2026-04-15 15:42:50,673 DEBUG    [TaskSelector] Evaluating zone states: {'A': 'EMPTY', 'B': 'EMPTY'}  busy: {'A': False, 'B': False}
2026-04-15 15:42:50,673 INFO     [TaskSelector] → do_load (zone A empty)
2026-04-15 15:42:50,673 INFO     [FetchInput] Entering state
2026-04-15 15:42:50,677 INFO     [Service] /compute_grasps → success=False msg='No images received from PnP camera.'
2026-04-15 15:42:50,677 ERROR    [FetchInput] /compute_grasps service failed → exiting: failed
2026-04-15 15:42:50,678 DEBUG    [TaskSelector] Evaluating zone states: {'A': 'EMPTY', 'B': 'EMPTY'}  busy: {'A': False, 'B': False}
2026-04-15 15:42:50,678 INFO     [TaskSelector] → do_load (zone A empty)
2026-04-15 15:42:50,678 INFO     [FetchInput] Entering state
2026-04-15 15:42:50,681 INFO     [Service] /compute_grasps → success=False msg='No images received from PnP camera.'
2026-04-15 15:42:50,681 ERROR    [FetchInput] /compute_grasps service failed → exiting: failed
2026-04-15 15:42:50,682 DEBUG    [TaskSelector] Evaluating zone states: {'A': 'EMPTY', 'B': 'EMPTY'}  busy: {'A': False, 'B': False}
2026-04-15 15:42:50,682 INFO     [TaskSelector] → do_load (zone A empty)
2026-04-15 15:42:50,682 INFO     [FetchInput] Entering state
2026-04-15 15:42:50,685 INFO     [Service] /compute_grasps → success=False msg='No images received from PnP camera.'
2026-04-15 15:42:50,685 ERROR    [FetchInput] /compute_grasps service failed → exiting: failed
2026-04-15 15:42:50,686 DEBUG    [TaskSelector] Evaluating zone states: {'A': 'EMPTY', 'B': 'EMPTY'}  busy: {'A': False, 'B': False}
2026-04-15 15:42:50,686 INFO     [TaskSelector] → do_load (zone A empty)
2026-04-15 15:42:50,686 INFO     [FetchInput] Entering state
2026-04-15 15:42:50,690 INFO     [Service] /compute_grasps → success=False msg='No images received from PnP camera.'
2026-04-15 15:42:50,690 ERROR    [FetchInput] /compute_grasps service failed → exiting: failed
2026-04-15 15:42:50,691 DEBUG    [TaskSelector] Evaluating zone states: {'A': 'EMPTY', 'B': 'EMPTY'}  busy: {'A': False, 'B': False}
2026-04-15 15:42:50,691 INFO     [TaskSelector] → do_load (zone A empty)
2026-04-15 15:42:50,692 INFO     [FetchInput] Entering state
2026-04-15 15:42:50,694 INFO     [Service] /compute_grasps → success=False msg='No images received from PnP camera.'
2026-04-15 15:42:50,694 ERROR    [FetchInput] /compute_grasps service failed → exiting: failed
2026-04-15 15:42:50,695 DEBUG    [TaskSelector] Evaluating zone states: {'A': 'EMPTY', 'B': 'EMPTY'}  busy: {'A': False, 'B': False}
2026-04-15 15:42:50,695 INFO     [TaskSelector] → do_load (zone A empty)
2026-04-15 15:42:50,696 INFO     [FetchInput] Entering state
2026-04-15 15:42:50,700 INFO     [Service] /compute_grasps → success=False msg='No images received from PnP camera.'
2026-04-15 15:42:50,700 ERROR    [FetchInput] /compute_grasps service failed → exiting: failed
2026-04-15 15:42:50,702 DEBUG    [TaskSelector] Evaluating zone states: {'A': 'EMPTY', 'B': 'EMPTY'}  busy: {'A': False, 'B': False}
2026-04-15 15:42:50,702 INFO     [TaskSelector] → do_load (zone A empty)
2026-04-15 15:42:50,703 INFO     [FetchInput] Entering state
2026-04-15 15:42:50,705 INFO     [Service] /compute_grasps → success=False msg='No images received from PnP camera.'
2026-04-15 15:42:50,705 ERROR    [FetchInput] /compute_grasps service failed → exiting: failed
2026-04-15 15:42:50,706 DEBUG    [TaskSelector] Evaluating zone states: {'A': 'EMPTY', 'B': 'EMPTY'}  busy: {'A': False, 'B': False}
2026-04-15 15:42:50,706 INFO     [TaskSelector] → do_load (zone A empty)
2026-04-15 15:42:50,709 INFO     [FetchInput] Entering state
2026-04-15 15:42:50,714 INFO     [Service] /compute_grasps → success=False msg='No images received from PnP camera.'
2026-04-15 15:42:50,714 ERROR    [FetchInput] /compute_grasps service failed → exiting: failed
2026-04-15 15:42:50,716 DEBUG    [TaskSelector] Evaluating zone states: {'A': 'EMPTY', 'B': 'EMPTY'}  busy: {'A': False, 'B': False}
2026-04-15 15:42:50,716 INFO     [TaskSelector] → do_load (zone A empty)
2026-04-15 15:42:50,717 INFO     [FetchInput] Entering state
2026-04-15 15:42:50,720 INFO     [Service] /compute_grasps → success=False msg='No images received from PnP camera.'
2026-04-15 15:42:50,720 ERROR    [FetchInput] /compute_grasps service failed → exiting: failed
2026-04-15 15:42:50,721 DEBUG    [TaskSelector] Evaluating zone states: {'A': 'EMPTY', 'B': 'EMPTY'}  busy: {'A': False, 'B': False}
2026-04-15 15:42:50,721 INFO     [TaskSelector] → do_load (zone A empty)
2026-04-15 15:42:50,722 INFO     [FetchInput] Entering state
2026-04-15 15:42:50,725 INFO     [Service] /compute_grasps → success=False msg='No images received from PnP camera.'
2026-04-15 15:42:50,725 ERROR    [FetchInput] /compute_grasps service failed → exiting: failed
2026-04-15 15:42:50,727 DEBUG    [TaskSelector] Evaluating zone states: {'A': 'EMPTY', 'B': 'EMPTY'}  busy: {'A': False, 'B': False}
2026-04-15 15:42:50,727 INFO     [TaskSelector] → do_load (zone A empty)
2026-04-15 15:42:50,728 INFO     [FetchInput] Entering state
2026-04-15 15:42:50,730 INFO     [Service] /compute_grasps → success=False msg='No images received from PnP camera.'
2026-04-15 15:42:50,730 ERROR    [FetchInput] /compute_grasps service failed → exiting: failed
2026-04-15 15:42:50,731 DEBUG    [TaskSelector] Evaluating zone states: {'A': 'EMPTY', 'B': 'EMPTY'}  busy: {'A': False, 'B': False}
2026-04-15 15:42:50,731 INFO     [TaskSelector] → do_load (zone A empty)
2026-04-15 15:42:50,732 INFO     [FetchInput] Entering state
2026-04-15 15:42:50,734 INFO     [Service] /compute_grasps → success=False msg='No images received from PnP camera.'
2026-04-15 15:42:50,734 ERROR    [FetchInput] /compute_grasps service failed → exiting: failed
2026-04-15 15:42:50,735 DEBUG    [TaskSelector] Evaluating zone states: {'A': 'EMPTY', 'B': 'EMPTY'}  busy: {'A': False, 'B': False}
2026-04-15 15:42:50,735 INFO     [TaskSelector] → do_load (zone A empty)
2026-04-15 15:42:50,736 INFO     [FetchInput] Entering state
2026-04-15 15:42:50,738 INFO     [Service] /compute_grasps → success=False msg='No images received from PnP camera.'
2026-04-15 15:42:50,738 ERROR    [FetchInput] /compute_grasps service failed → exiting: failed
2026-04-15 15:42:50,739 DEBUG    [TaskSelector] Evaluating zone states: {'A': 'EMPTY', 'B': 'EMPTY'}  busy: {'A': False, 'B': False}
2026-04-15 15:42:50,739 INFO     [TaskSelector] → do_load (zone A empty)
2026-04-15 15:42:50,740 INFO     [FetchInput] Entering state
2026-04-15 15:42:50,742 INFO     [Service] /compute_grasps → success=False msg='No images received from PnP camera.'
2026-04-15 15:42:50,742 ERROR    [FetchInput] /compute_grasps service failed → exiting: failed
2026-04-15 15:42:50,743 DEBUG    [TaskSelector] Evaluating zone states: {'A': 'EMPTY', 'B': 'EMPTY'}  busy: {'A': False, 'B': False}
2026-04-15 15:42:50,743 INFO     [TaskSelector] → do_load (zone A empty)
2026-04-15 15:42:50,744 INFO     [FetchInput] Entering state
2026-04-15 15:42:50,746 INFO     [Service] /compute_grasps → success=False msg='No images received from PnP camera.'
2026-04-15 15:42:50,746 ERROR    [FetchInput] /compute_grasps service failed → exiting: failed
2026-04-15 15:42:50,747 DEBUG    [TaskSelector] Evaluating zone states: {'A': 'EMPTY', 'B': 'EMPTY'}  busy: {'A': False, 'B': False}
2026-04-15 15:42:50,747 INFO     [TaskSelector] → do_load (zone A empty)
2026-04-15 15:42:50,748 INFO     [FetchInput] Entering state
2026-04-15 15:42:50,750 INFO     [Service] /compute_grasps → success=False msg='No images received from PnP camera.'
2026-04-15 15:42:50,750 ERROR    [FetchInput] /compute_grasps service failed → exiting: failed
2026-04-15 15:42:50,750 DEBUG    [TaskSelector] Evaluating zone states: {'A': 'EMPTY', 'B': 'EMPTY'}  busy: {'A': False, 'B': False}
2026-04-15 15:42:50,750 INFO     [TaskSelector] → do_load (zone A empty)
2026-04-15 15:42:50,751 INFO     [FetchInput] Entering state
2026-04-15 15:42:50,753 INFO     [Service] /compute_grasps → success=False msg='No images received from PnP camera.'
2026-04-15 15:42:50,753 ERROR    [FetchInput] /compute_grasps service failed → exiting: failed
2026-04-15 15:42:50,754 DEBUG    [TaskSelector] Evaluating zone states: {'A': 'EMPTY', 'B': 'EMPTY'}  busy: {'A': False, 'B': False}
2026-04-15 15:42:50,754 INFO     [TaskSelector] → do_load (zone A empty)
2026-04-15 15:42:50,756 INFO     [FetchInput] Entering state
2026-04-15 15:42:50,760 INFO     [Service] /compute_grasps → success=False msg='No images received from PnP camera.'
2026-04-15 15:42:50,760 ERROR    [FetchInput] /compute_grasps service failed → exiting: failed
2026-04-15 15:42:50,761 DEBUG    [TaskSelector] Evaluating zone states: {'A': 'EMPTY', 'B': 'EMPTY'}  busy: {'A': False, 'B': False}
2026-04-15 15:42:50,761 INFO     [TaskSelector] → do_load (zone A empty)
2026-04-15 15:42:50,761 INFO     [FetchInput] Entering state
2026-04-15 15:42:50,764 INFO     [Service] /compute_grasps → success=False msg='No images received from PnP camera.'
2026-04-15 15:42:50,764 ERROR    [FetchInput] /compute_grasps service failed → exiting: failed
2026-04-15 15:42:50,766 DEBUG    [TaskSelector] Evaluating zone states: {'A': 'EMPTY', 'B': 'EMPTY'}  busy: {'A': False, 'B': False}
2026-04-15 15:42:50,766 INFO     [TaskSelector] → do_load (zone A empty)
2026-04-15 15:42:50,767 INFO     [FetchInput] Entering state
2026-04-15 15:42:50,771 INFO     [Service] /compute_grasps → success=False msg='No images received from PnP camera.'
2026-04-15 15:42:50,771 ERROR    [FetchInput] /compute_grasps service failed → exiting: failed
2026-04-15 15:42:50,772 DEBUG    [TaskSelector] Evaluating zone states: {'A': 'EMPTY', 'B': 'EMPTY'}  busy: {'A': False, 'B': False}
2026-04-15 15:42:50,772 INFO     [TaskSelector] → do_load (zone A empty)
2026-04-15 15:42:50,773 INFO     [FetchInput] Entering state
2026-04-15 15:42:50,784 INFO     [Service] /compute_grasps → success=False msg='No images received from PnP camera.'
2026-04-15 15:42:50,785 ERROR    [FetchInput] /compute_grasps service failed → exiting: failed
2026-04-15 15:42:50,787 DEBUG    [TaskSelector] Evaluating zone states: {'A': 'EMPTY', 'B': 'EMPTY'}  busy: {'A': False, 'B': False}
2026-04-15 15:42:50,787 INFO     [TaskSelector] → do_load (zone A empty)
2026-04-15 15:42:50,789 INFO     [FetchInput] Entering state
2026-04-15 15:42:50,793 INFO     [Service] /compute_grasps → success=False msg='No images received from PnP camera.'
2026-04-15 15:42:50,793 ERROR    [FetchInput] /compute_grasps service failed → exiting: failed
2026-04-15 15:42:50,794 DEBUG    [TaskSelector] Evaluating zone states: {'A': 'EMPTY', 'B': 'EMPTY'}  busy: {'A': False, 'B': False}
2026-04-15 15:42:50,794 INFO     [TaskSelector] → do_load (zone A empty)
2026-04-15 15:42:50,795 INFO     [FetchInput] Entering state
2026-04-15 15:42:50,798 INFO     [Service] /compute_grasps → success=False msg='No images received from PnP camera.'
2026-04-15 15:42:50,798 ERROR    [FetchInput] /compute_grasps service failed → exiting: failed
2026-04-15 15:42:50,799 DEBUG    [TaskSelector] Evaluating zone states: {'A': 'EMPTY', 'B': 'EMPTY'}  busy: {'A': False, 'B': False}
2026-04-15 15:42:50,799 INFO     [TaskSelector] → do_load (zone A empty)
2026-04-15 15:42:50,800 INFO     [FetchInput] Entering state
2026-04-15 15:42:50,802 INFO     [Service] /compute_grasps → success=False msg='No images received from PnP camera.'
2026-04-15 15:42:50,802 ERROR    [FetchInput] /compute_grasps service failed → exiting: failed
2026-04-15 15:42:50,803 DEBUG    [TaskSelector] Evaluating zone states: {'A': 'EMPTY', 'B': 'EMPTY'}  busy: {'A': False, 'B': False}
2026-04-15 15:42:50,803 INFO     [TaskSelector] → do_load (zone A empty)
2026-04-15 15:42:50,804 INFO     [FetchInput] Entering state
2026-04-15 15:42:50,806 INFO     [Service] /compute_grasps → success=False msg='No images received from PnP camera.'
2026-04-15 15:42:50,806 ERROR    [FetchInput] /compute_grasps service failed → exiting: failed
2026-04-15 15:42:50,807 DEBUG    [TaskSelector] Evaluating zone states: {'A': 'EMPTY', 'B': 'EMPTY'}  busy: {'A': False, 'B': False}
2026-04-15 15:42:50,807 INFO     [TaskSelector] → do_load (zone A empty)
2026-04-15 15:42:50,808 INFO     [FetchInput] Entering state
2026-04-15 15:42:50,810 INFO     [Service] /compute_grasps → success=False msg='No images received from PnP camera.'
2026-04-15 15:42:50,810 ERROR    [FetchInput] /compute_grasps service failed → exiting: failed
2026-04-15 15:42:50,811 DEBUG    [TaskSelector] Evaluating zone states: {'A': 'EMPTY', 'B': 'EMPTY'}  busy: {'A': False, 'B': False}
2026-04-15 15:42:50,811 INFO     [TaskSelector] → do_load (zone A empty)
2026-04-15 15:42:50,812 INFO     [FetchInput] Entering state
2026-04-15 15:42:50,814 INFO     [Service] /compute_grasps → success=False msg='No images received from PnP camera.'
2026-04-15 15:42:50,814 ERROR    [FetchInput] /compute_grasps service failed → exiting: failed
2026-04-15 15:42:50,815 DEBUG    [TaskSelector] Evaluating zone states: {'A': 'EMPTY', 'B': 'EMPTY'}  busy: {'A': False, 'B': False}
2026-04-15 15:42:50,815 INFO     [TaskSelector] → do_load (zone A empty)
2026-04-15 15:42:50,815 INFO     [FetchInput] Entering state
2026-04-15 15:42:50,818 INFO     [Service] /compute_grasps → success=False msg='No images received from PnP camera.'
2026-04-15 15:42:50,818 ERROR    [FetchInput] /compute_grasps service failed → exiting: failed
2026-04-15 15:42:50,818 DEBUG    [TaskSelector] Evaluating zone states: {'A': 'EMPTY', 'B': 'EMPTY'}  busy: {'A': False, 'B': False}
2026-04-15 15:42:50,818 INFO     [TaskSelector] → do_load (zone A empty)
2026-04-15 15:42:50,819 INFO     [FetchInput] Entering state
2026-04-15 15:42:50,822 INFO     [Service] /compute_grasps → success=False msg='No images received from PnP camera.'
2026-04-15 15:42:50,822 ERROR    [FetchInput] /compute_grasps service failed → exiting: failed
2026-04-15 15:42:50,823 DEBUG    [TaskSelector] Evaluating zone states: {'A': 'EMPTY', 'B': 'EMPTY'}  busy: {'A': False, 'B': False}
2026-04-15 15:42:50,823 INFO     [TaskSelector] → do_load (zone A empty)
2026-04-15 15:42:50,824 INFO     [FetchInput] Entering state
2026-04-15 15:42:50,828 INFO     [Service] /compute_grasps → success=False msg='No images received from PnP camera.'
2026-04-15 15:42:50,828 ERROR    [FetchInput] /compute_grasps service failed → exiting: failed
2026-04-15 15:42:50,829 DEBUG    [TaskSelector] Evaluating zone states: {'A': 'EMPTY', 'B': 'EMPTY'}  busy: {'A': False, 'B': False}
2026-04-15 15:42:50,829 INFO     [TaskSelector] → do_load (zone A empty)
2026-04-15 15:42:50,830 INFO     [FetchInput] Entering state
2026-04-15 15:42:50,834 INFO     [Service] /compute_grasps → success=False msg='No images received from PnP camera.'
2026-04-15 15:42:50,834 ERROR    [FetchInput] /compute_grasps service failed → exiting: failed
2026-04-15 15:42:50,835 DEBUG    [TaskSelector] Evaluating zone states: {'A': 'EMPTY', 'B': 'EMPTY'}  busy: {'A': False, 'B': False}
2026-04-15 15:42:50,835 INFO     [TaskSelector] → do_load (zone A empty)
2026-04-15 15:42:50,836 INFO     [FetchInput] Entering state
2026-04-15 15:42:50,839 INFO     [Service] /compute_grasps → success=False msg='No images received from PnP camera.'
2026-04-15 15:42:50,839 ERROR    [FetchInput] /compute_grasps service failed → exiting: failed
2026-04-15 15:42:50,840 DEBUG    [TaskSelector] Evaluating zone states: {'A': 'EMPTY', 'B': 'EMPTY'}  busy: {'A': False, 'B': False}
2026-04-15 15:42:50,840 INFO     [TaskSelector] → do_load (zone A empty)
2026-04-15 15:42:50,842 INFO     [FetchInput] Entering state
2026-04-15 15:42:50,846 INFO     [Service] /compute_grasps → success=False msg='No images received from PnP camera.'
2026-04-15 15:42:50,846 ERROR    [FetchInput] /compute_grasps service failed → exiting: failed
2026-04-15 15:42:50,848 DEBUG    [TaskSelector] Evaluating zone states: {'A': 'EMPTY', 'B': 'EMPTY'}  busy: {'A': False, 'B': False}
2026-04-15 15:42:50,848 INFO     [TaskSelector] → do_load (zone A empty)
2026-04-15 15:42:50,849 INFO     [FetchInput] Entering state
2026-04-15 15:42:50,852 INFO     [Service] /compute_grasps → success=False msg='No images received from PnP camera.'
2026-04-15 15:42:50,852 ERROR    [FetchInput] /compute_grasps service failed → exiting: failed
2026-04-15 15:42:50,854 DEBUG    [TaskSelector] Evaluating zone states: {'A': 'EMPTY', 'B': 'EMPTY'}  busy: {'A': False, 'B': False}
2026-04-15 15:42:50,854 INFO     [TaskSelector] → do_load (zone A empty)
2026-04-15 15:42:50,855 INFO     [FetchInput] Entering state
2026-04-15 15:42:50,860 INFO     [Service] /compute_grasps → success=False msg='No images received from PnP camera.'
2026-04-15 15:42:50,861 ERROR    [FetchInput] /compute_grasps service failed → exiting: failed
2026-04-15 15:42:50,862 DEBUG    [TaskSelector] Evaluating zone states: {'A': 'EMPTY', 'B': 'EMPTY'}  busy: {'A': False, 'B': False}
2026-04-15 15:42:50,863 INFO     [TaskSelector] → do_load (zone A empty)
2026-04-15 15:42:50,863 INFO     [FetchInput] Entering state
2026-04-15 15:42:50,866 INFO     [Service] /compute_grasps → success=False msg='No images received from PnP camera.'
2026-04-15 15:42:50,866 ERROR    [FetchInput] /compute_grasps service failed → exiting: failed
2026-04-15 15:42:50,867 DEBUG    [TaskSelector] Evaluating zone states: {'A': 'EMPTY', 'B': 'EMPTY'}  busy: {'A': False, 'B': False}
2026-04-15 15:42:50,867 INFO     [TaskSelector] → do_load (zone A empty)
2026-04-15 15:42:50,868 INFO     [FetchInput] Entering state
2026-04-15 15:42:50,870 INFO     [Service] /compute_grasps → success=False msg='No images received from PnP camera.'
2026-04-15 15:42:50,870 ERROR    [FetchInput] /compute_grasps service failed → exiting: failed
2026-04-15 15:42:50,870 DEBUG    [TaskSelector] Evaluating zone states: {'A': 'EMPTY', 'B': 'EMPTY'}  busy: {'A': False, 'B': False}
2026-04-15 15:42:50,871 INFO     [TaskSelector] → do_load (zone A empty)
2026-04-15 15:42:50,871 INFO     [FetchInput] Entering state
2026-04-15 15:42:50,874 INFO     [Service] /compute_grasps → success=False msg='No images received from PnP camera.'
2026-04-15 15:42:50,874 ERROR    [FetchInput] /compute_grasps service failed → exiting: failed
2026-04-15 15:42:50,875 DEBUG    [TaskSelector] Evaluating zone states: {'A': 'EMPTY', 'B': 'EMPTY'}  busy: {'A': False, 'B': False}
2026-04-15 15:42:50,875 INFO     [TaskSelector] → do_load (zone A empty)
2026-04-15 15:42:50,876 INFO     [FetchInput] Entering state
2026-04-15 15:42:50,879 INFO     [Service] /compute_grasps → success=False msg='No images received from PnP camera.'
2026-04-15 15:42:50,879 ERROR    [FetchInput] /compute_grasps service failed → exiting: failed
2026-04-15 15:42:50,880 DEBUG    [TaskSelector] Evaluating zone states: {'A': 'EMPTY', 'B': 'EMPTY'}  busy: {'A': False, 'B': False}
2026-04-15 15:42:50,880 INFO     [TaskSelector] → do_load (zone A empty)
2026-04-15 15:42:50,881 INFO     [FetchInput] Entering state
2026-04-15 15:42:50,884 INFO     [Service] /compute_grasps → success=False msg='No images received from PnP camera.'
2026-04-15 15:42:50,884 ERROR    [FetchInput] /compute_grasps service failed → exiting: failed
2026-04-15 15:42:50,884 DEBUG    [TaskSelector] Evaluating zone states: {'A': 'EMPTY', 'B': 'EMPTY'}  busy: {'A': False, 'B': False}
2026-04-15 15:42:50,885 INFO     [TaskSelector] → do_load (zone A empty)
2026-04-15 15:42:50,885 INFO     [FetchInput] Entering state
2026-04-15 15:42:50,889 INFO     [Service] /compute_grasps → success=False msg='No images received from PnP camera.'
2026-04-15 15:42:50,889 ERROR    [FetchInput] /compute_grasps service failed → exiting: failed
2026-04-15 15:42:50,891 DEBUG    [TaskSelector] Evaluating zone states: {'A': 'EMPTY', 'B': 'EMPTY'}  busy: {'A': False, 'B': False}
2026-04-15 15:42:50,891 INFO     [TaskSelector] → do_load (zone A empty)
2026-04-15 15:42:50,891 INFO     [FetchInput] Entering state
2026-04-15 15:42:50,894 INFO     [Service] /compute_grasps → success=False msg='No images received from PnP camera.'
2026-04-15 15:42:50,894 ERROR    [FetchInput] /compute_grasps service failed → exiting: failed
2026-04-15 15:42:50,896 DEBUG    [TaskSelector] Evaluating zone states: {'A': 'EMPTY', 'B': 'EMPTY'}  busy: {'A': False, 'B': False}
2026-04-15 15:42:50,896 INFO     [TaskSelector] → do_load (zone A empty)
2026-04-15 15:42:50,896 INFO     [FetchInput] Entering state
2026-04-15 15:42:50,899 INFO     [Service] /compute_grasps → success=False msg='No images received from PnP camera.'
2026-04-15 15:42:50,899 ERROR    [FetchInput] /compute_grasps service failed → exiting: failed
2026-04-15 15:42:50,900 DEBUG    [TaskSelector] Evaluating zone states: {'A': 'EMPTY', 'B': 'EMPTY'}  busy: {'A': False, 'B': False}
2026-04-15 15:42:50,901 INFO     [TaskSelector] → do_load (zone A empty)
2026-04-15 15:42:50,902 INFO     [FetchInput] Entering state
2026-04-15 15:42:50,904 INFO     [Service] /compute_grasps → success=False msg='No images received from PnP camera.'
2026-04-15 15:42:50,904 ERROR    [FetchInput] /compute_grasps service failed → exiting: failed
2026-04-15 15:42:50,905 DEBUG    [TaskSelector] Evaluating zone states: {'A': 'EMPTY', 'B': 'EMPTY'}  busy: {'A': False, 'B': False}
2026-04-15 15:42:50,905 INFO     [TaskSelector] → do_load (zone A empty)
2026-04-15 15:42:50,907 INFO     [FetchInput] Entering state
2026-04-15 15:42:50,914 INFO     [Service] /compute_grasps → success=False msg='No images received from PnP camera.'
2026-04-15 15:42:50,914 ERROR    [FetchInput] /compute_grasps service failed → exiting: failed
2026-04-15 15:42:50,915 DEBUG    [TaskSelector] Evaluating zone states: {'A': 'EMPTY', 'B': 'EMPTY'}  busy: {'A': False, 'B': False}
2026-04-15 15:42:50,915 INFO     [TaskSelector] → do_load (zone A empty)
2026-04-15 15:42:50,916 INFO     [FetchInput] Entering state
2026-04-15 15:42:50,920 INFO     [Service] /compute_grasps → success=False msg='No images received from PnP camera.'
2026-04-15 15:42:50,920 ERROR    [FetchInput] /compute_grasps service failed → exiting: failed
2026-04-15 15:42:50,921 DEBUG    [TaskSelector] Evaluating zone states: {'A': 'EMPTY', 'B': 'EMPTY'}  busy: {'A': False, 'B': False}
2026-04-15 15:42:50,921 INFO     [TaskSelector] → do_load (zone A empty)
2026-04-15 15:42:50,922 INFO     [FetchInput] Entering state
2026-04-15 15:42:50,925 INFO     [Service] /compute_grasps → success=False msg='No images received from PnP camera.'
2026-04-15 15:42:50,925 ERROR    [FetchInput] /compute_grasps service failed → exiting: failed
2026-04-15 15:42:50,927 DEBUG    [TaskSelector] Evaluating zone states: {'A': 'EMPTY', 'B': 'EMPTY'}  busy: {'A': False, 'B': False}
2026-04-15 15:42:50,927 INFO     [TaskSelector] → do_load (zone A empty)
2026-04-15 15:42:50,928 INFO     [FetchInput] Entering state
2026-04-15 15:42:50,931 INFO     [Service] /compute_grasps → success=False msg='No images received from PnP camera.'
2026-04-15 15:42:50,931 ERROR    [FetchInput] /compute_grasps service failed → exiting: failed
2026-04-15 15:42:50,932 DEBUG    [TaskSelector] Evaluating zone states: {'A': 'EMPTY', 'B': 'EMPTY'}  busy: {'A': False, 'B': False}
2026-04-15 15:42:50,932 INFO     [TaskSelector] → do_load (zone A empty)
2026-04-15 15:42:50,933 INFO     [FetchInput] Entering state
2026-04-15 15:42:50,935 INFO     [Service] /compute_grasps → success=False msg='No images received from PnP camera.'
2026-04-15 15:42:50,935 ERROR    [FetchInput] /compute_grasps service failed → exiting: failed
2026-04-15 15:42:50,936 DEBUG    [TaskSelector] Evaluating zone states: {'A': 'EMPTY', 'B': 'EMPTY'}  busy: {'A': False, 'B': False}
2026-04-15 15:42:50,936 INFO     [TaskSelector] → do_load (zone A empty)
2026-04-15 15:42:50,937 INFO     [FetchInput] Entering state
2026-04-15 15:42:50,939 INFO     [Service] /compute_grasps → success=False msg='No images received from PnP camera.'
2026-04-15 15:42:50,939 ERROR    [FetchInput] /compute_grasps service failed → exiting: failed
2026-04-15 15:42:50,940 DEBUG    [TaskSelector] Evaluating zone states: {'A': 'EMPTY', 'B': 'EMPTY'}  busy: {'A': False, 'B': False}
2026-04-15 15:42:50,940 INFO     [TaskSelector] → do_load (zone A empty)
2026-04-15 15:42:50,940 INFO     [FetchInput] Entering state
2026-04-15 15:42:50,943 INFO     [Service] /compute_grasps → success=False msg='No images received from PnP camera.'
2026-04-15 15:42:50,943 ERROR    [FetchInput] /compute_grasps service failed → exiting: failed
2026-04-15 15:42:50,944 DEBUG    [TaskSelector] Evaluating zone states: {'A': 'EMPTY', 'B': 'EMPTY'}  busy: {'A': False, 'B': False}
2026-04-15 15:42:50,945 INFO     [TaskSelector] → do_load (zone A empty)
2026-04-15 15:42:50,946 INFO     [FetchInput] Entering state
2026-04-15 15:42:50,948 INFO     [Service] /compute_grasps → success=False msg='No images received from PnP camera.'
2026-04-15 15:42:50,948 ERROR    [FetchInput] /compute_grasps service failed → exiting: failed
2026-04-15 15:42:50,949 DEBUG    [TaskSelector] Evaluating zone states: {'A': 'EMPTY', 'B': 'EMPTY'}  busy: {'A': False, 'B': False}
2026-04-15 15:42:50,949 INFO     [TaskSelector] → do_load (zone A empty)
2026-04-15 15:42:50,950 INFO     [FetchInput] Entering state
2026-04-15 15:42:50,952 INFO     [Service] /compute_grasps → success=False msg='No images received from PnP camera.'
2026-04-15 15:42:50,952 ERROR    [FetchInput] /compute_grasps service failed → exiting: failed
2026-04-15 15:42:50,952 DEBUG    [TaskSelector] Evaluating zone states: {'A': 'EMPTY', 'B': 'EMPTY'}  busy: {'A': False, 'B': False}
2026-04-15 15:42:50,953 INFO     [TaskSelector] → do_load (zone A empty)
2026-04-15 15:42:50,953 INFO     [FetchInput] Entering state
2026-04-15 15:42:50,956 INFO     [Service] /compute_grasps → success=False msg='No images received from PnP camera.'
2026-04-15 15:42:50,956 ERROR    [FetchInput] /compute_grasps service failed → exiting: failed
2026-04-15 15:42:50,958 DEBUG    [TaskSelector] Evaluating zone states: {'A': 'EMPTY', 'B': 'EMPTY'}  busy: {'A': False, 'B': False}
2026-04-15 15:42:50,958 INFO     [TaskSelector] → do_load (zone A empty)
2026-04-15 15:42:50,959 INFO     [FetchInput] Entering state
2026-04-15 15:42:50,962 INFO     [Service] /compute_grasps → success=False msg='No images received from PnP camera.'
2026-04-15 15:42:50,962 ERROR    [FetchInput] /compute_grasps service failed → exiting: failed
2026-04-15 15:42:50,963 DEBUG    [TaskSelector] Evaluating zone states: {'A': 'EMPTY', 'B': 'EMPTY'}  busy: {'A': False, 'B': False}
2026-04-15 15:42:50,963 INFO     [TaskSelector] → do_load (zone A empty)
2026-04-15 15:42:50,964 INFO     [FetchInput] Entering state
2026-04-15 15:42:50,967 INFO     [Service] /compute_grasps → success=False msg='No images received from PnP camera.'
2026-04-15 15:42:50,968 ERROR    [FetchInput] /compute_grasps service failed → exiting: failed
2026-04-15 15:42:50,969 DEBUG    [TaskSelector] Evaluating zone states: {'A': 'EMPTY', 'B': 'EMPTY'}  busy: {'A': False, 'B': False}
2026-04-15 15:42:50,969 INFO     [TaskSelector] → do_load (zone A empty)
2026-04-15 15:42:50,970 INFO     [FetchInput] Entering state
2026-04-15 15:42:50,972 INFO     [Service] /compute_grasps → success=False msg='No images received from PnP camera.'
2026-04-15 15:42:50,972 ERROR    [FetchInput] /compute_grasps service failed → exiting: failed
2026-04-15 15:42:50,974 DEBUG    [TaskSelector] Evaluating zone states: {'A': 'EMPTY', 'B': 'EMPTY'}  busy: {'A': False, 'B': False}
2026-04-15 15:42:50,974 INFO     [TaskSelector] → do_load (zone A empty)
2026-04-15 15:42:50,977 INFO     [FetchInput] Entering state
2026-04-15 15:42:50,985 INFO     [Service] /compute_grasps → success=False msg='No images received from PnP camera.'
2026-04-15 15:42:50,985 ERROR    [FetchInput] /compute_grasps service failed → exiting: failed
2026-04-15 15:42:50,986 DEBUG    [TaskSelector] Evaluating zone states: {'A': 'EMPTY', 'B': 'EMPTY'}  busy: {'A': False, 'B': False}
2026-04-15 15:42:50,986 INFO     [TaskSelector] → do_load (zone A empty)
2026-04-15 15:42:50,987 INFO     [FetchInput] Entering state
2026-04-15 15:42:50,993 INFO     [Service] /compute_grasps → success=False msg='No images received from PnP camera.'
2026-04-15 15:42:50,993 ERROR    [FetchInput] /compute_grasps service failed → exiting: failed
2026-04-15 15:42:50,994 DEBUG    [TaskSelector] Evaluating zone states: {'A': 'EMPTY', 'B': 'EMPTY'}  busy: {'A': False, 'B': False}
2026-04-15 15:42:50,994 INFO     [TaskSelector] → do_load (zone A empty)
2026-04-15 15:42:50,995 INFO     [FetchInput] Entering state
2026-04-15 15:42:50,997 INFO     [Service] /compute_grasps → success=False msg='No images received from PnP camera.'
2026-04-15 15:42:50,997 ERROR    [FetchInput] /compute_grasps service failed → exiting: failed
2026-04-15 15:42:50,998 DEBUG    [TaskSelector] Evaluating zone states: {'A': 'EMPTY', 'B': 'EMPTY'}  busy: {'A': False, 'B': False}
2026-04-15 15:42:50,998 INFO     [TaskSelector] → do_load (zone A empty)
2026-04-15 15:42:50,999 INFO     [FetchInput] Entering state
2026-04-15 15:42:51,001 INFO     [Service] /compute_grasps → success=False msg='No images received from PnP camera.'
2026-04-15 15:42:51,001 ERROR    [FetchInput] /compute_grasps service failed → exiting: failed
2026-04-15 15:42:51,002 DEBUG    [TaskSelector] Evaluating zone states: {'A': 'EMPTY', 'B': 'EMPTY'}  busy: {'A': False, 'B': False}
2026-04-15 15:42:51,002 INFO     [TaskSelector] → do_load (zone A empty)
2026-04-15 15:42:51,003 INFO     [FetchInput] Entering state
2026-04-15 15:42:51,005 INFO     [Service] /compute_grasps → success=False msg='No images received from PnP camera.'
2026-04-15 15:42:51,005 ERROR    [FetchInput] /compute_grasps service failed → exiting: failed
2026-04-15 15:42:51,006 DEBUG    [TaskSelector] Evaluating zone states: {'A': 'EMPTY', 'B': 'EMPTY'}  busy: {'A': False, 'B': False}
2026-04-15 15:42:51,006 INFO     [TaskSelector] → do_load (zone A empty)
2026-04-15 15:42:51,007 INFO     [FetchInput] Entering state
2026-04-15 15:42:51,010 INFO     [Service] /compute_grasps → success=False msg='No images received from PnP camera.'
2026-04-15 15:42:51,010 ERROR    [FetchInput] /compute_grasps service failed → exiting: failed
2026-04-15 15:42:51,011 DEBUG    [TaskSelector] Evaluating zone states: {'A': 'EMPTY', 'B': 'EMPTY'}  busy: {'A': False, 'B': False}
2026-04-15 15:42:51,011 INFO     [TaskSelector] → do_load (zone A empty)
2026-04-15 15:42:51,011 INFO     [FetchInput] Entering state
2026-04-15 15:42:51,014 INFO     [Service] /compute_grasps → success=False msg='No images received from PnP camera.'
2026-04-15 15:42:51,014 ERROR    [FetchInput] /compute_grasps service failed → exiting: failed
2026-04-15 15:42:51,015 DEBUG    [TaskSelector] Evaluating zone states: {'A': 'EMPTY', 'B': 'EMPTY'}  busy: {'A': False, 'B': False}
2026-04-15 15:42:51,015 INFO     [TaskSelector] → do_load (zone A empty)
2026-04-15 15:42:51,016 INFO     [FetchInput] Entering state
2026-04-15 15:42:51,019 INFO     [Service] /compute_grasps → success=False msg='No images received from PnP camera.'
2026-04-15 15:42:51,019 ERROR    [FetchInput] /compute_grasps service failed → exiting: failed
2026-04-15 15:42:51,020 DEBUG    [TaskSelector] Evaluating zone states: {'A': 'EMPTY', 'B': 'EMPTY'}  busy: {'A': False, 'B': False}
2026-04-15 15:42:51,020 INFO     [TaskSelector] → do_load (zone A empty)
2026-04-15 15:42:51,020 INFO     [FetchInput] Entering state
2026-04-15 15:42:51,024 INFO     [Service] /compute_grasps → success=False msg='No images received from PnP camera.'
2026-04-15 15:42:51,024 ERROR    [FetchInput] /compute_grasps service failed → exiting: failed
2026-04-15 15:42:51,025 DEBUG    [TaskSelector] Evaluating zone states: {'A': 'EMPTY', 'B': 'EMPTY'}  busy: {'A': False, 'B': False}
2026-04-15 15:42:51,025 INFO     [TaskSelector] → do_load (zone A empty)
2026-04-15 15:42:51,027 INFO     [FetchInput] Entering state
2026-04-15 15:42:51,030 INFO     [Service] /compute_grasps → success=False msg='No images received from PnP camera.'
2026-04-15 15:42:51,030 ERROR    [FetchInput] /compute_grasps service failed → exiting: failed
2026-04-15 15:42:51,031 DEBUG    [TaskSelector] Evaluating zone states: {'A': 'EMPTY', 'B': 'EMPTY'}  busy: {'A': False, 'B': False}
2026-04-15 15:42:51,031 INFO     [TaskSelector] → do_load (zone A empty)
2026-04-15 15:42:51,032 INFO     [FetchInput] Entering state
2026-04-15 15:42:51,035 INFO     [Service] /compute_grasps → success=False msg='No images received from PnP camera.'
2026-04-15 15:42:51,035 ERROR    [FetchInput] /compute_grasps service failed → exiting: failed
2026-04-15 15:42:51,036 DEBUG    [TaskSelector] Evaluating zone states: {'A': 'EMPTY', 'B': 'EMPTY'}  busy: {'A': False, 'B': False}
2026-04-15 15:42:51,036 INFO     [TaskSelector] → do_load (zone A empty)
2026-04-15 15:42:51,037 INFO     [FetchInput] Entering state
2026-04-15 15:42:51,040 INFO     [Service] /compute_grasps → success=False msg='No images received from PnP camera.'
2026-04-15 15:42:51,040 ERROR    [FetchInput] /compute_grasps service failed → exiting: failed
2026-04-15 15:42:51,042 DEBUG    [TaskSelector] Evaluating zone states: {'A': 'EMPTY', 'B': 'EMPTY'}  busy: {'A': False, 'B': False}
2026-04-15 15:42:51,043 INFO     [TaskSelector] → do_load (zone A empty)
2026-04-15 15:42:51,044 INFO     [FetchInput] Entering state
2026-04-15 15:42:51,052 INFO     [Service] /compute_grasps → success=False msg='No images received from PnP camera.'
2026-04-15 15:42:51,052 ERROR    [FetchInput] /compute_grasps service failed → exiting: failed
2026-04-15 15:42:51,053 DEBUG    [TaskSelector] Evaluating zone states: {'A': 'EMPTY', 'B': 'EMPTY'}  busy: {'A': False, 'B': False}
2026-04-15 15:42:51,053 INFO     [TaskSelector] → do_load (zone A empty)
2026-04-15 15:42:51,055 INFO     [FetchInput] Entering state
2026-04-15 15:42:51,060 INFO     [Service] /compute_grasps → success=False msg='No images received from PnP camera.'
2026-04-15 15:42:51,060 ERROR    [FetchInput] /compute_grasps service failed → exiting: failed
2026-04-15 15:42:51,061 DEBUG    [TaskSelector] Evaluating zone states: {'A': 'EMPTY', 'B': 'EMPTY'}  busy: {'A': False, 'B': False}
2026-04-15 15:42:51,061 INFO     [TaskSelector] → do_load (zone A empty)
2026-04-15 15:42:51,061 INFO     [FetchInput] Entering state
2026-04-15 15:42:51,064 INFO     [Service] /compute_grasps → success=False msg='No images received from PnP camera.'
2026-04-15 15:42:51,064 ERROR    [FetchInput] /compute_grasps service failed → exiting: failed
2026-04-15 15:42:51,064 DEBUG    [TaskSelector] Evaluating zone states: {'A': 'EMPTY', 'B': 'EMPTY'}  busy: {'A': False, 'B': False}
2026-04-15 15:42:51,064 INFO     [TaskSelector] → do_load (zone A empty)
2026-04-15 15:42:51,065 INFO     [FetchInput] Entering state
2026-04-15 15:42:51,067 INFO     [Service] /compute_grasps → success=False msg='No images received from PnP camera.'
2026-04-15 15:42:51,067 ERROR    [FetchInput] /compute_grasps service failed → exiting: failed
2026-04-15 15:42:51,068 DEBUG    [TaskSelector] Evaluating zone states: {'A': 'EMPTY', 'B': 'EMPTY'}  busy: {'A': False, 'B': False}
2026-04-15 15:42:51,068 INFO     [TaskSelector] → do_load (zone A empty)
2026-04-15 15:42:51,069 INFO     [FetchInput] Entering state
2026-04-15 15:42:51,071 INFO     [Service] /compute_grasps → success=False msg='No images received from PnP camera.'
2026-04-15 15:42:51,071 ERROR    [FetchInput] /compute_grasps service failed → exiting: failed
2026-04-15 15:42:51,073 DEBUG    [TaskSelector] Evaluating zone states: {'A': 'EMPTY', 'B': 'EMPTY'}  busy: {'A': False, 'B': False}
2026-04-15 15:42:51,073 INFO     [TaskSelector] → do_load (zone A empty)
2026-04-15 15:42:51,074 INFO     [FetchInput] Entering state
2026-04-15 15:42:51,080 INFO     [Service] /compute_grasps → success=False msg='No images received from PnP camera.'
2026-04-15 15:42:51,080 ERROR    [FetchInput] /compute_grasps service failed → exiting: failed
2026-04-15 15:42:51,081 DEBUG    [TaskSelector] Evaluating zone states: {'A': 'EMPTY', 'B': 'EMPTY'}  busy: {'A': False, 'B': False}
2026-04-15 15:42:51,081 INFO     [TaskSelector] → do_load (zone A empty)
2026-04-15 15:42:51,082 INFO     [FetchInput] Entering state
2026-04-15 15:42:51,086 INFO     [Service] /compute_grasps → success=False msg='No images received from PnP camera.'
2026-04-15 15:42:51,087 ERROR    [FetchInput] /compute_grasps service failed → exiting: failed
2026-04-15 15:42:51,087 DEBUG    [TaskSelector] Evaluating zone states: {'A': 'EMPTY', 'B': 'EMPTY'}  busy: {'A': False, 'B': False}
2026-04-15 15:42:51,088 INFO     [TaskSelector] → do_load (zone A empty)
2026-04-15 15:42:51,088 INFO     [FetchInput] Entering state
2026-04-15 15:42:51,093 INFO     [Service] /compute_grasps → success=False msg='No images received from PnP camera.'
2026-04-15 15:42:51,093 ERROR    [FetchInput] /compute_grasps service failed → exiting: failed
2026-04-15 15:42:51,094 DEBUG    [TaskSelector] Evaluating zone states: {'A': 'EMPTY', 'B': 'EMPTY'}  busy: {'A': False, 'B': False}
2026-04-15 15:42:51,094 INFO     [TaskSelector] → do_load (zone A empty)
2026-04-15 15:42:51,095 INFO     [FetchInput] Entering state
2026-04-15 15:42:51,097 INFO     [Service] /compute_grasps → success=False msg='No images received from PnP camera.'
2026-04-15 15:42:51,097 ERROR    [FetchInput] /compute_grasps service failed → exiting: failed
2026-04-15 15:42:51,098 DEBUG    [TaskSelector] Evaluating zone states: {'A': 'EMPTY', 'B': 'EMPTY'}  busy: {'A': False, 'B': False}
2026-04-15 15:42:51,098 INFO     [TaskSelector] → do_load (zone A empty)
2026-04-15 15:42:51,099 INFO     [FetchInput] Entering state
2026-04-15 15:42:51,103 INFO     [Service] /compute_grasps → success=False msg='No images received from PnP camera.'
2026-04-15 15:42:51,103 ERROR    [FetchInput] /compute_grasps service failed → exiting: failed
2026-04-15 15:42:51,104 DEBUG    [TaskSelector] Evaluating zone states: {'A': 'EMPTY', 'B': 'EMPTY'}  busy: {'A': False, 'B': False}
2026-04-15 15:42:51,104 INFO     [TaskSelector] → do_load (zone A empty)
2026-04-15 15:42:51,105 INFO     [FetchInput] Entering state
2026-04-15 15:42:51,110 INFO     [Service] /compute_grasps → success=False msg='No images received from PnP camera.'
2026-04-15 15:42:51,110 ERROR    [FetchInput] /compute_grasps service failed → exiting: failed
2026-04-15 15:42:51,112 DEBUG    [TaskSelector] Evaluating zone states: {'A': 'EMPTY', 'B': 'EMPTY'}  busy: {'A': False, 'B': False}
2026-04-15 15:42:51,112 INFO     [TaskSelector] → do_load (zone A empty)
2026-04-15 15:42:51,114 INFO     [FetchInput] Entering state
2026-04-15 15:42:51,120 INFO     [Service] /compute_grasps → success=False msg='No images received from PnP camera.'
2026-04-15 15:42:51,120 ERROR    [FetchInput] /compute_grasps service failed → exiting: failed
2026-04-15 15:42:51,122 DEBUG    [TaskSelector] Evaluating zone states: {'A': 'EMPTY', 'B': 'EMPTY'}  busy: {'A': False, 'B': False}
2026-04-15 15:42:51,122 INFO     [TaskSelector] → do_load (zone A empty)
2026-04-15 15:42:51,127 INFO     [FetchInput] Entering state
2026-04-15 15:42:51,130 INFO     [Service] /compute_grasps → success=False msg='No images received from PnP camera.'
2026-04-15 15:42:51,130 ERROR    [FetchInput] /compute_grasps service failed → exiting: failed
2026-04-15 15:42:51,131 DEBUG    [TaskSelector] Evaluating zone states: {'A': 'EMPTY', 'B': 'EMPTY'}  busy: {'A': False, 'B': False}
2026-04-15 15:42:51,131 INFO     [TaskSelector] → do_load (zone A empty)
2026-04-15 15:42:51,132 INFO     [FetchInput] Entering state
2026-04-15 15:42:51,134 INFO     [Service] /compute_grasps → success=False msg='No images received from PnP camera.'
2026-04-15 15:42:51,134 ERROR    [FetchInput] /compute_grasps service failed → exiting: failed
2026-04-15 15:42:51,135 DEBUG    [TaskSelector] Evaluating zone states: {'A': 'EMPTY', 'B': 'EMPTY'}  busy: {'A': False, 'B': False}
2026-04-15 15:42:51,135 INFO     [TaskSelector] → do_load (zone A empty)
2026-04-15 15:42:51,136 INFO     [FetchInput] Entering state
2026-04-15 15:42:51,138 INFO     [Service] /compute_grasps → success=False msg='No images received from PnP camera.'
2026-04-15 15:42:51,138 ERROR    [FetchInput] /compute_grasps service failed → exiting: failed
2026-04-15 15:42:51,139 DEBUG    [TaskSelector] Evaluating zone states: {'A': 'EMPTY', 'B': 'EMPTY'}  busy: {'A': False, 'B': False}
2026-04-15 15:42:51,139 INFO     [TaskSelector] → do_load (zone A empty)
2026-04-15 15:42:51,140 INFO     [FetchInput] Entering state
2026-04-15 15:42:51,142 INFO     [Service] /compute_grasps → success=False msg='No images received from PnP camera.'
2026-04-15 15:42:51,142 ERROR    [FetchInput] /compute_grasps service failed → exiting: failed
2026-04-15 15:42:51,143 DEBUG    [TaskSelector] Evaluating zone states: {'A': 'EMPTY', 'B': 'EMPTY'}  busy: {'A': False, 'B': False}
2026-04-15 15:42:51,143 INFO     [TaskSelector] → do_load (zone A empty)
2026-04-15 15:42:51,144 INFO     [FetchInput] Entering state
2026-04-15 15:42:51,147 INFO     [Service] /compute_grasps → success=False msg='No images received from PnP camera.'
2026-04-15 15:42:51,147 ERROR    [FetchInput] /compute_grasps service failed → exiting: failed
2026-04-15 15:42:51,148 DEBUG    [TaskSelector] Evaluating zone states: {'A': 'EMPTY', 'B': 'EMPTY'}  busy: {'A': False, 'B': False}
2026-04-15 15:42:51,148 INFO     [TaskSelector] → do_load (zone A empty)
2026-04-15 15:42:51,148 INFO     [FetchInput] Entering state
2026-04-15 15:42:51,151 INFO     [Service] /compute_grasps → success=False msg='No images received from PnP camera.'
2026-04-15 15:42:51,151 ERROR    [FetchInput] /compute_grasps service failed → exiting: failed
2026-04-15 15:42:51,152 DEBUG    [TaskSelector] Evaluating zone states: {'A': 'EMPTY', 'B': 'EMPTY'}  busy: {'A': False, 'B': False}
2026-04-15 15:42:51,152 INFO     [TaskSelector] → do_load (zone A empty)
2026-04-15 15:42:51,153 INFO     [FetchInput] Entering state
2026-04-15 15:42:51,156 INFO     [Service] /compute_grasps → success=False msg='No images received from PnP camera.'
2026-04-15 15:42:51,156 ERROR    [FetchInput] /compute_grasps service failed → exiting: failed
2026-04-15 15:42:51,158 DEBUG    [TaskSelector] Evaluating zone states: {'A': 'EMPTY', 'B': 'EMPTY'}  busy: {'A': False, 'B': False}
2026-04-15 15:42:51,158 INFO     [TaskSelector] → do_load (zone A empty)
2026-04-15 15:42:51,159 INFO     [FetchInput] Entering state
2026-04-15 15:42:51,162 INFO     [Service] /compute_grasps → success=False msg='No images received from PnP camera.'
2026-04-15 15:42:51,162 ERROR    [FetchInput] /compute_grasps service failed → exiting: failed
2026-04-15 15:42:51,163 DEBUG    [TaskSelector] Evaluating zone states: {'A': 'EMPTY', 'B': 'EMPTY'}  busy: {'A': False, 'B': False}
2026-04-15 15:42:51,163 INFO     [TaskSelector] → do_load (zone A empty)
2026-04-15 15:42:51,163 INFO     [FetchInput] Entering state
2026-04-15 15:42:51,166 INFO     [Service] /compute_grasps → success=False msg='No images received from PnP camera.'
2026-04-15 15:42:51,166 ERROR    [FetchInput] /compute_grasps service failed → exiting: failed
2026-04-15 15:42:51,167 DEBUG    [TaskSelector] Evaluating zone states: {'A': 'EMPTY', 'B': 'EMPTY'}  busy: {'A': False, 'B': False}
2026-04-15 15:42:51,167 INFO     [TaskSelector] → do_load (zone A empty)
2026-04-15 15:42:51,168 INFO     [FetchInput] Entering state
2026-04-15 15:42:51,171 INFO     [Service] /compute_grasps → success=False msg='No images received from PnP camera.'
2026-04-15 15:42:51,171 ERROR    [FetchInput] /compute_grasps service failed → exiting: failed
2026-04-15 15:42:51,172 DEBUG    [TaskSelector] Evaluating zone states: {'A': 'EMPTY', 'B': 'EMPTY'}  busy: {'A': False, 'B': False}
2026-04-15 15:42:51,172 INFO     [TaskSelector] → do_load (zone A empty)
2026-04-15 15:42:51,173 INFO     [FetchInput] Entering state
2026-04-15 15:42:51,180 INFO     [Service] /compute_grasps → success=False msg='No images received from PnP camera.'
2026-04-15 15:42:51,181 ERROR    [FetchInput] /compute_grasps service failed → exiting: failed
2026-04-15 15:42:51,183 DEBUG    [TaskSelector] Evaluating zone states: {'A': 'EMPTY', 'B': 'EMPTY'}  busy: {'A': False, 'B': False}
2026-04-15 15:42:51,183 INFO     [TaskSelector] → do_load (zone A empty)
2026-04-15 15:42:51,185 INFO     [FetchInput] Entering state
2026-04-15 15:42:51,192 INFO     [Service] /compute_grasps → success=False msg='No images received from PnP camera.'
2026-04-15 15:42:51,192 ERROR    [FetchInput] /compute_grasps service failed → exiting: failed
2026-04-15 15:42:51,194 DEBUG    [TaskSelector] Evaluating zone states: {'A': 'EMPTY', 'B': 'EMPTY'}  busy: {'A': False, 'B': False}
2026-04-15 15:42:51,194 INFO     [TaskSelector] → do_load (zone A empty)
2026-04-15 15:42:51,195 INFO     [FetchInput] Entering state
2026-04-15 15:42:51,198 INFO     [Service] /compute_grasps → success=False msg='No images received from PnP camera.'
2026-04-15 15:42:51,199 ERROR    [FetchInput] /compute_grasps service failed → exiting: failed
2026-04-15 15:42:51,199 DEBUG    [TaskSelector] Evaluating zone states: {'A': 'EMPTY', 'B': 'EMPTY'}  busy: {'A': False, 'B': False}
2026-04-15 15:42:51,199 INFO     [TaskSelector] → do_load (zone A empty)
2026-04-15 15:42:51,200 INFO     [FetchInput] Entering state
2026-04-15 15:42:51,203 INFO     [Service] /compute_grasps → success=False msg='No images received from PnP camera.'
2026-04-15 15:42:51,203 ERROR    [FetchInput] /compute_grasps service failed → exiting: failed
2026-04-15 15:42:51,203 DEBUG    [TaskSelector] Evaluating zone states: {'A': 'EMPTY', 'B': 'EMPTY'}  busy: {'A': False, 'B': False}
2026-04-15 15:42:51,203 INFO     [TaskSelector] → do_load (zone A empty)
2026-04-15 15:42:51,204 INFO     [FetchInput] Entering state
2026-04-15 15:42:51,206 INFO     [Service] /compute_grasps → success=False msg='No images received from PnP camera.'
2026-04-15 15:42:51,207 ERROR    [FetchInput] /compute_grasps service failed → exiting: failed
2026-04-15 15:42:51,208 DEBUG    [TaskSelector] Evaluating zone states: {'A': 'EMPTY', 'B': 'EMPTY'}  busy: {'A': False, 'B': False}
2026-04-15 15:42:51,208 INFO     [TaskSelector] → do_load (zone A empty)
2026-04-15 15:42:51,209 INFO     [FetchInput] Entering state
2026-04-15 15:42:51,212 INFO     [Service] /compute_grasps → success=False msg='No images received from PnP camera.'
2026-04-15 15:42:51,212 ERROR    [FetchInput] /compute_grasps service failed → exiting: failed
2026-04-15 15:42:51,213 DEBUG    [TaskSelector] Evaluating zone states: {'A': 'EMPTY', 'B': 'EMPTY'}  busy: {'A': False, 'B': False}
2026-04-15 15:42:51,213 INFO     [TaskSelector] → do_load (zone A empty)
2026-04-15 15:42:51,213 INFO     [FetchInput] Entering state
2026-04-15 15:42:51,216 INFO     [Service] /compute_grasps → success=False msg='No images received from PnP camera.'
2026-04-15 15:42:51,216 ERROR    [FetchInput] /compute_grasps service failed → exiting: failed
2026-04-15 15:42:51,216 DEBUG    [TaskSelector] Evaluating zone states: {'A': 'EMPTY', 'B': 'EMPTY'}  busy: {'A': False, 'B': False}
2026-04-15 15:42:51,216 INFO     [TaskSelector] → do_load (zone A empty)
2026-04-15 15:42:51,217 INFO     [FetchInput] Entering state
2026-04-15 15:42:51,219 INFO     [Service] /compute_grasps → success=False msg='No images received from PnP camera.'
2026-04-15 15:42:51,219 ERROR    [FetchInput] /compute_grasps service failed → exiting: failed
2026-04-15 15:42:51,220 DEBUG    [TaskSelector] Evaluating zone states: {'A': 'EMPTY', 'B': 'EMPTY'}  busy: {'A': False, 'B': False}
2026-04-15 15:42:51,220 INFO     [TaskSelector] → do_load (zone A empty)
2026-04-15 15:42:51,221 INFO     [FetchInput] Entering state
2026-04-15 15:42:51,223 INFO     [Service] /compute_grasps → success=False msg='No images received from PnP camera.'
2026-04-15 15:42:51,223 ERROR    [FetchInput] /compute_grasps service failed → exiting: failed
2026-04-15 15:42:51,224 DEBUG    [TaskSelector] Evaluating zone states: {'A': 'EMPTY', 'B': 'EMPTY'}  busy: {'A': False, 'B': False}
2026-04-15 15:42:51,224 INFO     [TaskSelector] → do_load (zone A empty)
2026-04-15 15:42:51,225 INFO     [FetchInput] Entering state
2026-04-15 15:42:51,229 INFO     [Service] /compute_grasps → success=False msg='No images received from PnP camera.'
2026-04-15 15:42:51,229 ERROR    [FetchInput] /compute_grasps service failed → exiting: failed
2026-04-15 15:42:51,230 DEBUG    [TaskSelector] Evaluating zone states: {'A': 'EMPTY', 'B': 'EMPTY'}  busy: {'A': False, 'B': False}
2026-04-15 15:42:51,230 INFO     [TaskSelector] → do_load (zone A empty)
2026-04-15 15:42:51,231 INFO     [FetchInput] Entering state
2026-04-15 15:42:51,234 INFO     [Service] /compute_grasps → success=False msg='No images received from PnP camera.'
2026-04-15 15:42:51,234 ERROR    [FetchInput] /compute_grasps service failed → exiting: failed
2026-04-15 15:42:51,236 DEBUG    [TaskSelector] Evaluating zone states: {'A': 'EMPTY', 'B': 'EMPTY'}  busy: {'A': False, 'B': False}
2026-04-15 15:42:51,236 INFO     [TaskSelector] → do_load (zone A empty)
2026-04-15 15:42:51,237 INFO     [FetchInput] Entering state
2026-04-15 15:42:51,239 INFO     [Service] /compute_grasps → success=False msg='No images received from PnP camera.'
2026-04-15 15:42:51,240 ERROR    [FetchInput] /compute_grasps service failed → exiting: failed
2026-04-15 15:42:51,241 DEBUG    [TaskSelector] Evaluating zone states: {'A': 'EMPTY', 'B': 'EMPTY'}  busy: {'A': False, 'B': False}
2026-04-15 15:42:51,241 INFO     [TaskSelector] → do_load (zone A empty)
2026-04-15 15:42:51,242 INFO     [FetchInput] Entering state
2026-04-15 15:42:51,248 INFO     [Service] /compute_grasps → success=False msg='No images received from PnP camera.'
2026-04-15 15:42:51,248 ERROR    [FetchInput] /compute_grasps service failed → exiting: failed
2026-04-15 15:42:51,251 DEBUG    [TaskSelector] Evaluating zone states: {'A': 'EMPTY', 'B': 'EMPTY'}  busy: {'A': False, 'B': False}
2026-04-15 15:42:51,252 INFO     [TaskSelector] → do_load (zone A empty)
2026-04-15 15:42:51,253 INFO     [FetchInput] Entering state
2026-04-15 15:42:51,256 INFO     [Service] /compute_grasps → success=False msg='No images received from PnP camera.'
2026-04-15 15:42:51,256 ERROR    [FetchInput] /compute_grasps service failed → exiting: failed
2026-04-15 15:42:51,258 DEBUG    [TaskSelector] Evaluating zone states: {'A': 'EMPTY', 'B': 'EMPTY'}  busy: {'A': False, 'B': False}
2026-04-15 15:42:51,259 INFO     [TaskSelector] → do_load (zone A empty)
2026-04-15 15:42:51,260 INFO     [FetchInput] Entering state
2026-04-15 15:42:51,262 INFO     [Service] /compute_grasps → success=False msg='No images received from PnP camera.'
2026-04-15 15:42:51,262 ERROR    [FetchInput] /compute_grasps service failed → exiting: failed
2026-04-15 15:42:51,263 DEBUG    [TaskSelector] Evaluating zone states: {'A': 'EMPTY', 'B': 'EMPTY'}  busy: {'A': False, 'B': False}
2026-04-15 15:42:51,263 INFO     [TaskSelector] → do_load (zone A empty)
2026-04-15 15:42:51,263 INFO     [FetchInput] Entering state
2026-04-15 15:42:51,266 INFO     [Service] /compute_grasps → success=False msg='No images received from PnP camera.'
2026-04-15 15:42:51,266 ERROR    [FetchInput] /compute_grasps service failed → exiting: failed
2026-04-15 15:42:51,266 DEBUG    [TaskSelector] Evaluating zone states: {'A': 'EMPTY', 'B': 'EMPTY'}  busy: {'A': False, 'B': False}
2026-04-15 15:42:51,267 INFO     [TaskSelector] → do_load (zone A empty)
2026-04-15 15:42:51,267 INFO     [FetchInput] Entering state
2026-04-15 15:42:51,270 INFO     [Service] /compute_grasps → success=False msg='No images received from PnP camera.'
2026-04-15 15:42:51,270 ERROR    [FetchInput] /compute_grasps service failed → exiting: failed
2026-04-15 15:42:51,270 DEBUG    [TaskSelector] Evaluating zone states: {'A': 'EMPTY', 'B': 'EMPTY'}  busy: {'A': False, 'B': False}
2026-04-15 15:42:51,270 INFO     [TaskSelector] → do_load (zone A empty)
2026-04-15 15:42:51,271 INFO     [FetchInput] Entering state
2026-04-15 15:42:51,273 INFO     [Service] /compute_grasps → success=False msg='No images received from PnP camera.'
2026-04-15 15:42:51,273 ERROR    [FetchInput] /compute_grasps service failed → exiting: failed
2026-04-15 15:42:51,274 DEBUG    [TaskSelector] Evaluating zone states: {'A': 'EMPTY', 'B': 'EMPTY'}  busy: {'A': False, 'B': False}
2026-04-15 15:42:51,274 INFO     [TaskSelector] → do_load (zone A empty)
2026-04-15 15:42:51,275 INFO     [FetchInput] Entering state
2026-04-15 15:42:51,278 INFO     [Service] /compute_grasps → success=False msg='No images received from PnP camera.'
2026-04-15 15:42:51,278 ERROR    [FetchInput] /compute_grasps service failed → exiting: failed
2026-04-15 15:42:51,279 DEBUG    [TaskSelector] Evaluating zone states: {'A': 'EMPTY', 'B': 'EMPTY'}  busy: {'A': False, 'B': False}
2026-04-15 15:42:51,279 INFO     [TaskSelector] → do_load (zone A empty)
2026-04-15 15:42:51,280 INFO     [FetchInput] Entering state
2026-04-15 15:42:51,282 INFO     [Service] /compute_grasps → success=False msg='No images received from PnP camera.'
2026-04-15 15:42:51,282 ERROR    [FetchInput] /compute_grasps service failed → exiting: failed
2026-04-15 15:42:51,283 DEBUG    [TaskSelector] Evaluating zone states: {'A': 'EMPTY', 'B': 'EMPTY'}  busy: {'A': False, 'B': False}
2026-04-15 15:42:51,283 INFO     [TaskSelector] → do_load (zone A empty)
2026-04-15 15:42:51,284 INFO     [FetchInput] Entering state
2026-04-15 15:42:51,286 INFO     [Service] /compute_grasps → success=False msg='No images received from PnP camera.'
2026-04-15 15:42:51,286 ERROR    [FetchInput] /compute_grasps service failed → exiting: failed
2026-04-15 15:42:51,287 DEBUG    [TaskSelector] Evaluating zone states: {'A': 'EMPTY', 'B': 'EMPTY'}  busy: {'A': False, 'B': False}
2026-04-15 15:42:51,287 INFO     [TaskSelector] → do_load (zone A empty)
2026-04-15 15:42:51,288 INFO     [FetchInput] Entering state
2026-04-15 15:42:51,292 INFO     [Service] /compute_grasps → success=False msg='No images received from PnP camera.'
2026-04-15 15:42:51,292 ERROR    [FetchInput] /compute_grasps service failed → exiting: failed
2026-04-15 15:42:51,293 DEBUG    [TaskSelector] Evaluating zone states: {'A': 'EMPTY', 'B': 'EMPTY'}  busy: {'A': False, 'B': False}
2026-04-15 15:42:51,293 INFO     [TaskSelector] → do_load (zone A empty)
2026-04-15 15:42:51,294 INFO     [FetchInput] Entering state
2026-04-15 15:42:51,297 INFO     [Service] /compute_grasps → success=False msg='No images received from PnP camera.'
2026-04-15 15:42:51,297 ERROR    [FetchInput] /compute_grasps service failed → exiting: failed
2026-04-15 15:42:51,298 DEBUG    [TaskSelector] Evaluating zone states: {'A': 'EMPTY', 'B': 'EMPTY'}  busy: {'A': False, 'B': False}
2026-04-15 15:42:51,298 INFO     [TaskSelector] → do_load (zone A empty)
2026-04-15 15:42:51,299 INFO     [FetchInput] Entering state
2026-04-15 15:42:51,303 INFO     [Service] /compute_grasps → success=False msg='No images received from PnP camera.'
2026-04-15 15:42:51,303 ERROR    [FetchInput] /compute_grasps service failed → exiting: failed
2026-04-15 15:42:51,304 DEBUG    [TaskSelector] Evaluating zone states: {'A': 'EMPTY', 'B': 'EMPTY'}  busy: {'A': False, 'B': False}
2026-04-15 15:42:51,304 INFO     [TaskSelector] → do_load (zone A empty)
2026-04-15 15:42:51,305 INFO     [FetchInput] Entering state
2026-04-15 15:42:51,310 INFO     [Service] /compute_grasps → success=False msg='No images received from PnP camera.'
2026-04-15 15:42:51,311 ERROR    [FetchInput] /compute_grasps service failed → exiting: failed
2026-04-15 15:42:51,313 DEBUG    [TaskSelector] Evaluating zone states: {'A': 'EMPTY', 'B': 'EMPTY'}  busy: {'A': False, 'B': False}
2026-04-15 15:42:51,313 INFO     [TaskSelector] → do_load (zone A empty)
2026-04-15 15:42:51,315 INFO     [FetchInput] Entering state
2026-04-15 15:42:51,319 INFO     [Service] /compute_grasps → success=False msg='No images received from PnP camera.'
2026-04-15 15:42:51,319 ERROR    [FetchInput] /compute_grasps service failed → exiting: failed
2026-04-15 15:42:51,321 DEBUG    [TaskSelector] Evaluating zone states: {'A': 'EMPTY', 'B': 'EMPTY'}  busy: {'A': False, 'B': False}
2026-04-15 15:42:51,321 INFO     [TaskSelector] → do_load (zone A empty)
2026-04-15 15:42:51,322 INFO     [FetchInput] Entering state
2026-04-15 15:42:51,329 INFO     [Service] /compute_grasps → success=False msg='No images received from PnP camera.'
2026-04-15 15:42:51,329 ERROR    [FetchInput] /compute_grasps service failed → exiting: failed
2026-04-15 15:42:51,330 DEBUG    [TaskSelector] Evaluating zone states: {'A': 'EMPTY', 'B': 'EMPTY'}  busy: {'A': False, 'B': False}
2026-04-15 15:42:51,330 INFO     [TaskSelector] → do_load (zone A empty)
2026-04-15 15:42:51,331 INFO     [FetchInput] Entering state
2026-04-15 15:42:51,334 INFO     [Service] /compute_grasps → success=False msg='No images received from PnP camera.'
2026-04-15 15:42:51,334 ERROR    [FetchInput] /compute_grasps service failed → exiting: failed
2026-04-15 15:42:51,335 DEBUG    [TaskSelector] Evaluating zone states: {'A': 'EMPTY', 'B': 'EMPTY'}  busy: {'A': False, 'B': False}
2026-04-15 15:42:51,335 INFO     [TaskSelector] → do_load (zone A empty)
2026-04-15 15:42:51,335 INFO     [FetchInput] Entering state
2026-04-15 15:42:51,338 INFO     [Service] /compute_grasps → success=False msg='No images received from PnP camera.'
2026-04-15 15:42:51,338 ERROR    [FetchInput] /compute_grasps service failed → exiting: failed
2026-04-15 15:42:51,338 DEBUG    [TaskSelector] Evaluating zone states: {'A': 'EMPTY', 'B': 'EMPTY'}  busy: {'A': False, 'B': False}
2026-04-15 15:42:51,339 INFO     [TaskSelector] → do_load (zone A empty)
2026-04-15 15:42:51,339 INFO     [FetchInput] Entering state
2026-04-15 15:42:51,342 INFO     [Service] /compute_grasps → success=False msg='No images received from PnP camera.'
2026-04-15 15:42:51,342 ERROR    [FetchInput] /compute_grasps service failed → exiting: failed
2026-04-15 15:42:51,343 DEBUG    [TaskSelector] Evaluating zone states: {'A': 'EMPTY', 'B': 'EMPTY'}  busy: {'A': False, 'B': False}
2026-04-15 15:42:51,343 INFO     [TaskSelector] → do_load (zone A empty)
2026-04-15 15:42:51,344 INFO     [FetchInput] Entering state
2026-04-15 15:42:51,346 INFO     [Service] /compute_grasps → success=False msg='No images received from PnP camera.'
2026-04-15 15:42:51,346 ERROR    [FetchInput] /compute_grasps service failed → exiting: failed
2026-04-15 15:42:51,347 DEBUG    [TaskSelector] Evaluating zone states: {'A': 'EMPTY', 'B': 'EMPTY'}  busy: {'A': False, 'B': False}
2026-04-15 15:42:51,347 INFO     [TaskSelector] → do_load (zone A empty)
2026-04-15 15:42:51,348 INFO     [FetchInput] Entering state
2026-04-15 15:42:51,350 INFO     [Service] /compute_grasps → success=False msg='No images received from PnP camera.'
2026-04-15 15:42:51,350 ERROR    [FetchInput] /compute_grasps service failed → exiting: failed
2026-04-15 15:42:51,350 DEBUG    [TaskSelector] Evaluating zone states: {'A': 'EMPTY', 'B': 'EMPTY'}  busy: {'A': False, 'B': False}
2026-04-15 15:42:51,350 INFO     [TaskSelector] → do_load (zone A empty)
2026-04-15 15:42:51,351 INFO     [FetchInput] Entering state
2026-04-15 15:42:51,353 INFO     [Service] /compute_grasps → success=False msg='No images received from PnP camera.'
2026-04-15 15:42:51,353 ERROR    [FetchInput] /compute_grasps service failed → exiting: failed
2026-04-15 15:42:51,354 DEBUG    [TaskSelector] Evaluating zone states: {'A': 'EMPTY', 'B': 'EMPTY'}  busy: {'A': False, 'B': False}
2026-04-15 15:42:51,354 INFO     [TaskSelector] → do_load (zone A empty)
2026-04-15 15:42:51,355 INFO     [FetchInput] Entering state
2026-04-15 15:42:51,359 INFO     [Service] /compute_grasps → success=False msg='No images received from PnP camera.'
2026-04-15 15:42:51,359 ERROR    [FetchInput] /compute_grasps service failed → exiting: failed
2026-04-15 15:42:51,360 DEBUG    [TaskSelector] Evaluating zone states: {'A': 'EMPTY', 'B': 'EMPTY'}  busy: {'A': False, 'B': False}
2026-04-15 15:42:51,360 INFO     [TaskSelector] → do_load (zone A empty)
2026-04-15 15:42:51,361 INFO     [FetchInput] Entering state
2026-04-15 15:42:51,363 INFO     [Service] /compute_grasps → success=False msg='No images received from PnP camera.'
2026-04-15 15:42:51,364 ERROR    [FetchInput] /compute_grasps service failed → exiting: failed
2026-04-15 15:42:51,364 DEBUG    [TaskSelector] Evaluating zone states: {'A': 'EMPTY', 'B': 'EMPTY'}  busy: {'A': False, 'B': False}
2026-04-15 15:42:51,364 INFO     [TaskSelector] → do_load (zone A empty)
2026-04-15 15:42:51,365 INFO     [FetchInput] Entering state
2026-04-15 15:42:51,368 INFO     [Service] /compute_grasps → success=False msg='No images received from PnP camera.'
2026-04-15 15:42:51,368 ERROR    [FetchInput] /compute_grasps service failed → exiting: failed
2026-04-15 15:42:51,369 DEBUG    [TaskSelector] Evaluating zone states: {'A': 'EMPTY', 'B': 'EMPTY'}  busy: {'A': False, 'B': False}
2026-04-15 15:42:51,369 INFO     [TaskSelector] → do_load (zone A empty)
2026-04-15 15:42:51,370 INFO     [FetchInput] Entering state
2026-04-15 15:42:51,373 INFO     [Service] /compute_grasps → success=False msg='No images received from PnP camera.'
2026-04-15 15:42:51,373 ERROR    [FetchInput] /compute_grasps service failed → exiting: failed
2026-04-15 15:42:51,374 DEBUG    [TaskSelector] Evaluating zone states: {'A': 'EMPTY', 'B': 'EMPTY'}  busy: {'A': False, 'B': False}
2026-04-15 15:42:51,374 INFO     [TaskSelector] → do_load (zone A empty)
2026-04-15 15:42:51,375 INFO     [FetchInput] Entering state
2026-04-15 15:42:51,384 INFO     [Service] /compute_grasps → success=False msg='No images received from PnP camera.'
2026-04-15 15:42:51,384 ERROR    [FetchInput] /compute_grasps service failed → exiting: failed
2026-04-15 15:42:51,386 DEBUG    [TaskSelector] Evaluating zone states: {'A': 'EMPTY', 'B': 'EMPTY'}  busy: {'A': False, 'B': False}
2026-04-15 15:42:51,386 INFO     [TaskSelector] → do_load (zone A empty)
2026-04-15 15:42:51,387 INFO     [FetchInput] Entering state
2026-04-15 15:42:51,393 INFO     [Service] /compute_grasps → success=False msg='No images received from PnP camera.'
2026-04-15 15:42:51,393 ERROR    [FetchInput] /compute_grasps service failed → exiting: failed
2026-04-15 15:42:51,394 DEBUG    [TaskSelector] Evaluating zone states: {'A': 'EMPTY', 'B': 'EMPTY'}  busy: {'A': False, 'B': False}
2026-04-15 15:42:51,394 INFO     [TaskSelector] → do_load (zone A empty)
2026-04-15 15:42:51,395 INFO     [FetchInput] Entering state
2026-04-15 15:42:51,398 INFO     [Service] /compute_grasps → success=False msg='No images received from PnP camera.'
2026-04-15 15:42:51,398 ERROR    [FetchInput] /compute_grasps service failed → exiting: failed
2026-04-15 15:42:51,399 DEBUG    [TaskSelector] Evaluating zone states: {'A': 'EMPTY', 'B': 'EMPTY'}  busy: {'A': False, 'B': False}
2026-04-15 15:42:51,399 INFO     [TaskSelector] → do_load (zone A empty)
2026-04-15 15:42:51,399 INFO     [FetchInput] Entering state
2026-04-15 15:42:51,401 INFO     [Service] /compute_grasps → success=False msg='No images received from PnP camera.'
2026-04-15 15:42:51,401 ERROR    [FetchInput] /compute_grasps service failed → exiting: failed
2026-04-15 15:42:51,402 DEBUG    [TaskSelector] Evaluating zone states: {'A': 'EMPTY', 'B': 'EMPTY'}  busy: {'A': False, 'B': False}
2026-04-15 15:42:51,402 INFO     [TaskSelector] → do_load (zone A empty)
2026-04-15 15:42:51,403 INFO     [FetchInput] Entering state
2026-04-15 15:42:51,405 INFO     [Service] /compute_grasps → success=False msg='No images received from PnP camera.'
2026-04-15 15:42:51,405 ERROR    [FetchInput] /compute_grasps service failed → exiting: failed
2026-04-15 15:42:51,406 DEBUG    [TaskSelector] Evaluating zone states: {'A': 'EMPTY', 'B': 'EMPTY'}  busy: {'A': False, 'B': False}
2026-04-15 15:42:51,406 INFO     [TaskSelector] → do_load (zone A empty)
2026-04-15 15:42:51,407 INFO     [FetchInput] Entering state
2026-04-15 15:42:51,410 INFO     [Service] /compute_grasps → success=False msg='No images received from PnP camera.'
2026-04-15 15:42:51,410 ERROR    [FetchInput] /compute_grasps service failed → exiting: failed
2026-04-15 15:42:51,411 DEBUG    [TaskSelector] Evaluating zone states: {'A': 'EMPTY', 'B': 'EMPTY'}  busy: {'A': False, 'B': False}
2026-04-15 15:42:51,411 INFO     [TaskSelector] → do_load (zone A empty)
2026-04-15 15:42:51,412 INFO     [FetchInput] Entering state
2026-04-15 15:42:51,414 INFO     [Service] /compute_grasps → success=False msg='No images received from PnP camera.'
2026-04-15 15:42:51,414 ERROR    [FetchInput] /compute_grasps service failed → exiting: failed
2026-04-15 15:42:51,415 DEBUG    [TaskSelector] Evaluating zone states: {'A': 'EMPTY', 'B': 'EMPTY'}  busy: {'A': False, 'B': False}
2026-04-15 15:42:51,415 INFO     [TaskSelector] → do_load (zone A empty)
2026-04-15 15:42:51,416 INFO     [FetchInput] Entering state
2026-04-15 15:42:51,418 INFO     [Service] /compute_grasps → success=False msg='No images received from PnP camera.'
2026-04-15 15:42:51,418 ERROR    [FetchInput] /compute_grasps service failed → exiting: failed
2026-04-15 15:42:51,419 DEBUG    [TaskSelector] Evaluating zone states: {'A': 'EMPTY', 'B': 'EMPTY'}  busy: {'A': False, 'B': False}
2026-04-15 15:42:51,419 INFO     [TaskSelector] → do_load (zone A empty)
2026-04-15 15:42:51,420 INFO     [FetchInput] Entering state
2026-04-15 15:42:51,422 INFO     [Service] /compute_grasps → success=False msg='No images received from PnP camera.'
2026-04-15 15:42:51,422 ERROR    [FetchInput] /compute_grasps service failed → exiting: failed
2026-04-15 15:42:51,423 DEBUG    [TaskSelector] Evaluating zone states: {'A': 'EMPTY', 'B': 'EMPTY'}  busy: {'A': False, 'B': False}
2026-04-15 15:42:51,423 INFO     [TaskSelector] → do_load (zone A empty)
2026-04-15 15:42:51,424 INFO     [FetchInput] Entering state
2026-04-15 15:42:51,429 INFO     [Service] /compute_grasps → success=False msg='No images received from PnP camera.'
2026-04-15 15:42:51,429 ERROR    [FetchInput] /compute_grasps service failed → exiting: failed
2026-04-15 15:42:51,430 DEBUG    [TaskSelector] Evaluating zone states: {'A': 'EMPTY', 'B': 'EMPTY'}  busy: {'A': False, 'B': False}
2026-04-15 15:42:51,430 INFO     [TaskSelector] → do_load (zone A empty)
2026-04-15 15:42:51,431 INFO     [FetchInput] Entering state
2026-04-15 15:42:51,433 INFO     [Service] /compute_grasps → success=False msg='No images received from PnP camera.'
2026-04-15 15:42:51,434 ERROR    [FetchInput] /compute_grasps service failed → exiting: failed
2026-04-15 15:42:51,435 DEBUG    [TaskSelector] Evaluating zone states: {'A': 'EMPTY', 'B': 'EMPTY'}  busy: {'A': False, 'B': False}
2026-04-15 15:42:51,435 INFO     [TaskSelector] → do_load (zone A empty)
2026-04-15 15:42:51,436 INFO     [FetchInput] Entering state
2026-04-15 15:42:51,439 INFO     [Service] /compute_grasps → success=False msg='No images received from PnP camera.'
2026-04-15 15:42:51,439 ERROR    [FetchInput] /compute_grasps service failed → exiting: failed
2026-04-15 15:42:51,440 DEBUG    [TaskSelector] Evaluating zone states: {'A': 'EMPTY', 'B': 'EMPTY'}  busy: {'A': False, 'B': False}
2026-04-15 15:42:51,441 INFO     [TaskSelector] → do_load (zone A empty)
2026-04-15 15:42:51,441 INFO     [FetchInput] Entering state
2026-04-15 15:42:51,447 INFO     [Service] /compute_grasps → success=False msg='No images received from PnP camera.'
2026-04-15 15:42:51,447 ERROR    [FetchInput] /compute_grasps service failed → exiting: failed
2026-04-15 15:42:51,449 DEBUG    [TaskSelector] Evaluating zone states: {'A': 'EMPTY', 'B': 'EMPTY'}  busy: {'A': False, 'B': False}
2026-04-15 15:42:51,449 INFO     [TaskSelector] → do_load (zone A empty)
2026-04-15 15:42:51,450 INFO     [FetchInput] Entering state
2026-04-15 15:42:51,454 INFO     [Service] /compute_grasps → success=False msg='No images received from PnP camera.'
2026-04-15 15:42:51,454 ERROR    [FetchInput] /compute_grasps service failed → exiting: failed
2026-04-15 15:42:51,456 DEBUG    [TaskSelector] Evaluating zone states: {'A': 'EMPTY', 'B': 'EMPTY'}  busy: {'A': False, 'B': False}
2026-04-15 15:42:51,457 INFO     [TaskSelector] → do_load (zone A empty)
2026-04-15 15:42:51,460 INFO     [FetchInput] Entering state
2026-04-15 15:42:51,463 INFO     [Service] /compute_grasps → success=False msg='No images received from PnP camera.'
2026-04-15 15:42:51,463 ERROR    [FetchInput] /compute_grasps service failed → exiting: failed
2026-04-15 15:42:51,464 DEBUG    [TaskSelector] Evaluating zone states: {'A': 'EMPTY', 'B': 'EMPTY'}  busy: {'A': False, 'B': False}
2026-04-15 15:42:51,464 INFO     [TaskSelector] → do_load (zone A empty)
2026-04-15 15:42:51,465 INFO     [FetchInput] Entering state
2026-04-15 15:42:51,468 INFO     [Service] /compute_grasps → success=False msg='No images received from PnP camera.'
2026-04-15 15:42:51,468 ERROR    [FetchInput] /compute_grasps service failed → exiting: failed
2026-04-15 15:42:51,469 DEBUG    [TaskSelector] Evaluating zone states: {'A': 'EMPTY', 'B': 'EMPTY'}  busy: {'A': False, 'B': False}
2026-04-15 15:42:51,469 INFO     [TaskSelector] → do_load (zone A empty)
2026-04-15 15:42:51,469 INFO     [FetchInput] Entering state
2026-04-15 15:42:51,472 INFO     [Service] /compute_grasps → success=False msg='No images received from PnP camera.'
2026-04-15 15:42:51,472 ERROR    [FetchInput] /compute_grasps service failed → exiting: failed
2026-04-15 15:42:51,473 DEBUG    [TaskSelector] Evaluating zone states: {'A': 'EMPTY', 'B': 'EMPTY'}  busy: {'A': False, 'B': False}
2026-04-15 15:42:51,473 INFO     [TaskSelector] → do_load (zone A empty)
2026-04-15 15:42:51,473 INFO     [FetchInput] Entering state
2026-04-15 15:42:51,477 INFO     [Service] /compute_grasps → success=False msg='No images received from PnP camera.'
2026-04-15 15:42:51,477 ERROR    [FetchInput] /compute_grasps service failed → exiting: failed
2026-04-15 15:42:51,478 DEBUG    [TaskSelector] Evaluating zone states: {'A': 'EMPTY', 'B': 'EMPTY'}  busy: {'A': False, 'B': False}
2026-04-15 15:42:51,478 INFO     [TaskSelector] → do_load (zone A empty)
2026-04-15 15:42:51,478 INFO     [FetchInput] Entering state
2026-04-15 15:42:51,481 INFO     [Service] /compute_grasps → success=False msg='No images received from PnP camera.'
2026-04-15 15:42:51,481 ERROR    [FetchInput] /compute_grasps service failed → exiting: failed
2026-04-15 15:42:51,482 DEBUG    [TaskSelector] Evaluating zone states: {'A': 'EMPTY', 'B': 'EMPTY'}  busy: {'A': False, 'B': False}
2026-04-15 15:42:51,482 INFO     [TaskSelector] → do_load (zone A empty)
2026-04-15 15:42:51,483 INFO     [FetchInput] Entering state
2026-04-15 15:42:51,485 INFO     [Service] /compute_grasps → success=False msg='No images received from PnP camera.'
2026-04-15 15:42:51,485 ERROR    [FetchInput] /compute_grasps service failed → exiting: failed
2026-04-15 15:42:51,486 DEBUG    [TaskSelector] Evaluating zone states: {'A': 'EMPTY', 'B': 'EMPTY'}  busy: {'A': False, 'B': False}
2026-04-15 15:42:51,486 INFO     [TaskSelector] → do_load (zone A empty)
2026-04-15 15:42:51,487 INFO     [FetchInput] Entering state
2026-04-15 15:42:51,489 INFO     [Service] /compute_grasps → success=False msg='No images received from PnP camera.'
2026-04-15 15:42:51,489 ERROR    [FetchInput] /compute_grasps service failed → exiting: failed
2026-04-15 15:42:51,490 DEBUG    [TaskSelector] Evaluating zone states: {'A': 'EMPTY', 'B': 'EMPTY'}  busy: {'A': False, 'B': False}
2026-04-15 15:42:51,490 INFO     [TaskSelector] → do_load (zone A empty)
2026-04-15 15:42:51,491 INFO     [FetchInput] Entering state
2026-04-15 15:42:51,494 INFO     [Service] /compute_grasps → success=False msg='No images received from PnP camera.'
2026-04-15 15:42:51,494 ERROR    [FetchInput] /compute_grasps service failed → exiting: failed
2026-04-15 15:42:51,495 DEBUG    [TaskSelector] Evaluating zone states: {'A': 'EMPTY', 'B': 'EMPTY'}  busy: {'A': False, 'B': False}
2026-04-15 15:42:51,495 INFO     [TaskSelector] → do_load (zone A empty)
2026-04-15 15:42:51,496 INFO     [FetchInput] Entering state
2026-04-15 15:42:51,499 INFO     [Service] /compute_grasps → success=False msg='No images received from PnP camera.'
2026-04-15 15:42:51,499 ERROR    [FetchInput] /compute_grasps service failed → exiting: failed
2026-04-15 15:42:51,501 DEBUG    [TaskSelector] Evaluating zone states: {'A': 'EMPTY', 'B': 'EMPTY'}  busy: {'A': False, 'B': False}
2026-04-15 15:42:51,501 INFO     [TaskSelector] → do_load (zone A empty)
2026-04-15 15:42:51,502 INFO     [FetchInput] Entering state
2026-04-15 15:42:51,506 INFO     [Service] /compute_grasps → success=False msg='No images received from PnP camera.'
2026-04-15 15:42:51,506 ERROR    [FetchInput] /compute_grasps service failed → exiting: failed
2026-04-15 15:42:51,507 DEBUG    [TaskSelector] Evaluating zone states: {'A': 'EMPTY', 'B': 'EMPTY'}  busy: {'A': False, 'B': False}
2026-04-15 15:42:51,507 INFO     [TaskSelector] → do_load (zone A empty)
2026-04-15 15:42:51,508 INFO     [FetchInput] Entering state
2026-04-15 15:42:51,512 INFO     [Service] /compute_grasps → success=False msg='No images received from PnP camera.'
2026-04-15 15:42:51,513 ERROR    [FetchInput] /compute_grasps service failed → exiting: failed
2026-04-15 15:42:51,515 DEBUG    [TaskSelector] Evaluating zone states: {'A': 'EMPTY', 'B': 'EMPTY'}  busy: {'A': False, 'B': False}
2026-04-15 15:42:51,515 INFO     [TaskSelector] → do_load (zone A empty)
2026-04-15 15:42:51,516 INFO     [FetchInput] Entering state
2026-04-15 15:42:51,521 INFO     [Service] /compute_grasps → success=False msg='No images received from PnP camera.'
2026-04-15 15:42:51,521 ERROR    [FetchInput] /compute_grasps service failed → exiting: failed
2026-04-15 15:42:51,522 DEBUG    [TaskSelector] Evaluating zone states: {'A': 'EMPTY', 'B': 'EMPTY'}  busy: {'A': False, 'B': False}
2026-04-15 15:42:51,522 INFO     [TaskSelector] → do_load (zone A empty)
2026-04-15 15:42:51,523 INFO     [FetchInput] Entering state
2026-04-15 15:42:51,528 INFO     [Service] /compute_grasps → success=False msg='No images received from PnP camera.'
2026-04-15 15:42:51,528 ERROR    [FetchInput] /compute_grasps service failed → exiting: failed
2026-04-15 15:42:51,530 DEBUG    [TaskSelector] Evaluating zone states: {'A': 'EMPTY', 'B': 'EMPTY'}  busy: {'A': False, 'B': False}
2026-04-15 15:42:51,530 INFO     [TaskSelector] → do_load (zone A empty)
2026-04-15 15:42:51,531 INFO     [FetchInput] Entering state
2026-04-15 15:42:51,534 INFO     [Service] /compute_grasps → success=False msg='No images received from PnP camera.'
2026-04-15 15:42:51,534 ERROR    [FetchInput] /compute_grasps service failed → exiting: failed
2026-04-15 15:42:51,535 DEBUG    [TaskSelector] Evaluating zone states: {'A': 'EMPTY', 'B': 'EMPTY'}  busy: {'A': False, 'B': False}
2026-04-15 15:42:51,535 INFO     [TaskSelector] → do_load (zone A empty)
2026-04-15 15:42:51,535 INFO     [FetchInput] Entering state
2026-04-15 15:42:51,537 INFO     [Service] /compute_grasps → success=False msg='No images received from PnP camera.'
2026-04-15 15:42:51,538 ERROR    [FetchInput] /compute_grasps service failed → exiting: failed
2026-04-15 15:42:51,538 DEBUG    [TaskSelector] Evaluating zone states: {'A': 'EMPTY', 'B': 'EMPTY'}  busy: {'A': False, 'B': False}
2026-04-15 15:42:51,538 INFO     [TaskSelector] → do_load (zone A empty)
2026-04-15 15:42:51,539 INFO     [FetchInput] Entering state
2026-04-15 15:42:51,541 INFO     [Service] /compute_grasps → success=False msg='No images received from PnP camera.'
2026-04-15 15:42:51,542 ERROR    [FetchInput] /compute_grasps service failed → exiting: failed
2026-04-15 15:42:51,542 DEBUG    [TaskSelector] Evaluating zone states: {'A': 'EMPTY', 'B': 'EMPTY'}  busy: {'A': False, 'B': False}
2026-04-15 15:42:51,543 INFO     [TaskSelector] → do_load (zone A empty)
2026-04-15 15:42:51,543 INFO     [FetchInput] Entering state
2026-04-15 15:42:51,546 INFO     [Service] /compute_grasps → success=False msg='No images received from PnP camera.'
2026-04-15 15:42:51,546 ERROR    [FetchInput] /compute_grasps service failed → exiting: failed
2026-04-15 15:42:51,547 DEBUG    [TaskSelector] Evaluating zone states: {'A': 'EMPTY', 'B': 'EMPTY'}  busy: {'A': False, 'B': False}
2026-04-15 15:42:51,547 INFO     [TaskSelector] → do_load (zone A empty)
2026-04-15 15:42:51,548 INFO     [FetchInput] Entering state
2026-04-15 15:42:51,550 INFO     [Service] /compute_grasps → success=False msg='No images received from PnP camera.'
2026-04-15 15:42:51,550 ERROR    [FetchInput] /compute_grasps service failed → exiting: failed
2026-04-15 15:42:51,551 DEBUG    [TaskSelector] Evaluating zone states: {'A': 'EMPTY', 'B': 'EMPTY'}  busy: {'A': False, 'B': False}
2026-04-15 15:42:51,551 INFO     [TaskSelector] → do_load (zone A empty)
2026-04-15 15:42:51,551 INFO     [FetchInput] Entering state
2026-04-15 15:42:51,554 INFO     [Service] /compute_grasps → success=False msg='No images received from PnP camera.'
2026-04-15 15:42:51,554 ERROR    [FetchInput] /compute_grasps service failed → exiting: failed
2026-04-15 15:42:51,554 DEBUG    [TaskSelector] Evaluating zone states: {'A': 'EMPTY', 'B': 'EMPTY'}  busy: {'A': False, 'B': False}
2026-04-15 15:42:51,555 INFO     [TaskSelector] → do_load (zone A empty)
2026-04-15 15:42:51,555 INFO     [FetchInput] Entering state
2026-04-15 15:42:51,560 INFO     [Service] /compute_grasps → success=False msg='No images received from PnP camera.'
2026-04-15 15:42:51,560 ERROR    [FetchInput] /compute_grasps service failed → exiting: failed
2026-04-15 15:42:51,561 DEBUG    [TaskSelector] Evaluating zone states: {'A': 'EMPTY', 'B': 'EMPTY'}  busy: {'A': False, 'B': False}
2026-04-15 15:42:51,561 INFO     [TaskSelector] → do_load (zone A empty)
2026-04-15 15:42:51,562 INFO     [FetchInput] Entering state
2026-04-15 15:42:51,565 INFO     [Service] /compute_grasps → success=False msg='No images received from PnP camera.'
2026-04-15 15:42:51,565 ERROR    [FetchInput] /compute_grasps service failed → exiting: failed
2026-04-15 15:42:51,566 DEBUG    [TaskSelector] Evaluating zone states: {'A': 'EMPTY', 'B': 'EMPTY'}  busy: {'A': False, 'B': False}
2026-04-15 15:42:51,566 INFO     [TaskSelector] → do_load (zone A empty)
2026-04-15 15:42:51,567 INFO     [FetchInput] Entering state
2026-04-15 15:42:51,570 INFO     [Service] /compute_grasps → success=False msg='No images received from PnP camera.'
2026-04-15 15:42:51,570 ERROR    [FetchInput] /compute_grasps service failed → exiting: failed
2026-04-15 15:42:51,572 DEBUG    [TaskSelector] Evaluating zone states: {'A': 'EMPTY', 'B': 'EMPTY'}  busy: {'A': False, 'B': False}
2026-04-15 15:42:51,572 INFO     [TaskSelector] → do_load (zone A empty)
2026-04-15 15:42:51,573 INFO     [FetchInput] Entering state
2026-04-15 15:42:51,577 INFO     [Service] /compute_grasps → success=False msg='No images received from PnP camera.'
2026-04-15 15:42:51,577 ERROR    [FetchInput] /compute_grasps service failed → exiting: failed
2026-04-15 15:42:51,580 DEBUG    [TaskSelector] Evaluating zone states: {'A': 'EMPTY', 'B': 'EMPTY'}  busy: {'A': False, 'B': False}
2026-04-15 15:42:51,581 INFO     [TaskSelector] → do_load (zone A empty)
2026-04-15 15:42:51,584 INFO     [FetchInput] Entering state
2026-04-15 15:42:51,589 INFO     [Service] /compute_grasps → success=False msg='No images received from PnP camera.'
2026-04-15 15:42:51,589 ERROR    [FetchInput] /compute_grasps service failed → exiting: failed
2026-04-15 15:42:51,593 DEBUG    [TaskSelector] Evaluating zone states: {'A': 'EMPTY', 'B': 'EMPTY'}  busy: {'A': False, 'B': False}
2026-04-15 15:42:51,593 INFO     [TaskSelector] → do_load (zone A empty)
2026-04-15 15:42:51,595 INFO     [FetchInput] Entering state
2026-04-15 15:42:51,599 INFO     [Service] /compute_grasps → success=False msg='No images received from PnP camera.'
2026-04-15 15:42:51,599 ERROR    [FetchInput] /compute_grasps service failed → exiting: failed
2026-04-15 15:42:51,600 DEBUG    [TaskSelector] Evaluating zone states: {'A': 'EMPTY', 'B': 'EMPTY'}  busy: {'A': False, 'B': False}
2026-04-15 15:42:51,600 INFO     [TaskSelector] → do_load (zone A empty)
2026-04-15 15:42:51,601 INFO     [FetchInput] Entering state
2026-04-15 15:42:51,604 INFO     [Service] /compute_grasps → success=False msg='No images received from PnP camera.'
2026-04-15 15:42:51,604 ERROR    [FetchInput] /compute_grasps service failed → exiting: failed
2026-04-15 15:42:51,604 DEBUG    [TaskSelector] Evaluating zone states: {'A': 'EMPTY', 'B': 'EMPTY'}  busy: {'A': False, 'B': False}
2026-04-15 15:42:51,604 INFO     [TaskSelector] → do_load (zone A empty)
2026-04-15 15:42:51,605 INFO     [FetchInput] Entering state
2026-04-15 15:42:51,608 INFO     [Service] /compute_grasps → success=False msg='No images received from PnP camera.'
2026-04-15 15:42:51,608 ERROR    [FetchInput] /compute_grasps service failed → exiting: failed
2026-04-15 15:42:51,608 DEBUG    [TaskSelector] Evaluating zone states: {'A': 'EMPTY', 'B': 'EMPTY'}  busy: {'A': False, 'B': False}
2026-04-15 15:42:51,609 INFO     [TaskSelector] → do_load (zone A empty)
2026-04-15 15:42:51,609 INFO     [FetchInput] Entering state
2026-04-15 15:42:51,612 INFO     [Service] /compute_grasps → success=False msg='No images received from PnP camera.'
2026-04-15 15:42:51,612 ERROR    [FetchInput] /compute_grasps service failed → exiting: failed
2026-04-15 15:42:51,613 DEBUG    [TaskSelector] Evaluating zone states: {'A': 'EMPTY', 'B': 'EMPTY'}  busy: {'A': False, 'B': False}
2026-04-15 15:42:51,613 INFO     [TaskSelector] → do_load (zone A empty)
2026-04-15 15:42:51,614 INFO     [FetchInput] Entering state
2026-04-15 15:42:51,616 INFO     [Service] /compute_grasps → success=False msg='No images received from PnP camera.'
2026-04-15 15:42:51,616 ERROR    [FetchInput] /compute_grasps service failed → exiting: failed
2026-04-15 15:42:51,617 DEBUG    [TaskSelector] Evaluating zone states: {'A': 'EMPTY', 'B': 'EMPTY'}  busy: {'A': False, 'B': False}
2026-04-15 15:42:51,617 INFO     [TaskSelector] → do_load (zone A empty)
2026-04-15 15:42:51,618 INFO     [FetchInput] Entering state
2026-04-15 15:42:51,620 INFO     [Service] /compute_grasps → success=False msg='No images received from PnP camera.'
2026-04-15 15:42:51,620 ERROR    [FetchInput] /compute_grasps service failed → exiting: failed
2026-04-15 15:42:51,621 DEBUG    [TaskSelector] Evaluating zone states: {'A': 'EMPTY', 'B': 'EMPTY'}  busy: {'A': False, 'B': False}
2026-04-15 15:42:51,621 INFO     [TaskSelector] → do_load (zone A empty)
2026-04-15 15:42:51,622 INFO     [FetchInput] Entering state
2026-04-15 15:42:51,627 INFO     [Service] /compute_grasps → success=False msg='No images received from PnP camera.'
2026-04-15 15:42:51,627 ERROR    [FetchInput] /compute_grasps service failed → exiting: failed
2026-04-15 15:42:51,628 DEBUG    [TaskSelector] Evaluating zone states: {'A': 'EMPTY', 'B': 'EMPTY'}  busy: {'A': False, 'B': False}
2026-04-15 15:42:51,628 INFO     [TaskSelector] → do_load (zone A empty)
2026-04-15 15:42:51,629 INFO     [FetchInput] Entering state
2026-04-15 15:42:51,632 INFO     [Service] /compute_grasps → success=False msg='No images received from PnP camera.'
2026-04-15 15:42:51,632 ERROR    [FetchInput] /compute_grasps service failed → exiting: failed
2026-04-15 15:42:51,633 DEBUG    [TaskSelector] Evaluating zone states: {'A': 'EMPTY', 'B': 'EMPTY'}  busy: {'A': False, 'B': False}
2026-04-15 15:42:51,633 INFO     [TaskSelector] → do_load (zone A empty)
2026-04-15 15:42:51,633 INFO     [FetchInput] Entering state
2026-04-15 15:42:51,636 INFO     [Service] /compute_grasps → success=False msg='No images received from PnP camera.'
2026-04-15 15:42:51,636 ERROR    [FetchInput] /compute_grasps service failed → exiting: failed
2026-04-15 15:42:51,638 DEBUG    [TaskSelector] Evaluating zone states: {'A': 'EMPTY', 'B': 'EMPTY'}  busy: {'A': False, 'B': False}
2026-04-15 15:42:51,638 INFO     [TaskSelector] → do_load (zone A empty)
2026-04-15 15:42:51,639 INFO     [FetchInput] Entering state
2026-04-15 15:42:51,642 INFO     [Service] /compute_grasps → success=False msg='No images received from PnP camera.'
2026-04-15 15:42:51,642 ERROR    [FetchInput] /compute_grasps service failed → exiting: failed
2026-04-15 15:42:51,644 DEBUG    [TaskSelector] Evaluating zone states: {'A': 'EMPTY', 'B': 'EMPTY'}  busy: {'A': False, 'B': False}
2026-04-15 15:42:51,644 INFO     [TaskSelector] → do_load (zone A empty)
2026-04-15 15:42:51,645 INFO     [FetchInput] Entering state
2026-04-15 15:42:51,651 INFO     [Service] /compute_grasps → success=False msg='No images received from PnP camera.'
2026-04-15 15:42:51,651 ERROR    [FetchInput] /compute_grasps service failed → exiting: failed
2026-04-15 15:42:51,652 DEBUG    [TaskSelector] Evaluating zone states: {'A': 'EMPTY', 'B': 'EMPTY'}  busy: {'A': False, 'B': False}
2026-04-15 15:42:51,652 INFO     [TaskSelector] → do_load (zone A empty)
2026-04-15 15:42:51,654 INFO     [FetchInput] Entering state
2026-04-15 15:42:51,661 INFO     [Service] /compute_grasps → success=False msg='No images received from PnP camera.'
2026-04-15 15:42:51,662 ERROR    [FetchInput] /compute_grasps service failed → exiting: failed
2026-04-15 15:42:51,662 DEBUG    [TaskSelector] Evaluating zone states: {'A': 'EMPTY', 'B': 'EMPTY'}  busy: {'A': False, 'B': False}
2026-04-15 15:42:51,662 INFO     [TaskSelector] → do_load (zone A empty)
2026-04-15 15:42:51,663 INFO     [FetchInput] Entering state
2026-04-15 15:42:51,666 INFO     [Service] /compute_grasps → success=False msg='No images received from PnP camera.'
2026-04-15 15:42:51,666 ERROR    [FetchInput] /compute_grasps service failed → exiting: failed
2026-04-15 15:42:51,667 DEBUG    [TaskSelector] Evaluating zone states: {'A': 'EMPTY', 'B': 'EMPTY'}  busy: {'A': False, 'B': False}
2026-04-15 15:42:51,667 INFO     [TaskSelector] → do_load (zone A empty)
2026-04-15 15:42:51,668 INFO     [FetchInput] Entering state
2026-04-15 15:42:51,670 INFO     [Service] /compute_grasps → success=False msg='No images received from PnP camera.'
2026-04-15 15:42:51,670 ERROR    [FetchInput] /compute_grasps service failed → exiting: failed
2026-04-15 15:42:51,671 DEBUG    [TaskSelector] Evaluating zone states: {'A': 'EMPTY', 'B': 'EMPTY'}  busy: {'A': False, 'B': False}
2026-04-15 15:42:51,671 INFO     [TaskSelector] → do_load (zone A empty)
2026-04-15 15:42:51,671 INFO     [FetchInput] Entering state
2026-04-15 15:42:51,674 INFO     [Service] /compute_grasps → success=False msg='No images received from PnP camera.'
2026-04-15 15:42:51,674 ERROR    [FetchInput] /compute_grasps service failed → exiting: failed
2026-04-15 15:42:51,675 DEBUG    [TaskSelector] Evaluating zone states: {'A': 'EMPTY', 'B': 'EMPTY'}  busy: {'A': False, 'B': False}
2026-04-15 15:42:51,675 INFO     [TaskSelector] → do_load (zone A empty)
2026-04-15 15:42:51,676 INFO     [FetchInput] Entering state
2026-04-15 15:42:51,679 INFO     [Service] /compute_grasps → success=False msg='No images received from PnP camera.'
2026-04-15 15:42:51,679 ERROR    [FetchInput] /compute_grasps service failed → exiting: failed
2026-04-15 15:42:51,680 DEBUG    [TaskSelector] Evaluating zone states: {'A': 'EMPTY', 'B': 'EMPTY'}  busy: {'A': False, 'B': False}
2026-04-15 15:42:51,680 INFO     [TaskSelector] → do_load (zone A empty)
2026-04-15 15:42:51,681 INFO     [FetchInput] Entering state
2026-04-15 15:42:51,683 INFO     [Service] /compute_grasps → success=False msg='No images received from PnP camera.'
2026-04-15 15:42:51,683 ERROR    [FetchInput] /compute_grasps service failed → exiting: failed
2026-04-15 15:42:51,683 DEBUG    [TaskSelector] Evaluating zone states: {'A': 'EMPTY', 'B': 'EMPTY'}  busy: {'A': False, 'B': False}
2026-04-15 15:42:51,683 INFO     [TaskSelector] → do_load (zone A empty)
2026-04-15 15:42:51,684 INFO     [FetchInput] Entering state
2026-04-15 15:42:51,686 INFO     [Service] /compute_grasps → success=False msg='No images received from PnP camera.'
2026-04-15 15:42:51,687 ERROR    [FetchInput] /compute_grasps service failed → exiting: failed
2026-04-15 15:42:51,688 DEBUG    [TaskSelector] Evaluating zone states: {'A': 'EMPTY', 'B': 'EMPTY'}  busy: {'A': False, 'B': False}
2026-04-15 15:42:51,688 INFO     [TaskSelector] → do_load (zone A empty)
2026-04-15 15:42:51,689 INFO     [FetchInput] Entering state
2026-04-15 15:42:51,691 INFO     [Service] /compute_grasps → success=False msg='No images received from PnP camera.'
2026-04-15 15:42:51,691 ERROR    [FetchInput] /compute_grasps service failed → exiting: failed
2026-04-15 15:42:51,693 DEBUG    [TaskSelector] Evaluating zone states: {'A': 'EMPTY', 'B': 'EMPTY'}  busy: {'A': False, 'B': False}
2026-04-15 15:42:51,693 INFO     [TaskSelector] → do_load (zone A empty)
2026-04-15 15:42:51,694 INFO     [FetchInput] Entering state
2026-04-15 15:42:51,697 INFO     [Service] /compute_grasps → success=False msg='No images received from PnP camera.'
2026-04-15 15:42:51,697 ERROR    [FetchInput] /compute_grasps service failed → exiting: failed
2026-04-15 15:42:51,698 DEBUG    [TaskSelector] Evaluating zone states: {'A': 'EMPTY', 'B': 'EMPTY'}  busy: {'A': False, 'B': False}
2026-04-15 15:42:51,698 INFO     [TaskSelector] → do_load (zone A empty)
2026-04-15 15:42:51,699 INFO     [FetchInput] Entering state
2026-04-15 15:42:51,701 INFO     [Service] /compute_grasps → success=False msg='No images received from PnP camera.'
2026-04-15 15:42:51,701 ERROR    [FetchInput] /compute_grasps service failed → exiting: failed
2026-04-15 15:42:51,702 DEBUG    [TaskSelector] Evaluating zone states: {'A': 'EMPTY', 'B': 'EMPTY'}  busy: {'A': False, 'B': False}
2026-04-15 15:42:51,702 INFO     [TaskSelector] → do_load (zone A empty)
2026-04-15 15:42:51,703 INFO     [FetchInput] Entering state
2026-04-15 15:42:51,707 INFO     [Service] /compute_grasps → success=False msg='No images received from PnP camera.'
2026-04-15 15:42:51,707 ERROR    [FetchInput] /compute_grasps service failed → exiting: failed
2026-04-15 15:42:51,709 DEBUG    [TaskSelector] Evaluating zone states: {'A': 'EMPTY', 'B': 'EMPTY'}  busy: {'A': False, 'B': False}
2026-04-15 15:42:51,709 INFO     [TaskSelector] → do_load (zone A empty)
2026-04-15 15:42:51,710 INFO     [FetchInput] Entering state
2026-04-15 15:42:51,714 INFO     [Service] /compute_grasps → success=False msg='No images received from PnP camera.'
2026-04-15 15:42:51,714 ERROR    [FetchInput] /compute_grasps service failed → exiting: failed
2026-04-15 15:42:51,716 DEBUG    [TaskSelector] Evaluating zone states: {'A': 'EMPTY', 'B': 'EMPTY'}  busy: {'A': False, 'B': False}
2026-04-15 15:42:51,716 INFO     [TaskSelector] → do_load (zone A empty)
2026-04-15 15:42:51,717 INFO     [FetchInput] Entering state
2026-04-15 15:42:51,725 INFO     [Service] /compute_grasps → success=False msg='No images received from PnP camera.'
2026-04-15 15:42:51,725 ERROR    [FetchInput] /compute_grasps service failed → exiting: failed
2026-04-15 15:42:51,728 DEBUG    [TaskSelector] Evaluating zone states: {'A': 'EMPTY', 'B': 'EMPTY'}  busy: {'A': False, 'B': False}
2026-04-15 15:42:51,728 INFO     [TaskSelector] → do_load (zone A empty)
2026-04-15 15:42:51,729 INFO     [FetchInput] Entering state
2026-04-15 15:42:51,731 INFO     [Service] /compute_grasps → success=False msg='No images received from PnP camera.'
2026-04-15 15:42:51,731 ERROR    [FetchInput] /compute_grasps service failed → exiting: failed
2026-04-15 15:42:51,732 DEBUG    [TaskSelector] Evaluating zone states: {'A': 'EMPTY', 'B': 'EMPTY'}  busy: {'A': False, 'B': False}
2026-04-15 15:42:51,732 INFO     [TaskSelector] → do_load (zone A empty)
2026-04-15 15:42:51,733 INFO     [FetchInput] Entering state
2026-04-15 15:42:51,735 INFO     [Service] /compute_grasps → success=False msg='No images received from PnP camera.'
2026-04-15 15:42:51,736 ERROR    [FetchInput] /compute_grasps service failed → exiting: failed
2026-04-15 15:42:51,736 DEBUG    [TaskSelector] Evaluating zone states: {'A': 'EMPTY', 'B': 'EMPTY'}  busy: {'A': False, 'B': False}
2026-04-15 15:42:51,736 INFO     [TaskSelector] → do_load (zone A empty)
2026-04-15 15:42:51,737 INFO     [FetchInput] Entering state
2026-04-15 15:42:51,739 INFO     [Service] /compute_grasps → success=False msg='No images received from PnP camera.'
2026-04-15 15:42:51,739 ERROR    [FetchInput] /compute_grasps service failed → exiting: failed
2026-04-15 15:42:51,740 DEBUG    [TaskSelector] Evaluating zone states: {'A': 'EMPTY', 'B': 'EMPTY'}  busy: {'A': False, 'B': False}
2026-04-15 15:42:51,740 INFO     [TaskSelector] → do_load (zone A empty)
2026-04-15 15:42:51,741 INFO     [FetchInput] Entering state
2026-04-15 15:42:51,743 INFO     [Service] /compute_grasps → success=False msg='No images received from PnP camera.'
2026-04-15 15:42:51,744 ERROR    [FetchInput] /compute_grasps service failed → exiting: failed
2026-04-15 15:42:51,744 DEBUG    [TaskSelector] Evaluating zone states: {'A': 'EMPTY', 'B': 'EMPTY'}  busy: {'A': False, 'B': False}
2026-04-15 15:42:51,745 INFO     [TaskSelector] → do_load (zone A empty)
2026-04-15 15:42:51,745 INFO     [FetchInput] Entering state
2026-04-15 15:42:51,747 INFO     [Service] /compute_grasps → success=False msg='No images received from PnP camera.'
2026-04-15 15:42:51,747 ERROR    [FetchInput] /compute_grasps service failed → exiting: failed
2026-04-15 15:42:51,748 DEBUG    [TaskSelector] Evaluating zone states: {'A': 'EMPTY', 'B': 'EMPTY'}  busy: {'A': False, 'B': False}
2026-04-15 15:42:51,748 INFO     [TaskSelector] → do_load (zone A empty)
2026-04-15 15:42:51,749 INFO     [FetchInput] Entering state
2026-04-15 15:42:51,751 INFO     [Service] /compute_grasps → success=False msg='No images received from PnP camera.'
2026-04-15 15:42:51,751 ERROR    [FetchInput] /compute_grasps service failed → exiting: failed
2026-04-15 15:42:51,752 DEBUG    [TaskSelector] Evaluating zone states: {'A': 'EMPTY', 'B': 'EMPTY'}  busy: {'A': False, 'B': False}
2026-04-15 15:42:51,752 INFO     [TaskSelector] → do_load (zone A empty)
2026-04-15 15:42:51,753 INFO     [FetchInput] Entering state
2026-04-15 15:42:51,755 INFO     [Service] /compute_grasps → success=False msg='No images received from PnP camera.'
2026-04-15 15:42:51,755 ERROR    [FetchInput] /compute_grasps service failed → exiting: failed
2026-04-15 15:42:51,756 DEBUG    [TaskSelector] Evaluating zone states: {'A': 'EMPTY', 'B': 'EMPTY'}  busy: {'A': False, 'B': False}
2026-04-15 15:42:51,756 INFO     [TaskSelector] → do_load (zone A empty)
2026-04-15 15:42:51,757 INFO     [FetchInput] Entering state
2026-04-15 15:42:51,762 INFO     [Service] /compute_grasps → success=False msg='No images received from PnP camera.'
2026-04-15 15:42:51,762 ERROR    [FetchInput] /compute_grasps service failed → exiting: failed
2026-04-15 15:42:51,763 DEBUG    [TaskSelector] Evaluating zone states: {'A': 'EMPTY', 'B': 'EMPTY'}  busy: {'A': False, 'B': False}
2026-04-15 15:42:51,763 INFO     [TaskSelector] → do_load (zone A empty)
2026-04-15 15:42:51,764 INFO     [FetchInput] Entering state
2026-04-15 15:42:51,767 INFO     [Service] /compute_grasps → success=False msg='No images received from PnP camera.'
2026-04-15 15:42:51,767 ERROR    [FetchInput] /compute_grasps service failed → exiting: failed
2026-04-15 15:42:51,768 DEBUG    [TaskSelector] Evaluating zone states: {'A': 'EMPTY', 'B': 'EMPTY'}  busy: {'A': False, 'B': False}
2026-04-15 15:42:51,768 INFO     [TaskSelector] → do_load (zone A empty)
2026-04-15 15:42:51,768 INFO     [FetchInput] Entering state
2026-04-15 15:42:51,772 INFO     [Service] /compute_grasps → success=False msg='No images received from PnP camera.'
2026-04-15 15:42:51,772 ERROR    [FetchInput] /compute_grasps service failed → exiting: failed
2026-04-15 15:42:51,773 DEBUG    [TaskSelector] Evaluating zone states: {'A': 'EMPTY', 'B': 'EMPTY'}  busy: {'A': False, 'B': False}
2026-04-15 15:42:51,774 INFO     [TaskSelector] → do_load (zone A empty)
2026-04-15 15:42:51,775 INFO     [FetchInput] Entering state
2026-04-15 15:42:51,779 INFO     [Service] /compute_grasps → success=False msg='No images received from PnP camera.'
2026-04-15 15:42:51,779 ERROR    [FetchInput] /compute_grasps service failed → exiting: failed
2026-04-15 15:42:51,781 DEBUG    [TaskSelector] Evaluating zone states: {'A': 'EMPTY', 'B': 'EMPTY'}  busy: {'A': False, 'B': False}
2026-04-15 15:42:51,781 INFO     [TaskSelector] → do_load (zone A empty)
2026-04-15 15:42:51,783 INFO     [FetchInput] Entering state
2026-04-15 15:42:51,787 INFO     [Service] /compute_grasps → success=False msg='No images received from PnP camera.'
2026-04-15 15:42:51,788 ERROR    [FetchInput] /compute_grasps service failed → exiting: failed
2026-04-15 15:42:51,791 DEBUG    [TaskSelector] Evaluating zone states: {'A': 'EMPTY', 'B': 'EMPTY'}  busy: {'A': False, 'B': False}
2026-04-15 15:42:51,791 INFO     [TaskSelector] → do_load (zone A empty)
2026-04-15 15:42:51,794 INFO     [FetchInput] Entering state
2026-04-15 15:42:51,797 INFO     [Service] /compute_grasps → success=False msg='No images received from PnP camera.'
2026-04-15 15:42:51,797 ERROR    [FetchInput] /compute_grasps service failed → exiting: failed
2026-04-15 15:42:51,798 DEBUG    [TaskSelector] Evaluating zone states: {'A': 'EMPTY', 'B': 'EMPTY'}  busy: {'A': False, 'B': False}
2026-04-15 15:42:51,798 INFO     [TaskSelector] → do_load (zone A empty)
2026-04-15 15:42:51,799 INFO     [FetchInput] Entering state
2026-04-15 15:42:51,801 INFO     [Service] /compute_grasps → success=False msg='No images received from PnP camera.'
2026-04-15 15:42:51,801 ERROR    [FetchInput] /compute_grasps service failed → exiting: failed
2026-04-15 15:42:51,802 DEBUG    [TaskSelector] Evaluating zone states: {'A': 'EMPTY', 'B': 'EMPTY'}  busy: {'A': False, 'B': False}
2026-04-15 15:42:51,802 INFO     [TaskSelector] → do_load (zone A empty)
2026-04-15 15:42:51,803 INFO     [FetchInput] Entering state
2026-04-15 15:42:51,805 INFO     [Service] /compute_grasps → success=False msg='No images received from PnP camera.'
2026-04-15 15:42:51,805 ERROR    [FetchInput] /compute_grasps service failed → exiting: failed
2026-04-15 15:42:51,805 DEBUG    [TaskSelector] Evaluating zone states: {'A': 'EMPTY', 'B': 'EMPTY'}  busy: {'A': False, 'B': False}
2026-04-15 15:42:51,805 INFO     [TaskSelector] → do_load (zone A empty)
2026-04-15 15:42:51,806 INFO     [FetchInput] Entering state
2026-04-15 15:42:51,809 INFO     [Service] /compute_grasps → success=False msg='No images received from PnP camera.'
2026-04-15 15:42:51,810 ERROR    [FetchInput] /compute_grasps service failed → exiting: failed
2026-04-15 15:42:51,810 DEBUG    [TaskSelector] Evaluating zone states: {'A': 'EMPTY', 'B': 'EMPTY'}  busy: {'A': False, 'B': False}
2026-04-15 15:42:51,811 INFO     [TaskSelector] → do_load (zone A empty)
2026-04-15 15:42:51,811 INFO     [FetchInput] Entering state
2026-04-15 15:42:51,814 INFO     [Service] /compute_grasps → success=False msg='No images received from PnP camera.'
2026-04-15 15:42:51,814 ERROR    [FetchInput] /compute_grasps service failed → exiting: failed
2026-04-15 15:42:51,814 DEBUG    [TaskSelector] Evaluating zone states: {'A': 'EMPTY', 'B': 'EMPTY'}  busy: {'A': False, 'B': False}
2026-04-15 15:42:51,814 INFO     [TaskSelector] → do_load (zone A empty)
2026-04-15 15:42:51,815 INFO     [FetchInput] Entering state
2026-04-15 15:42:51,817 INFO     [Service] /compute_grasps → success=False msg='No images received from PnP camera.'
2026-04-15 15:42:51,818 ERROR    [FetchInput] /compute_grasps service failed → exiting: failed
2026-04-15 15:42:51,818 DEBUG    [TaskSelector] Evaluating zone states: {'A': 'EMPTY', 'B': 'EMPTY'}  busy: {'A': False, 'B': False}
2026-04-15 15:42:51,819 INFO     [TaskSelector] → do_load (zone A empty)
2026-04-15 15:42:51,819 INFO     [FetchInput] Entering state
2026-04-15 15:42:51,821 INFO     [Service] /compute_grasps → success=False msg='No images received from PnP camera.'
2026-04-15 15:42:51,821 ERROR    [FetchInput] /compute_grasps service failed → exiting: failed
2026-04-15 15:42:51,822 DEBUG    [TaskSelector] Evaluating zone states: {'A': 'EMPTY', 'B': 'EMPTY'}  busy: {'A': False, 'B': False}
2026-04-15 15:42:51,822 INFO     [TaskSelector] → do_load (zone A empty)
2026-04-15 15:42:51,823 INFO     [FetchInput] Entering state
2026-04-15 15:42:51,826 INFO     [Service] /compute_grasps → success=False msg='No images received from PnP camera.'
2026-04-15 15:42:51,826 ERROR    [FetchInput] /compute_grasps service failed → exiting: failed
2026-04-15 15:42:51,828 DEBUG    [TaskSelector] Evaluating zone states: {'A': 'EMPTY', 'B': 'EMPTY'}  busy: {'A': False, 'B': False}
2026-04-15 15:42:51,828 INFO     [TaskSelector] → do_load (zone A empty)
2026-04-15 15:42:51,829 INFO     [FetchInput] Entering state
2026-04-15 15:42:51,832 INFO     [Service] /compute_grasps → success=False msg='No images received from PnP camera.'
2026-04-15 15:42:51,832 ERROR    [FetchInput] /compute_grasps service failed → exiting: failed
2026-04-15 15:42:51,833 DEBUG    [TaskSelector] Evaluating zone states: {'A': 'EMPTY', 'B': 'EMPTY'}  busy: {'A': False, 'B': False}
2026-04-15 15:42:51,833 INFO     [TaskSelector] → do_load (zone A empty)
2026-04-15 15:42:51,834 INFO     [FetchInput] Entering state
2026-04-15 15:42:51,836 INFO     [Service] /compute_grasps → success=False msg='No images received from PnP camera.'
2026-04-15 15:42:51,837 ERROR    [FetchInput] /compute_grasps service failed → exiting: failed
2026-04-15 15:42:51,837 DEBUG    [TaskSelector] Evaluating zone states: {'A': 'EMPTY', 'B': 'EMPTY'}  busy: {'A': False, 'B': False}
2026-04-15 15:42:51,838 INFO     [TaskSelector] → do_load (zone A empty)
2026-04-15 15:42:51,839 INFO     [FetchInput] Entering state
2026-04-15 15:42:51,842 INFO     [Service] /compute_grasps → success=False msg='No images received from PnP camera.'
2026-04-15 15:42:51,843 ERROR    [FetchInput] /compute_grasps service failed → exiting: failed
2026-04-15 15:42:51,843 DEBUG    [TaskSelector] Evaluating zone states: {'A': 'EMPTY', 'B': 'EMPTY'}  busy: {'A': False, 'B': False}
2026-04-15 15:42:51,844 INFO     [TaskSelector] → do_load (zone A empty)
2026-04-15 15:42:51,844 INFO     [FetchInput] Entering state
2026-04-15 15:42:51,850 INFO     [Service] /compute_grasps → success=False msg='No images received from PnP camera.'
2026-04-15 15:42:51,850 ERROR    [FetchInput] /compute_grasps service failed → exiting: failed
2026-04-15 15:42:51,852 DEBUG    [TaskSelector] Evaluating zone states: {'A': 'EMPTY', 'B': 'EMPTY'}  busy: {'A': False, 'B': False}
2026-04-15 15:42:51,852 INFO     [TaskSelector] → do_load (zone A empty)
2026-04-15 15:42:51,853 INFO     [FetchInput] Entering state
2026-04-15 15:42:51,859 INFO     [Service] /compute_grasps → success=False msg='No images received from PnP camera.'
2026-04-15 15:42:51,859 ERROR    [FetchInput] /compute_grasps service failed → exiting: failed
2026-04-15 15:42:51,862 DEBUG    [TaskSelector] Evaluating zone states: {'A': 'EMPTY', 'B': 'EMPTY'}  busy: {'A': False, 'B': False}
2026-04-15 15:42:51,862 INFO     [TaskSelector] → do_load (zone A empty)
2026-04-15 15:42:51,863 INFO     [FetchInput] Entering state
2026-04-15 15:42:51,867 INFO     [Service] /compute_grasps → success=False msg='No images received from PnP camera.'
2026-04-15 15:42:51,867 ERROR    [FetchInput] /compute_grasps service failed → exiting: failed
2026-04-15 15:42:51,868 DEBUG    [TaskSelector] Evaluating zone states: {'A': 'EMPTY', 'B': 'EMPTY'}  busy: {'A': False, 'B': False}
2026-04-15 15:42:51,868 INFO     [TaskSelector] → do_load (zone A empty)
2026-04-15 15:42:51,868 INFO     [FetchInput] Entering state
2026-04-15 15:42:51,871 INFO     [Service] /compute_grasps → success=False msg='No images received from PnP camera.'
2026-04-15 15:42:51,871 ERROR    [FetchInput] /compute_grasps service failed → exiting: failed
2026-04-15 15:42:51,871 DEBUG    [TaskSelector] Evaluating zone states: {'A': 'EMPTY', 'B': 'EMPTY'}  busy: {'A': False, 'B': False}
2026-04-15 15:42:51,871 INFO     [TaskSelector] → do_load (zone A empty)
2026-04-15 15:42:51,872 INFO     [FetchInput] Entering state
2026-04-15 15:42:51,875 INFO     [Service] /compute_grasps → success=False msg='No images received from PnP camera.'
2026-04-15 15:42:51,875 ERROR    [FetchInput] /compute_grasps service failed → exiting: failed
2026-04-15 15:42:51,876 DEBUG    [TaskSelector] Evaluating zone states: {'A': 'EMPTY', 'B': 'EMPTY'}  busy: {'A': False, 'B': False}
2026-04-15 15:42:51,877 INFO     [TaskSelector] → do_load (zone A empty)
2026-04-15 15:42:51,877 INFO     [FetchInput] Entering state
2026-04-15 15:42:51,880 INFO     [Service] /compute_grasps → success=False msg='No images received from PnP camera.'
2026-04-15 15:42:51,880 ERROR    [FetchInput] /compute_grasps service failed → exiting: failed
2026-04-15 15:42:51,881 DEBUG    [TaskSelector] Evaluating zone states: {'A': 'EMPTY', 'B': 'EMPTY'}  busy: {'A': False, 'B': False}
2026-04-15 15:42:51,881 INFO     [TaskSelector] → do_load (zone A empty)
2026-04-15 15:42:51,882 INFO     [FetchInput] Entering state
2026-04-15 15:42:51,884 INFO     [Service] /compute_grasps → success=False msg='No images received from PnP camera.'
2026-04-15 15:42:51,884 ERROR    [FetchInput] /compute_grasps service failed → exiting: failed
2026-04-15 15:42:51,885 DEBUG    [TaskSelector] Evaluating zone states: {'A': 'EMPTY', 'B': 'EMPTY'}  busy: {'A': False, 'B': False}
2026-04-15 15:42:51,885 INFO     [TaskSelector] → do_load (zone A empty)
2026-04-15 15:42:51,886 INFO     [FetchInput] Entering state
2026-04-15 15:42:51,888 INFO     [Service] /compute_grasps → success=False msg='No images received from PnP camera.'
2026-04-15 15:42:51,888 ERROR    [FetchInput] /compute_grasps service failed → exiting: failed
2026-04-15 15:42:51,889 DEBUG    [TaskSelector] Evaluating zone states: {'A': 'EMPTY', 'B': 'EMPTY'}  busy: {'A': False, 'B': False}
2026-04-15 15:42:51,889 INFO     [TaskSelector] → do_load (zone A empty)
2026-04-15 15:42:51,890 INFO     [FetchInput] Entering state
2026-04-15 15:42:51,893 INFO     [Service] /compute_grasps → success=False msg='No images received from PnP camera.'
2026-04-15 15:42:51,893 ERROR    [FetchInput] /compute_grasps service failed → exiting: failed
2026-04-15 15:42:51,894 DEBUG    [TaskSelector] Evaluating zone states: {'A': 'EMPTY', 'B': 'EMPTY'}  busy: {'A': False, 'B': False}
2026-04-15 15:42:51,894 INFO     [TaskSelector] → do_load (zone A empty)
2026-04-15 15:42:51,895 INFO     [FetchInput] Entering state
2026-04-15 15:42:51,898 INFO     [Service] /compute_grasps → success=False msg='No images received from PnP camera.'
2026-04-15 15:42:51,898 ERROR    [FetchInput] /compute_grasps service failed → exiting: failed
2026-04-15 15:42:51,898 DEBUG    [TaskSelector] Evaluating zone states: {'A': 'EMPTY', 'B': 'EMPTY'}  busy: {'A': False, 'B': False}
2026-04-15 15:42:51,898 INFO     [TaskSelector] → do_load (zone A empty)
2026-04-15 15:42:51,899 INFO     [FetchInput] Entering state
2026-04-15 15:42:51,901 INFO     [Service] /compute_grasps → success=False msg='No images received from PnP camera.'
2026-04-15 15:42:51,902 ERROR    [FetchInput] /compute_grasps service failed → exiting: failed
2026-04-15 15:42:51,902 DEBUG    [TaskSelector] Evaluating zone states: {'A': 'EMPTY', 'B': 'EMPTY'}  busy: {'A': False, 'B': False}
2026-04-15 15:42:51,902 INFO     [TaskSelector] → do_load (zone A empty)
2026-04-15 15:42:51,903 INFO     [FetchInput] Entering state
2026-04-15 15:42:51,908 INFO     [Service] /compute_grasps → success=False msg='No images received from PnP camera.'
2026-04-15 15:42:51,908 ERROR    [FetchInput] /compute_grasps service failed → exiting: failed
2026-04-15 15:42:51,910 DEBUG    [TaskSelector] Evaluating zone states: {'A': 'EMPTY', 'B': 'EMPTY'}  busy: {'A': False, 'B': False}
2026-04-15 15:42:51,910 INFO     [TaskSelector] → do_load (zone A empty)
2026-04-15 15:42:51,911 INFO     [FetchInput] Entering state
2026-04-15 15:42:51,915 INFO     [Service] /compute_grasps → success=False msg='No images received from PnP camera.'
2026-04-15 15:42:51,915 ERROR    [FetchInput] /compute_grasps service failed → exiting: failed
2026-04-15 15:42:51,917 DEBUG    [TaskSelector] Evaluating zone states: {'A': 'EMPTY', 'B': 'EMPTY'}  busy: {'A': False, 'B': False}
2026-04-15 15:42:51,917 INFO     [TaskSelector] → do_load (zone A empty)
2026-04-15 15:42:51,918 INFO     [FetchInput] Entering state
2026-04-15 15:42:51,923 INFO     [Service] /compute_grasps → success=False msg='No images received from PnP camera.'
2026-04-15 15:42:51,923 ERROR    [FetchInput] /compute_grasps service failed → exiting: failed
2026-04-15 15:42:51,925 DEBUG    [TaskSelector] Evaluating zone states: {'A': 'EMPTY', 'B': 'EMPTY'}  busy: {'A': False, 'B': False}
2026-04-15 15:42:51,926 INFO     [TaskSelector] → do_load (zone A empty)
2026-04-15 15:42:51,930 INFO     [FetchInput] Entering state
2026-04-15 15:42:51,933 INFO     [Service] /compute_grasps → success=False msg='No images received from PnP camera.'
2026-04-15 15:42:51,933 ERROR    [FetchInput] /compute_grasps service failed → exiting: failed
2026-04-15 15:42:51,934 DEBUG    [TaskSelector] Evaluating zone states: {'A': 'EMPTY', 'B': 'EMPTY'}  busy: {'A': False, 'B': False}
2026-04-15 15:42:51,934 INFO     [TaskSelector] → do_load (zone A empty)
2026-04-15 15:42:51,935 INFO     [FetchInput] Entering state
2026-04-15 15:42:51,937 INFO     [Service] /compute_grasps → success=False msg='No images received from PnP camera.'
2026-04-15 15:42:51,937 ERROR    [FetchInput] /compute_grasps service failed → exiting: failed
2026-04-15 15:42:51,938 DEBUG    [TaskSelector] Evaluating zone states: {'A': 'EMPTY', 'B': 'EMPTY'}  busy: {'A': False, 'B': False}
2026-04-15 15:42:51,938 INFO     [TaskSelector] → do_load (zone A empty)
2026-04-15 15:42:51,939 INFO     [FetchInput] Entering state
2026-04-15 15:42:51,941 INFO     [Service] /compute_grasps → success=False msg='No images received from PnP camera.'
2026-04-15 15:42:51,941 ERROR    [FetchInput] /compute_grasps service failed → exiting: failed
2026-04-15 15:42:51,942 DEBUG    [TaskSelector] Evaluating zone states: {'A': 'EMPTY', 'B': 'EMPTY'}  busy: {'A': False, 'B': False}
2026-04-15 15:42:51,942 INFO     [TaskSelector] → do_load (zone A empty)
2026-04-15 15:42:51,943 INFO     [FetchInput] Entering state
2026-04-15 15:42:51,946 INFO     [Service] /compute_grasps → success=False msg='No images received from PnP camera.'
2026-04-15 15:42:51,946 ERROR    [FetchInput] /compute_grasps service failed → exiting: failed
2026-04-15 15:42:51,947 DEBUG    [TaskSelector] Evaluating zone states: {'A': 'EMPTY', 'B': 'EMPTY'}  busy: {'A': False, 'B': False}
2026-04-15 15:42:51,947 INFO     [TaskSelector] → do_load (zone A empty)
2026-04-15 15:42:51,947 INFO     [FetchInput] Entering state
2026-04-15 15:42:51,950 INFO     [Service] /compute_grasps → success=False msg='No images received from PnP camera.'
2026-04-15 15:42:51,950 ERROR    [FetchInput] /compute_grasps service failed → exiting: failed
2026-04-15 15:42:51,951 DEBUG    [TaskSelector] Evaluating zone states: {'A': 'EMPTY', 'B': 'EMPTY'}  busy: {'A': False, 'B': False}
2026-04-15 15:42:51,951 INFO     [TaskSelector] → do_load (zone A empty)
2026-04-15 15:42:51,951 INFO     [FetchInput] Entering state
2026-04-15 15:42:51,953 INFO     [Service] /compute_grasps → success=False msg='No images received from PnP camera.'
2026-04-15 15:42:51,953 ERROR    [FetchInput] /compute_grasps service failed → exiting: failed
2026-04-15 15:42:51,954 DEBUG    [TaskSelector] Evaluating zone states: {'A': 'EMPTY', 'B': 'EMPTY'}  busy: {'A': False, 'B': False}
2026-04-15 15:42:51,954 INFO     [TaskSelector] → do_load (zone A empty)
2026-04-15 15:42:51,955 INFO     [FetchInput] Entering state
2026-04-15 15:42:51,958 INFO     [Service] /compute_grasps → success=False msg='No images received from PnP camera.'
2026-04-15 15:42:51,959 ERROR    [FetchInput] /compute_grasps service failed → exiting: failed
2026-04-15 15:42:51,960 DEBUG    [TaskSelector] Evaluating zone states: {'A': 'EMPTY', 'B': 'EMPTY'}  busy: {'A': False, 'B': False}
2026-04-15 15:42:51,961 INFO     [TaskSelector] → do_load (zone A empty)
2026-04-15 15:42:51,961 INFO     [FetchInput] Entering state
2026-04-15 15:42:51,964 INFO     [Service] /compute_grasps → success=False msg='No images received from PnP camera.'
2026-04-15 15:42:51,964 ERROR    [FetchInput] /compute_grasps service failed → exiting: failed
2026-04-15 15:42:51,965 DEBUG    [TaskSelector] Evaluating zone states: {'A': 'EMPTY', 'B': 'EMPTY'}  busy: {'A': False, 'B': False}
2026-04-15 15:42:51,965 INFO     [TaskSelector] → do_load (zone A empty)
2026-04-15 15:42:51,966 INFO     [FetchInput] Entering state
2026-04-15 15:42:51,968 INFO     [Service] /compute_grasps → success=False msg='No images received from PnP camera.'
2026-04-15 15:42:51,968 ERROR    [FetchInput] /compute_grasps service failed → exiting: failed
2026-04-15 15:42:51,969 DEBUG    [TaskSelector] Evaluating zone states: {'A': 'EMPTY', 'B': 'EMPTY'}  busy: {'A': False, 'B': False}
2026-04-15 15:42:51,969 INFO     [TaskSelector] → do_load (zone A empty)
2026-04-15 15:42:51,970 INFO     [FetchInput] Entering state
2026-04-15 15:42:51,974 INFO     [Service] /compute_grasps → success=False msg='No images received from PnP camera.'
2026-04-15 15:42:51,974 ERROR    [FetchInput] /compute_grasps service failed → exiting: failed
2026-04-15 15:42:51,976 DEBUG    [TaskSelector] Evaluating zone states: {'A': 'EMPTY', 'B': 'EMPTY'}  busy: {'A': False, 'B': False}
2026-04-15 15:42:51,977 INFO     [TaskSelector] → do_load (zone A empty)
2026-04-15 15:42:51,978 INFO     [FetchInput] Entering state
2026-04-15 15:42:51,984 INFO     [Service] /compute_grasps → success=False msg='No images received from PnP camera.'
2026-04-15 15:42:51,984 ERROR    [FetchInput] /compute_grasps service failed → exiting: failed
2026-04-15 15:42:51,986 DEBUG    [TaskSelector] Evaluating zone states: {'A': 'EMPTY', 'B': 'EMPTY'}  busy: {'A': False, 'B': False}
2026-04-15 15:42:51,986 INFO     [TaskSelector] → do_load (zone A empty)
2026-04-15 15:42:51,987 INFO     [FetchInput] Entering state
2026-04-15 15:42:51,993 INFO     [Service] /compute_grasps → success=False msg='No images received from PnP camera.'
2026-04-15 15:42:51,993 ERROR    [FetchInput] /compute_grasps service failed → exiting: failed
2026-04-15 15:42:51,997 DEBUG    [TaskSelector] Evaluating zone states: {'A': 'EMPTY', 'B': 'EMPTY'}  busy: {'A': False, 'B': False}
2026-04-15 15:42:51,997 INFO     [TaskSelector] → do_load (zone A empty)
2026-04-15 15:42:51,999 INFO     [FetchInput] Entering state
2026-04-15 15:42:52,001 INFO     [Service] /compute_grasps → success=False msg='No images received from PnP camera.'
2026-04-15 15:42:52,002 ERROR    [FetchInput] /compute_grasps service failed → exiting: failed
2026-04-15 15:42:52,002 DEBUG    [TaskSelector] Evaluating zone states: {'A': 'EMPTY', 'B': 'EMPTY'}  busy: {'A': False, 'B': False}
2026-04-15 15:42:52,002 INFO     [TaskSelector] → do_load (zone A empty)
2026-04-15 15:42:52,003 INFO     [FetchInput] Entering state
2026-04-15 15:42:52,005 INFO     [Service] /compute_grasps → success=False msg='No images received from PnP camera.'
2026-04-15 15:42:52,006 ERROR    [FetchInput] /compute_grasps service failed → exiting: failed
2026-04-15 15:42:52,007 DEBUG    [TaskSelector] Evaluating zone states: {'A': 'EMPTY', 'B': 'EMPTY'}  busy: {'A': False, 'B': False}
2026-04-15 15:42:52,007 INFO     [TaskSelector] → do_load (zone A empty)
2026-04-15 15:42:52,008 INFO     [FetchInput] Entering state
2026-04-15 15:42:52,011 INFO     [Service] /compute_grasps → success=False msg='No images received from PnP camera.'
2026-04-15 15:42:52,011 ERROR    [FetchInput] /compute_grasps service failed → exiting: failed
2026-04-15 15:42:52,012 DEBUG    [TaskSelector] Evaluating zone states: {'A': 'EMPTY', 'B': 'EMPTY'}  busy: {'A': False, 'B': False}
2026-04-15 15:42:52,012 INFO     [TaskSelector] → do_load (zone A empty)
2026-04-15 15:42:52,013 INFO     [FetchInput] Entering state
2026-04-15 15:42:52,015 INFO     [Service] /compute_grasps → success=False msg='No images received from PnP camera.'
2026-04-15 15:42:52,015 ERROR    [FetchInput] /compute_grasps service failed → exiting: failed
2026-04-15 15:42:52,016 DEBUG    [TaskSelector] Evaluating zone states: {'A': 'EMPTY', 'B': 'EMPTY'}  busy: {'A': False, 'B': False}
2026-04-15 15:42:52,016 INFO     [TaskSelector] → do_load (zone A empty)
2026-04-15 15:42:52,017 INFO     [FetchInput] Entering state
2026-04-15 15:42:52,019 INFO     [Service] /compute_grasps → success=False msg='No images received from PnP camera.'
2026-04-15 15:42:52,019 ERROR    [FetchInput] /compute_grasps service failed → exiting: failed
2026-04-15 15:42:52,020 DEBUG    [TaskSelector] Evaluating zone states: {'A': 'EMPTY', 'B': 'EMPTY'}  busy: {'A': False, 'B': False}
2026-04-15 15:42:52,020 INFO     [TaskSelector] → do_load (zone A empty)
2026-04-15 15:42:52,021 INFO     [FetchInput] Entering state
2026-04-15 15:42:52,023 INFO     [Service] /compute_grasps → success=False msg='No images received from PnP camera.'
2026-04-15 15:42:52,023 ERROR    [FetchInput] /compute_grasps service failed → exiting: failed
2026-04-15 15:42:52,024 DEBUG    [TaskSelector] Evaluating zone states: {'A': 'EMPTY', 'B': 'EMPTY'}  busy: {'A': False, 'B': False}
2026-04-15 15:42:52,024 INFO     [TaskSelector] → do_load (zone A empty)
2026-04-15 15:42:52,025 INFO     [FetchInput] Entering state
2026-04-15 15:42:52,029 INFO     [Service] /compute_grasps → success=False msg='No images received from PnP camera.'
2026-04-15 15:42:52,030 ERROR    [FetchInput] /compute_grasps service failed → exiting: failed
2026-04-15 15:42:52,031 DEBUG    [TaskSelector] Evaluating zone states: {'A': 'EMPTY', 'B': 'EMPTY'}  busy: {'A': False, 'B': False}
2026-04-15 15:42:52,031 INFO     [TaskSelector] → do_load (zone A empty)
2026-04-15 15:42:52,032 INFO     [FetchInput] Entering state
2026-04-15 15:42:52,034 INFO     [Service] /compute_grasps → success=False msg='No images received from PnP camera.'
2026-04-15 15:42:52,034 ERROR    [FetchInput] /compute_grasps service failed → exiting: failed
2026-04-15 15:42:52,035 DEBUG    [TaskSelector] Evaluating zone states: {'A': 'EMPTY', 'B': 'EMPTY'}  busy: {'A': False, 'B': False}
2026-04-15 15:42:52,035 INFO     [TaskSelector] → do_load (zone A empty)
2026-04-15 15:42:52,035 INFO     [FetchInput] Entering state
2026-04-15 15:42:52,038 INFO     [Service] /compute_grasps → success=False msg='No images received from PnP camera.'
2026-04-15 15:42:52,039 ERROR    [FetchInput] /compute_grasps service failed → exiting: failed
2026-04-15 15:42:52,040 DEBUG    [TaskSelector] Evaluating zone states: {'A': 'EMPTY', 'B': 'EMPTY'}  busy: {'A': False, 'B': False}
2026-04-15 15:42:52,040 INFO     [TaskSelector] → do_load (zone A empty)
2026-04-15 15:42:52,041 INFO     [FetchInput] Entering state
2026-04-15 15:42:52,044 INFO     [Service] /compute_grasps → success=False msg='No images received from PnP camera.'
2026-04-15 15:42:52,044 ERROR    [FetchInput] /compute_grasps service failed → exiting: failed
2026-04-15 15:42:52,046 DEBUG    [TaskSelector] Evaluating zone states: {'A': 'EMPTY', 'B': 'EMPTY'}  busy: {'A': False, 'B': False}
2026-04-15 15:42:52,046 INFO     [TaskSelector] → do_load (zone A empty)
2026-04-15 15:42:52,048 INFO     [FetchInput] Entering state
2026-04-15 15:42:52,056 INFO     [Service] /compute_grasps → success=False msg='No images received from PnP camera.'
2026-04-15 15:42:52,056 ERROR    [FetchInput] /compute_grasps service failed → exiting: failed
2026-04-15 15:42:52,061 DEBUG    [TaskSelector] Evaluating zone states: {'A': 'EMPTY', 'B': 'EMPTY'}  busy: {'A': False, 'B': False}
2026-04-15 15:42:52,061 INFO     [TaskSelector] → do_load (zone A empty)
2026-04-15 15:42:52,063 INFO     [FetchInput] Entering state
2026-04-15 15:42:52,066 INFO     [Service] /compute_grasps → success=False msg='No images received from PnP camera.'
2026-04-15 15:42:52,066 ERROR    [FetchInput] /compute_grasps service failed → exiting: failed
2026-04-15 15:42:52,067 DEBUG    [TaskSelector] Evaluating zone states: {'A': 'EMPTY', 'B': 'EMPTY'}  busy: {'A': False, 'B': False}
2026-04-15 15:42:52,067 INFO     [TaskSelector] → do_load (zone A empty)
2026-04-15 15:42:52,067 INFO     [FetchInput] Entering state
2026-04-15 15:42:52,070 INFO     [Service] /compute_grasps → success=False msg='No images received from PnP camera.'
2026-04-15 15:42:52,070 ERROR    [FetchInput] /compute_grasps service failed → exiting: failed
2026-04-15 15:42:52,071 DEBUG    [TaskSelector] Evaluating zone states: {'A': 'EMPTY', 'B': 'EMPTY'}  busy: {'A': False, 'B': False}
2026-04-15 15:42:52,071 INFO     [TaskSelector] → do_load (zone A empty)
2026-04-15 15:42:52,071 INFO     [FetchInput] Entering state
2026-04-15 15:42:52,074 INFO     [Service] /compute_grasps → success=False msg='No images received from PnP camera.'
2026-04-15 15:42:52,074 ERROR    [FetchInput] /compute_grasps service failed → exiting: failed
2026-04-15 15:42:52,077 DEBUG    [TaskSelector] Evaluating zone states: {'A': 'EMPTY', 'B': 'EMPTY'}  busy: {'A': False, 'B': False}
2026-04-15 15:42:52,077 INFO     [TaskSelector] → do_load (zone A empty)
2026-04-15 15:42:52,079 INFO     [FetchInput] Entering state
2026-04-15 15:42:52,082 INFO     [Service] /compute_grasps → success=False msg='No images received from PnP camera.'
2026-04-15 15:42:52,082 ERROR    [FetchInput] /compute_grasps service failed → exiting: failed
2026-04-15 15:42:52,083 DEBUG    [TaskSelector] Evaluating zone states: {'A': 'EMPTY', 'B': 'EMPTY'}  busy: {'A': False, 'B': False}
2026-04-15 15:42:52,083 INFO     [TaskSelector] → do_load (zone A empty)
2026-04-15 15:42:52,084 INFO     [FetchInput] Entering state
2026-04-15 15:42:52,086 INFO     [Service] /compute_grasps → success=False msg='No images received from PnP camera.'
2026-04-15 15:42:52,086 ERROR    [FetchInput] /compute_grasps service failed → exiting: failed
2026-04-15 15:42:52,087 DEBUG    [TaskSelector] Evaluating zone states: {'A': 'EMPTY', 'B': 'EMPTY'}  busy: {'A': False, 'B': False}
2026-04-15 15:42:52,087 INFO     [TaskSelector] → do_load (zone A empty)
2026-04-15 15:42:52,088 INFO     [FetchInput] Entering state
2026-04-15 15:42:52,091 INFO     [Service] /compute_grasps → success=False msg='No images received from PnP camera.'
2026-04-15 15:42:52,091 ERROR    [FetchInput] /compute_grasps service failed → exiting: failed
2026-04-15 15:42:52,093 DEBUG    [TaskSelector] Evaluating zone states: {'A': 'EMPTY', 'B': 'EMPTY'}  busy: {'A': False, 'B': False}
2026-04-15 15:42:52,093 INFO     [TaskSelector] → do_load (zone A empty)
2026-04-15 15:42:52,095 INFO     [FetchInput] Entering state
2026-04-15 15:42:52,098 INFO     [Service] /compute_grasps → success=False msg='No images received from PnP camera.'
2026-04-15 15:42:52,098 ERROR    [FetchInput] /compute_grasps service failed → exiting: failed
2026-04-15 15:42:52,099 DEBUG    [TaskSelector] Evaluating zone states: {'A': 'EMPTY', 'B': 'EMPTY'}  busy: {'A': False, 'B': False}
2026-04-15 15:42:52,099 INFO     [TaskSelector] → do_load (zone A empty)
2026-04-15 15:42:52,099 INFO     [FetchInput] Entering state
2026-04-15 15:42:52,101 INFO     [Service] /compute_grasps → success=False msg='No images received from PnP camera.'
2026-04-15 15:42:52,102 ERROR    [FetchInput] /compute_grasps service failed → exiting: failed
2026-04-15 15:42:52,102 DEBUG    [TaskSelector] Evaluating zone states: {'A': 'EMPTY', 'B': 'EMPTY'}  busy: {'A': False, 'B': False}
2026-04-15 15:42:52,102 INFO     [TaskSelector] → do_load (zone A empty)
2026-04-15 15:42:52,103 INFO     [FetchInput] Entering state
2026-04-15 15:42:52,107 INFO     [Service] /compute_grasps → success=False msg='No images received from PnP camera.'
2026-04-15 15:42:52,107 ERROR    [FetchInput] /compute_grasps service failed → exiting: failed
2026-04-15 15:42:52,109 DEBUG    [TaskSelector] Evaluating zone states: {'A': 'EMPTY', 'B': 'EMPTY'}  busy: {'A': False, 'B': False}
2026-04-15 15:42:52,110 INFO     [TaskSelector] → do_load (zone A empty)
2026-04-15 15:42:52,111 INFO     [FetchInput] Entering state
2026-04-15 15:42:52,115 INFO     [Service] /compute_grasps → success=False msg='No images received from PnP camera.'
2026-04-15 15:42:52,115 ERROR    [FetchInput] /compute_grasps service failed → exiting: failed
2026-04-15 15:42:52,117 DEBUG    [TaskSelector] Evaluating zone states: {'A': 'EMPTY', 'B': 'EMPTY'}  busy: {'A': False, 'B': False}
2026-04-15 15:42:52,118 INFO     [TaskSelector] → do_load (zone A empty)
2026-04-15 15:42:52,119 INFO     [FetchInput] Entering state
2026-04-15 15:42:52,123 INFO     [Service] /compute_grasps → success=False msg='No images received from PnP camera.'
2026-04-15 15:42:52,123 ERROR    [FetchInput] /compute_grasps service failed → exiting: failed
2026-04-15 15:42:52,124 DEBUG    [TaskSelector] Evaluating zone states: {'A': 'EMPTY', 'B': 'EMPTY'}  busy: {'A': False, 'B': False}
2026-04-15 15:42:52,124 INFO     [TaskSelector] → do_load (zone A empty)
2026-04-15 15:42:52,128 INFO     [FetchInput] Entering state
2026-04-15 15:42:52,135 INFO     [Service] /compute_grasps → success=False msg='No images received from PnP camera.'
2026-04-15 15:42:52,135 ERROR    [FetchInput] /compute_grasps service failed → exiting: failed
2026-04-15 15:42:52,136 DEBUG    [TaskSelector] Evaluating zone states: {'A': 'EMPTY', 'B': 'EMPTY'}  busy: {'A': False, 'B': False}
2026-04-15 15:42:52,136 INFO     [TaskSelector] → do_load (zone A empty)
2026-04-15 15:42:52,136 INFO     [FetchInput] Entering state
2026-04-15 15:42:52,139 INFO     [Service] /compute_grasps → success=False msg='No images received from PnP camera.'
2026-04-15 15:42:52,139 ERROR    [FetchInput] /compute_grasps service failed → exiting: failed
2026-04-15 15:42:52,140 DEBUG    [TaskSelector] Evaluating zone states: {'A': 'EMPTY', 'B': 'EMPTY'}  busy: {'A': False, 'B': False}
2026-04-15 15:42:52,140 INFO     [TaskSelector] → do_load (zone A empty)
2026-04-15 15:42:52,141 INFO     [FetchInput] Entering state
2026-04-15 15:42:52,143 INFO     [Service] /compute_grasps → success=False msg='No images received from PnP camera.'
2026-04-15 15:42:52,143 ERROR    [FetchInput] /compute_grasps service failed → exiting: failed
2026-04-15 15:42:52,144 DEBUG    [TaskSelector] Evaluating zone states: {'A': 'EMPTY', 'B': 'EMPTY'}  busy: {'A': False, 'B': False}
2026-04-15 15:42:52,144 INFO     [TaskSelector] → do_load (zone A empty)
2026-04-15 15:42:52,145 INFO     [FetchInput] Entering state
2026-04-15 15:42:52,147 INFO     [Service] /compute_grasps → success=False msg='No images received from PnP camera.'
2026-04-15 15:42:52,147 ERROR    [FetchInput] /compute_grasps service failed → exiting: failed
2026-04-15 15:42:52,148 DEBUG    [TaskSelector] Evaluating zone states: {'A': 'EMPTY', 'B': 'EMPTY'}  busy: {'A': False, 'B': False}
2026-04-15 15:42:52,148 INFO     [TaskSelector] → do_load (zone A empty)
2026-04-15 15:42:52,149 INFO     [FetchInput] Entering state
2026-04-15 15:42:52,151 INFO     [Service] /compute_grasps → success=False msg='No images received from PnP camera.'
2026-04-15 15:42:52,151 ERROR    [FetchInput] /compute_grasps service failed → exiting: failed
2026-04-15 15:42:52,152 DEBUG    [TaskSelector] Evaluating zone states: {'A': 'EMPTY', 'B': 'EMPTY'}  busy: {'A': False, 'B': False}
2026-04-15 15:42:52,152 INFO     [TaskSelector] → do_load (zone A empty)
2026-04-15 15:42:52,153 INFO     [FetchInput] Entering state
2026-04-15 15:42:52,155 INFO     [Service] /compute_grasps → success=False msg='No images received from PnP camera.'
2026-04-15 15:42:52,155 ERROR    [FetchInput] /compute_grasps service failed → exiting: failed
2026-04-15 15:42:52,156 DEBUG    [TaskSelector] Evaluating zone states: {'A': 'EMPTY', 'B': 'EMPTY'}  busy: {'A': False, 'B': False}
2026-04-15 15:42:52,156 INFO     [TaskSelector] → do_load (zone A empty)
2026-04-15 15:42:52,157 INFO     [FetchInput] Entering state
2026-04-15 15:42:52,161 INFO     [Service] /compute_grasps → success=False msg='No images received from PnP camera.'
2026-04-15 15:42:52,161 ERROR    [FetchInput] /compute_grasps service failed → exiting: failed
2026-04-15 15:42:52,161 DEBUG    [TaskSelector] Evaluating zone states: {'A': 'EMPTY', 'B': 'EMPTY'}  busy: {'A': False, 'B': False}
2026-04-15 15:42:52,161 INFO     [TaskSelector] → do_load (zone A empty)
2026-04-15 15:42:52,162 INFO     [FetchInput] Entering state
2026-04-15 15:42:52,165 INFO     [Service] /compute_grasps → success=False msg='No images received from PnP camera.'
2026-04-15 15:42:52,165 ERROR    [FetchInput] /compute_grasps service failed → exiting: failed
2026-04-15 15:42:52,165 DEBUG    [TaskSelector] Evaluating zone states: {'A': 'EMPTY', 'B': 'EMPTY'}  busy: {'A': False, 'B': False}
2026-04-15 15:42:52,166 INFO     [TaskSelector] → do_load (zone A empty)
2026-04-15 15:42:52,166 INFO     [FetchInput] Entering state
2026-04-15 15:42:52,169 INFO     [Service] /compute_grasps → success=False msg='No images received from PnP camera.'
2026-04-15 15:42:52,169 ERROR    [FetchInput] /compute_grasps service failed → exiting: failed
2026-04-15 15:42:52,169 DEBUG    [TaskSelector] Evaluating zone states: {'A': 'EMPTY', 'B': 'EMPTY'}  busy: {'A': False, 'B': False}
2026-04-15 15:42:52,169 INFO     [TaskSelector] → do_load (zone A empty)
2026-04-15 15:42:52,170 INFO     [FetchInput] Entering state
2026-04-15 15:42:52,174 INFO     [Service] /compute_grasps → success=False msg='No images received from PnP camera.'
2026-04-15 15:42:52,174 ERROR    [FetchInput] /compute_grasps service failed → exiting: failed
2026-04-15 15:42:52,175 DEBUG    [TaskSelector] Evaluating zone states: {'A': 'EMPTY', 'B': 'EMPTY'}  busy: {'A': False, 'B': False}
2026-04-15 15:42:52,175 INFO     [TaskSelector] → do_load (zone A empty)
2026-04-15 15:42:52,178 INFO     [FetchInput] Entering state
2026-04-15 15:42:52,182 INFO     [Service] /compute_grasps → success=False msg='No images received from PnP camera.'
2026-04-15 15:42:52,184 ERROR    [FetchInput] /compute_grasps service failed → exiting: failed
2026-04-15 15:42:52,186 DEBUG    [TaskSelector] Evaluating zone states: {'A': 'EMPTY', 'B': 'EMPTY'}  busy: {'A': False, 'B': False}
2026-04-15 15:42:52,187 INFO     [TaskSelector] → do_load (zone A empty)
2026-04-15 15:42:52,188 INFO     [FetchInput] Entering state
2026-04-15 15:42:52,192 INFO     [Service] /compute_grasps → success=False msg='No images received from PnP camera.'
2026-04-15 15:42:52,192 ERROR    [FetchInput] /compute_grasps service failed → exiting: failed
2026-04-15 15:42:52,194 DEBUG    [TaskSelector] Evaluating zone states: {'A': 'EMPTY', 'B': 'EMPTY'}  busy: {'A': False, 'B': False}
2026-04-15 15:42:52,195 INFO     [TaskSelector] → do_load (zone A empty)
2026-04-15 15:42:52,198 INFO     [FetchInput] Entering state
2026-04-15 15:42:52,202 INFO     [Service] /compute_grasps → success=False msg='No images received from PnP camera.'
2026-04-15 15:42:52,202 ERROR    [FetchInput] /compute_grasps service failed → exiting: failed
2026-04-15 15:42:52,203 DEBUG    [TaskSelector] Evaluating zone states: {'A': 'EMPTY', 'B': 'EMPTY'}  busy: {'A': False, 'B': False}
2026-04-15 15:42:52,203 INFO     [TaskSelector] → do_load (zone A empty)
2026-04-15 15:42:52,204 INFO     [FetchInput] Entering state
2026-04-15 15:42:52,207 INFO     [Service] /compute_grasps → success=False msg='No images received from PnP camera.'
2026-04-15 15:42:52,207 ERROR    [FetchInput] /compute_grasps service failed → exiting: failed
2026-04-15 15:42:52,208 DEBUG    [TaskSelector] Evaluating zone states: {'A': 'EMPTY', 'B': 'EMPTY'}  busy: {'A': False, 'B': False}
2026-04-15 15:42:52,209 INFO     [TaskSelector] → do_load (zone A empty)
2026-04-15 15:42:52,209 INFO     [FetchInput] Entering state
2026-04-15 15:42:52,212 INFO     [Service] /compute_grasps → success=False msg='No images received from PnP camera.'
2026-04-15 15:42:52,213 ERROR    [FetchInput] /compute_grasps service failed → exiting: failed
2026-04-15 15:42:52,213 DEBUG    [TaskSelector] Evaluating zone states: {'A': 'EMPTY', 'B': 'EMPTY'}  busy: {'A': False, 'B': False}
2026-04-15 15:42:52,214 INFO     [TaskSelector] → do_load (zone A empty)
2026-04-15 15:42:52,214 INFO     [FetchInput] Entering state
2026-04-15 15:42:52,216 INFO     [Service] /compute_grasps → success=False msg='No images received from PnP camera.'
2026-04-15 15:42:52,217 ERROR    [FetchInput] /compute_grasps service failed → exiting: failed
2026-04-15 15:42:52,217 DEBUG    [TaskSelector] Evaluating zone states: {'A': 'EMPTY', 'B': 'EMPTY'}  busy: {'A': False, 'B': False}
2026-04-15 15:42:52,217 INFO     [TaskSelector] → do_load (zone A empty)
2026-04-15 15:42:52,218 INFO     [FetchInput] Entering state
2026-04-15 15:42:52,220 INFO     [Service] /compute_grasps → success=False msg='No images received from PnP camera.'
2026-04-15 15:42:52,220 ERROR    [FetchInput] /compute_grasps service failed → exiting: failed
2026-04-15 15:42:52,221 DEBUG    [TaskSelector] Evaluating zone states: {'A': 'EMPTY', 'B': 'EMPTY'}  busy: {'A': False, 'B': False}
2026-04-15 15:42:52,221 INFO     [TaskSelector] → do_load (zone A empty)
2026-04-15 15:42:52,222 INFO     [FetchInput] Entering state
2026-04-15 15:42:52,224 INFO     [Service] /compute_grasps → success=False msg='No images received from PnP camera.'
2026-04-15 15:42:52,225 ERROR    [FetchInput] /compute_grasps service failed → exiting: failed
2026-04-15 15:42:52,226 DEBUG    [TaskSelector] Evaluating zone states: {'A': 'EMPTY', 'B': 'EMPTY'}  busy: {'A': False, 'B': False}
2026-04-15 15:42:52,227 INFO     [TaskSelector] → do_load (zone A empty)
2026-04-15 15:42:52,228 INFO     [FetchInput] Entering state
2026-04-15 15:42:52,231 INFO     [Service] /compute_grasps → success=False msg='No images received from PnP camera.'
2026-04-15 15:42:52,231 ERROR    [FetchInput] /compute_grasps service failed → exiting: failed
2026-04-15 15:42:52,232 DEBUG    [TaskSelector] Evaluating zone states: {'A': 'EMPTY', 'B': 'EMPTY'}  busy: {'A': False, 'B': False}
2026-04-15 15:42:52,232 INFO     [TaskSelector] → do_load (zone A empty)
2026-04-15 15:42:52,233 INFO     [FetchInput] Entering state
2026-04-15 15:42:52,236 INFO     [Service] /compute_grasps → success=False msg='No images received from PnP camera.'
2026-04-15 15:42:52,236 ERROR    [FetchInput] /compute_grasps service failed → exiting: failed
2026-04-15 15:42:52,236 DEBUG    [TaskSelector] Evaluating zone states: {'A': 'EMPTY', 'B': 'EMPTY'}  busy: {'A': False, 'B': False}
2026-04-15 15:42:52,237 INFO     [TaskSelector] → do_load (zone A empty)
2026-04-15 15:42:52,237 INFO     [FetchInput] Entering state
2026-04-15 15:42:52,241 INFO     [Service] /compute_grasps → success=False msg='No images received from PnP camera.'
2026-04-15 15:42:52,241 ERROR    [FetchInput] /compute_grasps service failed → exiting: failed
2026-04-15 15:42:52,242 DEBUG    [TaskSelector] Evaluating zone states: {'A': 'EMPTY', 'B': 'EMPTY'}  busy: {'A': False, 'B': False}
2026-04-15 15:42:52,242 INFO     [TaskSelector] → do_load (zone A empty)
2026-04-15 15:42:52,244 INFO     [FetchInput] Entering state
2026-04-15 15:42:52,247 INFO     [Service] /compute_grasps → success=False msg='No images received from PnP camera.'
2026-04-15 15:42:52,247 ERROR    [FetchInput] /compute_grasps service failed → exiting: failed
2026-04-15 15:42:52,249 DEBUG    [TaskSelector] Evaluating zone states: {'A': 'EMPTY', 'B': 'EMPTY'}  busy: {'A': False, 'B': False}
2026-04-15 15:42:52,249 INFO     [TaskSelector] → do_load (zone A empty)
2026-04-15 15:42:52,250 INFO     [FetchInput] Entering state
2026-04-15 15:42:52,255 INFO     [Service] /compute_grasps → success=False msg='No images received from PnP camera.'
2026-04-15 15:42:52,255 ERROR    [FetchInput] /compute_grasps service failed → exiting: failed
2026-04-15 15:42:52,258 DEBUG    [TaskSelector] Evaluating zone states: {'A': 'EMPTY', 'B': 'EMPTY'}  busy: {'A': False, 'B': False}
2026-04-15 15:42:52,258 INFO     [TaskSelector] → do_load (zone A empty)
2026-04-15 15:42:52,261 INFO     [FetchInput] Entering state
2026-04-15 15:42:52,265 INFO     [Service] /compute_grasps → success=False msg='No images received from PnP camera.'
2026-04-15 15:42:52,265 ERROR    [FetchInput] /compute_grasps service failed → exiting: failed
2026-04-15 15:42:52,266 DEBUG    [TaskSelector] Evaluating zone states: {'A': 'EMPTY', 'B': 'EMPTY'}  busy: {'A': False, 'B': False}
2026-04-15 15:42:52,266 INFO     [TaskSelector] → do_load (zone A empty)
2026-04-15 15:42:52,267 INFO     [FetchInput] Entering state
2026-04-15 15:42:52,269 INFO     [Service] /compute_grasps → success=False msg='No images received from PnP camera.'
2026-04-15 15:42:52,269 ERROR    [FetchInput] /compute_grasps service failed → exiting: failed
2026-04-15 15:42:52,270 DEBUG    [TaskSelector] Evaluating zone states: {'A': 'EMPTY', 'B': 'EMPTY'}  busy: {'A': False, 'B': False}
2026-04-15 15:42:52,270 INFO     [TaskSelector] → do_load (zone A empty)
2026-04-15 15:42:52,270 INFO     [FetchInput] Entering state
2026-04-15 15:42:52,273 INFO     [Service] /compute_grasps → success=False msg='No images received from PnP camera.'
2026-04-15 15:42:52,273 ERROR    [FetchInput] /compute_grasps service failed → exiting: failed
2026-04-15 15:42:52,273 DEBUG    [TaskSelector] Evaluating zone states: {'A': 'EMPTY', 'B': 'EMPTY'}  busy: {'A': False, 'B': False}
2026-04-15 15:42:52,274 INFO     [TaskSelector] → do_load (zone A empty)
2026-04-15 15:42:52,274 INFO     [FetchInput] Entering state
2026-04-15 15:42:52,278 INFO     [Service] /compute_grasps → success=False msg='No images received from PnP camera.'
2026-04-15 15:42:52,278 ERROR    [FetchInput] /compute_grasps service failed → exiting: failed
2026-04-15 15:42:52,278 DEBUG    [TaskSelector] Evaluating zone states: {'A': 'EMPTY', 'B': 'EMPTY'}  busy: {'A': False, 'B': False}
2026-04-15 15:42:52,279 INFO     [TaskSelector] → do_load (zone A empty)
2026-04-15 15:42:52,280 INFO     [FetchInput] Entering state
2026-04-15 15:42:52,282 INFO     [Service] /compute_grasps → success=False msg='No images received from PnP camera.'
2026-04-15 15:42:52,282 ERROR    [FetchInput] /compute_grasps service failed → exiting: failed
2026-04-15 15:42:52,283 DEBUG    [TaskSelector] Evaluating zone states: {'A': 'EMPTY', 'B': 'EMPTY'}  busy: {'A': False, 'B': False}
2026-04-15 15:42:52,283 INFO     [TaskSelector] → do_load (zone A empty)
2026-04-15 15:42:52,283 INFO     [FetchInput] Entering state
2026-04-15 15:42:52,286 INFO     [Service] /compute_grasps → success=False msg='No images received from PnP camera.'
2026-04-15 15:42:52,286 ERROR    [FetchInput] /compute_grasps service failed → exiting: failed
2026-04-15 15:42:52,287 DEBUG    [TaskSelector] Evaluating zone states: {'A': 'EMPTY', 'B': 'EMPTY'}  busy: {'A': False, 'B': False}
2026-04-15 15:42:52,287 INFO     [TaskSelector] → do_load (zone A empty)
2026-04-15 15:42:52,288 INFO     [FetchInput] Entering state
2026-04-15 15:42:52,290 INFO     [Service] /compute_grasps → success=False msg='No images received from PnP camera.'
2026-04-15 15:42:52,290 ERROR    [FetchInput] /compute_grasps service failed → exiting: failed
2026-04-15 15:42:52,291 DEBUG    [TaskSelector] Evaluating zone states: {'A': 'EMPTY', 'B': 'EMPTY'}  busy: {'A': False, 'B': False}
2026-04-15 15:42:52,291 INFO     [TaskSelector] → do_load (zone A empty)
2026-04-15 15:42:52,292 INFO     [FetchInput] Entering state
2026-04-15 15:42:52,295 INFO     [Service] /compute_grasps → success=False msg='No images received from PnP camera.'
2026-04-15 15:42:52,296 ERROR    [FetchInput] /compute_grasps service failed → exiting: failed
2026-04-15 15:42:52,297 DEBUG    [TaskSelector] Evaluating zone states: {'A': 'EMPTY', 'B': 'EMPTY'}  busy: {'A': False, 'B': False}
2026-04-15 15:42:52,297 INFO     [TaskSelector] → do_load (zone A empty)
2026-04-15 15:42:52,298 INFO     [FetchInput] Entering state
2026-04-15 15:42:52,300 INFO     [Service] /compute_grasps → success=False msg='No images received from PnP camera.'
2026-04-15 15:42:52,300 ERROR    [FetchInput] /compute_grasps service failed → exiting: failed
2026-04-15 15:42:52,301 DEBUG    [TaskSelector] Evaluating zone states: {'A': 'EMPTY', 'B': 'EMPTY'}  busy: {'A': False, 'B': False}
2026-04-15 15:42:52,301 INFO     [TaskSelector] → do_load (zone A empty)
2026-04-15 15:42:52,302 INFO     [FetchInput] Entering state
2026-04-15 15:42:52,305 INFO     [Service] /compute_grasps → success=False msg='No images received from PnP camera.'
2026-04-15 15:42:52,305 ERROR    [FetchInput] /compute_grasps service failed → exiting: failed
2026-04-15 15:42:52,306 DEBUG    [TaskSelector] Evaluating zone states: {'A': 'EMPTY', 'B': 'EMPTY'}  busy: {'A': False, 'B': False}
2026-04-15 15:42:52,306 INFO     [TaskSelector] → do_load (zone A empty)
2026-04-15 15:42:52,307 INFO     [FetchInput] Entering state
2026-04-15 15:42:52,312 INFO     [Service] /compute_grasps → success=False msg='No images received from PnP camera.'
2026-04-15 15:42:52,313 ERROR    [FetchInput] /compute_grasps service failed → exiting: failed
2026-04-15 15:42:52,314 DEBUG    [TaskSelector] Evaluating zone states: {'A': 'EMPTY', 'B': 'EMPTY'}  busy: {'A': False, 'B': False}
2026-04-15 15:42:52,314 INFO     [TaskSelector] → do_load (zone A empty)
2026-04-15 15:42:52,315 INFO     [FetchInput] Entering state
2026-04-15 15:42:52,318 INFO     [Service] /compute_grasps → success=False msg='No images received from PnP camera.'
2026-04-15 15:42:52,319 ERROR    [FetchInput] /compute_grasps service failed → exiting: failed
2026-04-15 15:42:52,320 DEBUG    [TaskSelector] Evaluating zone states: {'A': 'EMPTY', 'B': 'EMPTY'}  busy: {'A': False, 'B': False}
2026-04-15 15:42:52,320 INFO     [TaskSelector] → do_load (zone A empty)
2026-04-15 15:42:52,321 INFO     [FetchInput] Entering state
2026-04-15 15:42:52,327 INFO     [Service] /compute_grasps → success=False msg='No images received from PnP camera.'
2026-04-15 15:42:52,327 ERROR    [FetchInput] /compute_grasps service failed → exiting: failed
2026-04-15 15:42:52,332 DEBUG    [TaskSelector] Evaluating zone states: {'A': 'EMPTY', 'B': 'EMPTY'}  busy: {'A': False, 'B': False}
2026-04-15 15:42:52,333 INFO     [TaskSelector] → do_load (zone A empty)
2026-04-15 15:42:52,335 INFO     [FetchInput] Entering state
2026-04-15 15:42:52,338 INFO     [Service] /compute_grasps → success=False msg='No images received from PnP camera.'
2026-04-15 15:42:52,338 ERROR    [FetchInput] /compute_grasps service failed → exiting: failed
2026-04-15 15:42:52,339 DEBUG    [TaskSelector] Evaluating zone states: {'A': 'EMPTY', 'B': 'EMPTY'}  busy: {'A': False, 'B': False}
2026-04-15 15:42:52,339 INFO     [TaskSelector] → do_load (zone A empty)
2026-04-15 15:42:52,339 INFO     [FetchInput] Entering state
2026-04-15 15:42:52,341 INFO     [Service] /compute_grasps → success=False msg='No images received from PnP camera.'
2026-04-15 15:42:52,342 ERROR    [FetchInput] /compute_grasps service failed → exiting: failed
2026-04-15 15:42:52,342 DEBUG    [TaskSelector] Evaluating zone states: {'A': 'EMPTY', 'B': 'EMPTY'}  busy: {'A': False, 'B': False}
2026-04-15 15:42:52,342 INFO     [TaskSelector] → do_load (zone A empty)
2026-04-15 15:42:52,343 INFO     [FetchInput] Entering state
2026-04-15 15:42:52,346 INFO     [Service] /compute_grasps → success=False msg='No images received from PnP camera.'
2026-04-15 15:42:52,346 ERROR    [FetchInput] /compute_grasps service failed → exiting: failed
2026-04-15 15:42:52,346 DEBUG    [TaskSelector] Evaluating zone states: {'A': 'EMPTY', 'B': 'EMPTY'}  busy: {'A': False, 'B': False}
2026-04-15 15:42:52,347 INFO     [TaskSelector] → do_load (zone A empty)
2026-04-15 15:42:52,347 INFO     [FetchInput] Entering state
2026-04-15 15:42:52,350 INFO     [Service] /compute_grasps → success=False msg='No images received from PnP camera.'
2026-04-15 15:42:52,350 ERROR    [FetchInput] /compute_grasps service failed → exiting: failed
2026-04-15 15:42:52,350 DEBUG    [TaskSelector] Evaluating zone states: {'A': 'EMPTY', 'B': 'EMPTY'}  busy: {'A': False, 'B': False}
2026-04-15 15:42:52,350 INFO     [TaskSelector] → do_load (zone A empty)
2026-04-15 15:42:52,351 INFO     [FetchInput] Entering state
2026-04-15 15:42:52,353 INFO     [Service] /compute_grasps → success=False msg='No images received from PnP camera.'
2026-04-15 15:42:52,353 ERROR    [FetchInput] /compute_grasps service failed → exiting: failed
2026-04-15 15:42:52,354 DEBUG    [TaskSelector] Evaluating zone states: {'A': 'EMPTY', 'B': 'EMPTY'}  busy: {'A': False, 'B': False}
2026-04-15 15:42:52,354 INFO     [TaskSelector] → do_load (zone A empty)
2026-04-15 15:42:52,355 INFO     [FetchInput] Entering state
2026-04-15 15:42:52,358 INFO     [Service] /compute_grasps → success=False msg='No images received from PnP camera.'
2026-04-15 15:42:52,358 ERROR    [FetchInput] /compute_grasps service failed → exiting: failed
2026-04-15 15:42:52,359 DEBUG    [TaskSelector] Evaluating zone states: {'A': 'EMPTY', 'B': 'EMPTY'}  busy: {'A': False, 'B': False}
2026-04-15 15:42:52,359 INFO     [TaskSelector] → do_load (zone A empty)
2026-04-15 15:42:52,360 INFO     [FetchInput] Entering state
2026-04-15 15:42:52,363 INFO     [Service] /compute_grasps → success=False msg='No images received from PnP camera.'
2026-04-15 15:42:52,363 ERROR    [FetchInput] /compute_grasps service failed → exiting: failed
2026-04-15 15:42:52,363 DEBUG    [TaskSelector] Evaluating zone states: {'A': 'EMPTY', 'B': 'EMPTY'}  busy: {'A': False, 'B': False}
2026-04-15 15:42:52,364 INFO     [TaskSelector] → do_load (zone A empty)
2026-04-15 15:42:52,364 INFO     [FetchInput] Entering state
2026-04-15 15:42:52,367 INFO     [Service] /compute_grasps → success=False msg='No images received from PnP camera.'
2026-04-15 15:42:52,367 ERROR    [FetchInput] /compute_grasps service failed → exiting: failed
2026-04-15 15:42:52,367 DEBUG    [TaskSelector] Evaluating zone states: {'A': 'EMPTY', 'B': 'EMPTY'}  busy: {'A': False, 'B': False}
2026-04-15 15:42:52,368 INFO     [TaskSelector] → do_load (zone A empty)
2026-04-15 15:42:52,368 INFO     [FetchInput] Entering state
2026-04-15 15:42:52,371 INFO     [Service] /compute_grasps → success=False msg='No images received from PnP camera.'
2026-04-15 15:42:52,371 ERROR    [FetchInput] /compute_grasps service failed → exiting: failed
2026-04-15 15:42:52,371 DEBUG    [TaskSelector] Evaluating zone states: {'A': 'EMPTY', 'B': 'EMPTY'}  busy: {'A': False, 'B': False}
2026-04-15 15:42:52,372 INFO     [TaskSelector] → do_load (zone A empty)
2026-04-15 15:42:52,372 INFO     [FetchInput] Entering state
2026-04-15 15:42:52,378 INFO     [Service] /compute_grasps → success=False msg='No images received from PnP camera.'
2026-04-15 15:42:52,378 ERROR    [FetchInput] /compute_grasps service failed → exiting: failed
2026-04-15 15:42:52,380 DEBUG    [TaskSelector] Evaluating zone states: {'A': 'EMPTY', 'B': 'EMPTY'}  busy: {'A': False, 'B': False}
2026-04-15 15:42:52,380 INFO     [TaskSelector] → do_load (zone A empty)
2026-04-15 15:42:52,381 INFO     [FetchInput] Entering state
2026-04-15 15:42:52,385 INFO     [Service] /compute_grasps → success=False msg='No images received from PnP camera.'
2026-04-15 15:42:52,385 ERROR    [FetchInput] /compute_grasps service failed → exiting: failed
2026-04-15 15:42:52,387 DEBUG    [TaskSelector] Evaluating zone states: {'A': 'EMPTY', 'B': 'EMPTY'}  busy: {'A': False, 'B': False}
2026-04-15 15:42:52,387 INFO     [TaskSelector] → do_load (zone A empty)
2026-04-15 15:42:52,388 INFO     [FetchInput] Entering state
2026-04-15 15:42:52,393 INFO     [Service] /compute_grasps → success=False msg='No images received from PnP camera.'
2026-04-15 15:42:52,394 ERROR    [FetchInput] /compute_grasps service failed → exiting: failed
2026-04-15 15:42:52,399 DEBUG    [TaskSelector] Evaluating zone states: {'A': 'EMPTY', 'B': 'EMPTY'}  busy: {'A': False, 'B': False}
2026-04-15 15:42:52,399 INFO     [TaskSelector] → do_load (zone A empty)
2026-04-15 15:42:52,400 INFO     [FetchInput] Entering state
2026-04-15 15:42:52,403 INFO     [Service] /compute_grasps → success=False msg='No images received from PnP camera.'
2026-04-15 15:42:52,404 ERROR    [FetchInput] /compute_grasps service failed → exiting: failed
2026-04-15 15:42:52,405 DEBUG    [TaskSelector] Evaluating zone states: {'A': 'EMPTY', 'B': 'EMPTY'}  busy: {'A': False, 'B': False}
2026-04-15 15:42:52,405 INFO     [TaskSelector] → do_load (zone A empty)
2026-04-15 15:42:52,405 INFO     [FetchInput] Entering state
2026-04-15 15:42:52,408 INFO     [Service] /compute_grasps → success=False msg='No images received from PnP camera.'
2026-04-15 15:42:52,409 ERROR    [FetchInput] /compute_grasps service failed → exiting: failed
2026-04-15 15:42:52,410 DEBUG    [TaskSelector] Evaluating zone states: {'A': 'EMPTY', 'B': 'EMPTY'}  busy: {'A': False, 'B': False}
2026-04-15 15:42:52,410 INFO     [TaskSelector] → do_load (zone A empty)
2026-04-15 15:42:52,410 INFO     [FetchInput] Entering state
2026-04-15 15:42:52,413 INFO     [Service] /compute_grasps → success=False msg='No images received from PnP camera.'
2026-04-15 15:42:52,413 ERROR    [FetchInput] /compute_grasps service failed → exiting: failed
2026-04-15 15:42:52,414 DEBUG    [TaskSelector] Evaluating zone states: {'A': 'EMPTY', 'B': 'EMPTY'}  busy: {'A': False, 'B': False}
2026-04-15 15:42:52,414 INFO     [TaskSelector] → do_load (zone A empty)
2026-04-15 15:42:52,415 INFO     [FetchInput] Entering state
2026-04-15 15:42:52,417 INFO     [Service] /compute_grasps → success=False msg='No images received from PnP camera.'
2026-04-15 15:42:52,417 ERROR    [FetchInput] /compute_grasps service failed → exiting: failed
2026-04-15 15:42:52,418 DEBUG    [TaskSelector] Evaluating zone states: {'A': 'EMPTY', 'B': 'EMPTY'}  busy: {'A': False, 'B': False}
2026-04-15 15:42:52,418 INFO     [TaskSelector] → do_load (zone A empty)
2026-04-15 15:42:52,419 INFO     [FetchInput] Entering state
2026-04-15 15:42:52,421 INFO     [Service] /compute_grasps → success=False msg='No images received from PnP camera.'
2026-04-15 15:42:52,421 ERROR    [FetchInput] /compute_grasps service failed → exiting: failed
2026-04-15 15:42:52,422 DEBUG    [TaskSelector] Evaluating zone states: {'A': 'EMPTY', 'B': 'EMPTY'}  busy: {'A': False, 'B': False}
2026-04-15 15:42:52,422 INFO     [TaskSelector] → do_load (zone A empty)
2026-04-15 15:42:52,422 INFO     [FetchInput] Entering state
2026-04-15 15:42:52,425 INFO     [Service] /compute_grasps → success=False msg='No images received from PnP camera.'
2026-04-15 15:42:52,425 ERROR    [FetchInput] /compute_grasps service failed → exiting: failed
2026-04-15 15:42:52,427 DEBUG    [TaskSelector] Evaluating zone states: {'A': 'EMPTY', 'B': 'EMPTY'}  busy: {'A': False, 'B': False}
2026-04-15 15:42:52,427 INFO     [TaskSelector] → do_load (zone A empty)
2026-04-15 15:42:52,429 INFO     [FetchInput] Entering state
2026-04-15 15:42:52,432 INFO     [Service] /compute_grasps → success=False msg='No images received from PnP camera.'
2026-04-15 15:42:52,432 ERROR    [FetchInput] /compute_grasps service failed → exiting: failed
2026-04-15 15:42:52,433 DEBUG    [TaskSelector] Evaluating zone states: {'A': 'EMPTY', 'B': 'EMPTY'}  busy: {'A': False, 'B': False}
2026-04-15 15:42:52,433 INFO     [TaskSelector] → do_load (zone A empty)
2026-04-15 15:42:52,434 INFO     [FetchInput] Entering state
2026-04-15 15:42:52,437 INFO     [Service] /compute_grasps → success=False msg='No images received from PnP camera.'
2026-04-15 15:42:52,437 ERROR    [FetchInput] /compute_grasps service failed → exiting: failed
2026-04-15 15:42:52,438 DEBUG    [TaskSelector] Evaluating zone states: {'A': 'EMPTY', 'B': 'EMPTY'}  busy: {'A': False, 'B': False}
2026-04-15 15:42:52,438 INFO     [TaskSelector] → do_load (zone A empty)
2026-04-15 15:42:52,438 INFO     [FetchInput] Entering state
2026-04-15 15:42:52,442 INFO     [Service] /compute_grasps → success=False msg='No images received from PnP camera.'
2026-04-15 15:42:52,442 ERROR    [FetchInput] /compute_grasps service failed → exiting: failed
2026-04-15 15:42:52,444 DEBUG    [TaskSelector] Evaluating zone states: {'A': 'EMPTY', 'B': 'EMPTY'}  busy: {'A': False, 'B': False}
2026-04-15 15:42:52,444 INFO     [TaskSelector] → do_load (zone A empty)
2026-04-15 15:42:52,445 INFO     [FetchInput] Entering state
2026-04-15 15:42:52,448 INFO     [Service] /compute_grasps → success=False msg='No images received from PnP camera.'
2026-04-15 15:42:52,448 ERROR    [FetchInput] /compute_grasps service failed → exiting: failed
2026-04-15 15:42:52,449 DEBUG    [TaskSelector] Evaluating zone states: {'A': 'EMPTY', 'B': 'EMPTY'}  busy: {'A': False, 'B': False}
2026-04-15 15:42:52,449 INFO     [TaskSelector] → do_load (zone A empty)
2026-04-15 15:42:52,451 INFO     [FetchInput] Entering state
2026-04-15 15:42:52,455 INFO     [Service] /compute_grasps → success=False msg='No images received from PnP camera.'
2026-04-15 15:42:52,456 ERROR    [FetchInput] /compute_grasps service failed → exiting: failed
2026-04-15 15:42:52,458 DEBUG    [TaskSelector] Evaluating zone states: {'A': 'EMPTY', 'B': 'EMPTY'}  busy: {'A': False, 'B': False}
2026-04-15 15:42:52,459 INFO     [TaskSelector] → do_load (zone A empty)
2026-04-15 15:42:52,462 INFO     [FetchInput] Entering state
2026-04-15 15:42:52,466 INFO     [Service] /compute_grasps → success=False msg='No images received from PnP camera.'
2026-04-15 15:42:52,466 ERROR    [FetchInput] /compute_grasps service failed → exiting: failed
2026-04-15 15:42:52,467 DEBUG    [TaskSelector] Evaluating zone states: {'A': 'EMPTY', 'B': 'EMPTY'}  busy: {'A': False, 'B': False}
2026-04-15 15:42:52,468 INFO     [TaskSelector] → do_load (zone A empty)
2026-04-15 15:42:52,468 INFO     [FetchInput] Entering state
2026-04-15 15:42:52,471 INFO     [Service] /compute_grasps → success=False msg='No images received from PnP camera.'
2026-04-15 15:42:52,471 ERROR    [FetchInput] /compute_grasps service failed → exiting: failed
2026-04-15 15:42:52,472 DEBUG    [TaskSelector] Evaluating zone states: {'A': 'EMPTY', 'B': 'EMPTY'}  busy: {'A': False, 'B': False}
2026-04-15 15:42:52,472 INFO     [TaskSelector] → do_load (zone A empty)
2026-04-15 15:42:52,473 INFO     [FetchInput] Entering state
2026-04-15 15:42:52,475 INFO     [Service] /compute_grasps → success=False msg='No images received from PnP camera.'
2026-04-15 15:42:52,475 ERROR    [FetchInput] /compute_grasps service failed → exiting: failed
2026-04-15 15:42:52,476 DEBUG    [TaskSelector] Evaluating zone states: {'A': 'EMPTY', 'B': 'EMPTY'}  busy: {'A': False, 'B': False}
2026-04-15 15:42:52,477 INFO     [TaskSelector] → do_load (zone A empty)
2026-04-15 15:42:52,478 INFO     [FetchInput] Entering state
2026-04-15 15:42:52,480 INFO     [Service] /compute_grasps → success=False msg='No images received from PnP camera.'
2026-04-15 15:42:52,480 ERROR    [FetchInput] /compute_grasps service failed → exiting: failed
2026-04-15 15:42:52,481 DEBUG    [TaskSelector] Evaluating zone states: {'A': 'EMPTY', 'B': 'EMPTY'}  busy: {'A': False, 'B': False}
2026-04-15 15:42:52,481 INFO     [TaskSelector] → do_load (zone A empty)
2026-04-15 15:42:52,482 INFO     [FetchInput] Entering state
2026-04-15 15:42:52,484 INFO     [Service] /compute_grasps → success=False msg='No images received from PnP camera.'
2026-04-15 15:42:52,484 ERROR    [FetchInput] /compute_grasps service failed → exiting: failed
2026-04-15 15:42:52,485 DEBUG    [TaskSelector] Evaluating zone states: {'A': 'EMPTY', 'B': 'EMPTY'}  busy: {'A': False, 'B': False}
2026-04-15 15:42:52,485 INFO     [TaskSelector] → do_load (zone A empty)
2026-04-15 15:42:52,486 INFO     [FetchInput] Entering state
2026-04-15 15:42:52,489 INFO     [Service] /compute_grasps → success=False msg='No images received from PnP camera.'
2026-04-15 15:42:52,489 ERROR    [FetchInput] /compute_grasps service failed → exiting: failed
2026-04-15 15:42:52,490 DEBUG    [TaskSelector] Evaluating zone states: {'A': 'EMPTY', 'B': 'EMPTY'}  busy: {'A': False, 'B': False}
2026-04-15 15:42:52,490 INFO     [TaskSelector] → do_load (zone A empty)
2026-04-15 15:42:52,491 INFO     [FetchInput] Entering state
2026-04-15 15:42:52,494 INFO     [Service] /compute_grasps → success=False msg='No images received from PnP camera.'
2026-04-15 15:42:52,494 ERROR    [FetchInput] /compute_grasps service failed → exiting: failed
2026-04-15 15:42:52,495 DEBUG    [TaskSelector] Evaluating zone states: {'A': 'EMPTY', 'B': 'EMPTY'}  busy: {'A': False, 'B': False}
2026-04-15 15:42:52,496 INFO     [TaskSelector] → do_load (zone A empty)
2026-04-15 15:42:52,497 INFO     [FetchInput] Entering state
2026-04-15 15:42:52,499 INFO     [Service] /compute_grasps → success=False msg='No images received from PnP camera.'
2026-04-15 15:42:52,499 ERROR    [FetchInput] /compute_grasps service failed → exiting: failed
2026-04-15 15:42:52,500 DEBUG    [TaskSelector] Evaluating zone states: {'A': 'EMPTY', 'B': 'EMPTY'}  busy: {'A': False, 'B': False}
2026-04-15 15:42:52,500 INFO     [TaskSelector] → do_load (zone A empty)
2026-04-15 15:42:52,501 INFO     [FetchInput] Entering state
2026-04-15 15:42:52,503 INFO     [Service] /compute_grasps → success=False msg='No images received from PnP camera.'
2026-04-15 15:42:52,503 ERROR    [FetchInput] /compute_grasps service failed → exiting: failed
2026-04-15 15:42:52,504 DEBUG    [TaskSelector] Evaluating zone states: {'A': 'EMPTY', 'B': 'EMPTY'}  busy: {'A': False, 'B': False}
2026-04-15 15:42:52,504 INFO     [TaskSelector] → do_load (zone A empty)
2026-04-15 15:42:52,505 INFO     [FetchInput] Entering state
2026-04-15 15:42:52,509 INFO     [Service] /compute_grasps → success=False msg='No images received from PnP camera.'
2026-04-15 15:42:52,510 ERROR    [FetchInput] /compute_grasps service failed → exiting: failed
2026-04-15 15:42:52,511 DEBUG    [TaskSelector] Evaluating zone states: {'A': 'EMPTY', 'B': 'EMPTY'}  busy: {'A': False, 'B': False}
2026-04-15 15:42:52,511 INFO     [TaskSelector] → do_load (zone A empty)
2026-04-15 15:42:52,512 INFO     [FetchInput] Entering state
2026-04-15 15:42:52,515 INFO     [Service] /compute_grasps → success=False msg='No images received from PnP camera.'
2026-04-15 15:42:52,515 ERROR    [FetchInput] /compute_grasps service failed → exiting: failed
2026-04-15 15:42:52,516 DEBUG    [TaskSelector] Evaluating zone states: {'A': 'EMPTY', 'B': 'EMPTY'}  busy: {'A': False, 'B': False}
2026-04-15 15:42:52,516 INFO     [TaskSelector] → do_load (zone A empty)
2026-04-15 15:42:52,517 INFO     [FetchInput] Entering state
2026-04-15 15:42:52,522 INFO     [Service] /compute_grasps → success=False msg='No images received from PnP camera.'
2026-04-15 15:42:52,522 ERROR    [FetchInput] /compute_grasps service failed → exiting: failed
2026-04-15 15:42:52,524 DEBUG    [TaskSelector] Evaluating zone states: {'A': 'EMPTY', 'B': 'EMPTY'}  busy: {'A': False, 'B': False}
2026-04-15 15:42:52,524 INFO     [TaskSelector] → do_load (zone A empty)
2026-04-15 15:42:52,527 INFO     [FetchInput] Entering state
2026-04-15 15:42:52,533 INFO     [Service] /compute_grasps → success=False msg='No images received from PnP camera.'
2026-04-15 15:42:52,533 ERROR    [FetchInput] /compute_grasps service failed → exiting: failed
2026-04-15 15:42:52,535 DEBUG    [TaskSelector] Evaluating zone states: {'A': 'EMPTY', 'B': 'EMPTY'}  busy: {'A': False, 'B': False}
2026-04-15 15:42:52,535 INFO     [TaskSelector] → do_load (zone A empty)
2026-04-15 15:42:52,536 INFO     [FetchInput] Entering state
2026-04-15 15:42:52,538 INFO     [Service] /compute_grasps → success=False msg='No images received from PnP camera.'
2026-04-15 15:42:52,538 ERROR    [FetchInput] /compute_grasps service failed → exiting: failed
2026-04-15 15:42:52,539 DEBUG    [TaskSelector] Evaluating zone states: {'A': 'EMPTY', 'B': 'EMPTY'}  busy: {'A': False, 'B': False}
2026-04-15 15:42:52,539 INFO     [TaskSelector] → do_load (zone A empty)
2026-04-15 15:42:52,540 INFO     [FetchInput] Entering state
2026-04-15 15:42:52,542 INFO     [Service] /compute_grasps → success=False msg='No images received from PnP camera.'
2026-04-15 15:42:52,542 ERROR    [FetchInput] /compute_grasps service failed → exiting: failed
2026-04-15 15:42:52,543 DEBUG    [TaskSelector] Evaluating zone states: {'A': 'EMPTY', 'B': 'EMPTY'}  busy: {'A': False, 'B': False}
2026-04-15 15:42:52,543 INFO     [TaskSelector] → do_load (zone A empty)
2026-04-15 15:42:52,544 INFO     [FetchInput] Entering state
2026-04-15 15:42:52,547 INFO     [Service] /compute_grasps → success=False msg='No images received from PnP camera.'
2026-04-15 15:42:52,547 ERROR    [FetchInput] /compute_grasps service failed → exiting: failed
2026-04-15 15:42:52,548 DEBUG    [TaskSelector] Evaluating zone states: {'A': 'EMPTY', 'B': 'EMPTY'}  busy: {'A': False, 'B': False}
2026-04-15 15:42:52,548 INFO     [TaskSelector] → do_load (zone A empty)
2026-04-15 15:42:52,549 INFO     [FetchInput] Entering state
2026-04-15 15:42:52,551 INFO     [Service] /compute_grasps → success=False msg='No images received from PnP camera.'
2026-04-15 15:42:52,551 ERROR    [FetchInput] /compute_grasps service failed → exiting: failed
2026-04-15 15:42:52,552 DEBUG    [TaskSelector] Evaluating zone states: {'A': 'EMPTY', 'B': 'EMPTY'}  busy: {'A': False, 'B': False}
2026-04-15 15:42:52,552 INFO     [TaskSelector] → do_load (zone A empty)
2026-04-15 15:42:52,552 INFO     [FetchInput] Entering state
2026-04-15 15:42:52,555 INFO     [Service] /compute_grasps → success=False msg='No images received from PnP camera.'
2026-04-15 15:42:52,555 ERROR    [FetchInput] /compute_grasps service failed → exiting: failed
2026-04-15 15:42:52,556 DEBUG    [TaskSelector] Evaluating zone states: {'A': 'EMPTY', 'B': 'EMPTY'}  busy: {'A': False, 'B': False}
2026-04-15 15:42:52,556 INFO     [TaskSelector] → do_load (zone A empty)
2026-04-15 15:42:52,557 INFO     [FetchInput] Entering state
2026-04-15 15:42:52,560 INFO     [Service] /compute_grasps → success=False msg='No images received from PnP camera.'
2026-04-15 15:42:52,561 ERROR    [FetchInput] /compute_grasps service failed → exiting: failed
2026-04-15 15:42:52,562 DEBUG    [TaskSelector] Evaluating zone states: {'A': 'EMPTY', 'B': 'EMPTY'}  busy: {'A': False, 'B': False}
2026-04-15 15:42:52,562 INFO     [TaskSelector] → do_load (zone A empty)
2026-04-15 15:42:52,563 INFO     [FetchInput] Entering state
2026-04-15 15:42:52,566 INFO     [Service] /compute_grasps → success=False msg='No images received from PnP camera.'
2026-04-15 15:42:52,566 ERROR    [FetchInput] /compute_grasps service failed → exiting: failed
2026-04-15 15:42:52,567 DEBUG    [TaskSelector] Evaluating zone states: {'A': 'EMPTY', 'B': 'EMPTY'}  busy: {'A': False, 'B': False}
2026-04-15 15:42:52,567 INFO     [TaskSelector] → do_load (zone A empty)
2026-04-15 15:42:52,568 INFO     [FetchInput] Entering state
2026-04-15 15:42:52,570 INFO     [Service] /compute_grasps → success=False msg='No images received from PnP camera.'
2026-04-15 15:42:52,570 ERROR    [FetchInput] /compute_grasps service failed → exiting: failed
2026-04-15 15:42:52,571 DEBUG    [TaskSelector] Evaluating zone states: {'A': 'EMPTY', 'B': 'EMPTY'}  busy: {'A': False, 'B': False}
2026-04-15 15:42:52,571 INFO     [TaskSelector] → do_load (zone A empty)
2026-04-15 15:42:52,572 INFO     [FetchInput] Entering state
2026-04-15 15:42:52,577 INFO     [Service] /compute_grasps → success=False msg='No images received from PnP camera.'
2026-04-15 15:42:52,577 ERROR    [FetchInput] /compute_grasps service failed → exiting: failed
2026-04-15 15:42:52,580 DEBUG    [TaskSelector] Evaluating zone states: {'A': 'EMPTY', 'B': 'EMPTY'}  busy: {'A': False, 'B': False}
2026-04-15 15:42:52,580 INFO     [TaskSelector] → do_load (zone A empty)
2026-04-15 15:42:52,582 INFO     [FetchInput] Entering state
2026-04-15 15:42:52,587 INFO     [Service] /compute_grasps → success=False msg='No images received from PnP camera.'
2026-04-15 15:42:52,587 ERROR    [FetchInput] /compute_grasps service failed → exiting: failed
2026-04-15 15:42:52,588 DEBUG    [TaskSelector] Evaluating zone states: {'A': 'EMPTY', 'B': 'EMPTY'}  busy: {'A': False, 'B': False}
2026-04-15 15:42:52,588 INFO     [TaskSelector] → do_load (zone A empty)
2026-04-15 15:42:52,590 INFO     [FetchInput] Entering state
2026-04-15 15:42:52,598 INFO     [Service] /compute_grasps → success=False msg='No images received from PnP camera.'
2026-04-15 15:42:52,599 ERROR    [FetchInput] /compute_grasps service failed → exiting: failed
2026-04-15 15:42:52,602 DEBUG    [TaskSelector] Evaluating zone states: {'A': 'EMPTY', 'B': 'EMPTY'}  busy: {'A': False, 'B': False}
2026-04-15 15:42:52,602 INFO     [TaskSelector] → do_load (zone A empty)
2026-04-15 15:42:52,603 INFO     [FetchInput] Entering state
2026-04-15 15:42:52,607 INFO     [Service] /compute_grasps → success=False msg='No images received from PnP camera.'
2026-04-15 15:42:52,607 ERROR    [FetchInput] /compute_grasps service failed → exiting: failed
2026-04-15 15:42:52,609 DEBUG    [TaskSelector] Evaluating zone states: {'A': 'EMPTY', 'B': 'EMPTY'}  busy: {'A': False, 'B': False}
2026-04-15 15:42:52,609 INFO     [TaskSelector] → do_load (zone A empty)
2026-04-15 15:42:52,610 INFO     [FetchInput] Entering state
2026-04-15 15:42:52,612 INFO     [Service] /compute_grasps → success=False msg='No images received from PnP camera.'
2026-04-15 15:42:52,613 ERROR    [FetchInput] /compute_grasps service failed → exiting: failed
2026-04-15 15:42:52,613 DEBUG    [TaskSelector] Evaluating zone states: {'A': 'EMPTY', 'B': 'EMPTY'}  busy: {'A': False, 'B': False}
2026-04-15 15:42:52,614 INFO     [TaskSelector] → do_load (zone A empty)
2026-04-15 15:42:52,614 INFO     [FetchInput] Entering state
2026-04-15 15:42:52,616 INFO     [Service] /compute_grasps → success=False msg='No images received from PnP camera.'
2026-04-15 15:42:52,616 ERROR    [FetchInput] /compute_grasps service failed → exiting: failed
2026-04-15 15:42:52,617 DEBUG    [TaskSelector] Evaluating zone states: {'A': 'EMPTY', 'B': 'EMPTY'}  busy: {'A': False, 'B': False}
2026-04-15 15:42:52,617 INFO     [TaskSelector] → do_load (zone A empty)
2026-04-15 15:42:52,618 INFO     [FetchInput] Entering state
2026-04-15 15:42:52,621 INFO     [Service] /compute_grasps → success=False msg='No images received from PnP camera.'
2026-04-15 15:42:52,621 ERROR    [FetchInput] /compute_grasps service failed → exiting: failed
2026-04-15 15:42:52,621 DEBUG    [TaskSelector] Evaluating zone states: {'A': 'EMPTY', 'B': 'EMPTY'}  busy: {'A': False, 'B': False}
2026-04-15 15:42:52,621 INFO     [TaskSelector] → do_load (zone A empty)
2026-04-15 15:42:52,622 INFO     [FetchInput] Entering state
2026-04-15 15:42:52,624 INFO     [Service] /compute_grasps → success=False msg='No images received from PnP camera.'
2026-04-15 15:42:52,625 ERROR    [FetchInput] /compute_grasps service failed → exiting: failed
2026-04-15 15:42:52,626 DEBUG    [TaskSelector] Evaluating zone states: {'A': 'EMPTY', 'B': 'EMPTY'}  busy: {'A': False, 'B': False}
2026-04-15 15:42:52,626 INFO     [TaskSelector] → do_load (zone A empty)
2026-04-15 15:42:52,627 INFO     [FetchInput] Entering state
2026-04-15 15:42:52,631 INFO     [Service] /compute_grasps → success=False msg='No images received from PnP camera.'
2026-04-15 15:42:52,631 ERROR    [FetchInput] /compute_grasps service failed → exiting: failed
2026-04-15 15:42:52,632 DEBUG    [TaskSelector] Evaluating zone states: {'A': 'EMPTY', 'B': 'EMPTY'}  busy: {'A': False, 'B': False}
2026-04-15 15:42:52,632 INFO     [TaskSelector] → do_load (zone A empty)
2026-04-15 15:42:52,633 INFO     [FetchInput] Entering state
2026-04-15 15:42:52,635 INFO     [Service] /compute_grasps → success=False msg='No images received from PnP camera.'
2026-04-15 15:42:52,635 ERROR    [FetchInput] /compute_grasps service failed → exiting: failed
2026-04-15 15:42:52,636 DEBUG    [TaskSelector] Evaluating zone states: {'A': 'EMPTY', 'B': 'EMPTY'}  busy: {'A': False, 'B': False}
2026-04-15 15:42:52,636 INFO     [TaskSelector] → do_load (zone A empty)
2026-04-15 15:42:52,637 INFO     [FetchInput] Entering state
2026-04-15 15:42:52,639 INFO     [Service] /compute_grasps → success=False msg='No images received from PnP camera.'
2026-04-15 15:42:52,639 ERROR    [FetchInput] /compute_grasps service failed → exiting: failed
2026-04-15 15:42:52,640 DEBUG    [TaskSelector] Evaluating zone states: {'A': 'EMPTY', 'B': 'EMPTY'}  busy: {'A': False, 'B': False}
2026-04-15 15:42:52,640 INFO     [TaskSelector] → do_load (zone A empty)
2026-04-15 15:42:52,641 INFO     [FetchInput] Entering state
2026-04-15 15:42:52,646 INFO     [Service] /compute_grasps → success=False msg='No images received from PnP camera.'
2026-04-15 15:42:52,646 ERROR    [FetchInput] /compute_grasps service failed → exiting: failed
2026-04-15 15:42:52,648 DEBUG    [TaskSelector] Evaluating zone states: {'A': 'EMPTY', 'B': 'EMPTY'}  busy: {'A': False, 'B': False}
2026-04-15 15:42:52,648 INFO     [TaskSelector] → do_load (zone A empty)
2026-04-15 15:42:52,649 INFO     [FetchInput] Entering state
2026-04-15 15:42:52,652 INFO     [Service] /compute_grasps → success=False msg='No images received from PnP camera.'
2026-04-15 15:42:52,652 ERROR    [FetchInput] /compute_grasps service failed → exiting: failed
2026-04-15 15:42:52,655 DEBUG    [TaskSelector] Evaluating zone states: {'A': 'EMPTY', 'B': 'EMPTY'}  busy: {'A': False, 'B': False}
2026-04-15 15:42:52,655 INFO     [TaskSelector] → do_load (zone A empty)
2026-04-15 15:42:52,657 INFO     [FetchInput] Entering state
2026-04-15 15:42:52,663 INFO     [Service] /compute_grasps → success=False msg='No images received from PnP camera.'
2026-04-15 15:42:52,665 ERROR    [FetchInput] /compute_grasps service failed → exiting: failed
2026-04-15 15:42:52,668 DEBUG    [TaskSelector] Evaluating zone states: {'A': 'EMPTY', 'B': 'EMPTY'}  busy: {'A': False, 'B': False}
2026-04-15 15:42:52,669 INFO     [TaskSelector] → do_load (zone A empty)
2026-04-15 15:42:52,670 INFO     [FetchInput] Entering state
2026-04-15 15:42:52,672 INFO     [Service] /compute_grasps → success=False msg='No images received from PnP camera.'
2026-04-15 15:42:52,673 ERROR    [FetchInput] /compute_grasps service failed → exiting: failed
2026-04-15 15:42:52,673 DEBUG    [TaskSelector] Evaluating zone states: {'A': 'EMPTY', 'B': 'EMPTY'}  busy: {'A': False, 'B': False}
2026-04-15 15:42:52,673 INFO     [TaskSelector] → do_load (zone A empty)
2026-04-15 15:42:52,674 INFO     [FetchInput] Entering state
2026-04-15 15:42:52,677 INFO     [Service] /compute_grasps → success=False msg='No images received from PnP camera.'
2026-04-15 15:42:52,677 ERROR    [FetchInput] /compute_grasps service failed → exiting: failed
2026-04-15 15:42:52,678 DEBUG    [TaskSelector] Evaluating zone states: {'A': 'EMPTY', 'B': 'EMPTY'}  busy: {'A': False, 'B': False}
2026-04-15 15:42:52,679 INFO     [TaskSelector] → do_load (zone A empty)
2026-04-15 15:42:52,679 INFO     [FetchInput] Entering state
2026-04-15 15:42:52,682 INFO     [Service] /compute_grasps → success=False msg='No images received from PnP camera.'
2026-04-15 15:42:52,682 ERROR    [FetchInput] /compute_grasps service failed → exiting: failed
2026-04-15 15:42:52,683 DEBUG    [TaskSelector] Evaluating zone states: {'A': 'EMPTY', 'B': 'EMPTY'}  busy: {'A': False, 'B': False}
2026-04-15 15:42:52,683 INFO     [TaskSelector] → do_load (zone A empty)
2026-04-15 15:42:52,684 INFO     [FetchInput] Entering state
2026-04-15 15:42:52,686 INFO     [Service] /compute_grasps → success=False msg='No images received from PnP camera.'
2026-04-15 15:42:52,687 ERROR    [FetchInput] /compute_grasps service failed → exiting: failed
2026-04-15 15:42:52,687 DEBUG    [TaskSelector] Evaluating zone states: {'A': 'EMPTY', 'B': 'EMPTY'}  busy: {'A': False, 'B': False}
2026-04-15 15:42:52,687 INFO     [TaskSelector] → do_load (zone A empty)
2026-04-15 15:42:52,688 INFO     [FetchInput] Entering state
2026-04-15 15:42:52,691 INFO     [Service] /compute_grasps → success=False msg='No images received from PnP camera.'
2026-04-15 15:42:52,691 ERROR    [FetchInput] /compute_grasps service failed → exiting: failed
2026-04-15 15:42:52,691 DEBUG    [TaskSelector] Evaluating zone states: {'A': 'EMPTY', 'B': 'EMPTY'}  busy: {'A': False, 'B': False}
2026-04-15 15:42:52,692 INFO     [TaskSelector] → do_load (zone A empty)
2026-04-15 15:42:52,692 INFO     [FetchInput] Entering state
2026-04-15 15:42:52,695 INFO     [Service] /compute_grasps → success=False msg='No images received from PnP camera.'
2026-04-15 15:42:52,696 ERROR    [FetchInput] /compute_grasps service failed → exiting: failed
2026-04-15 15:42:52,696 DEBUG    [TaskSelector] Evaluating zone states: {'A': 'EMPTY', 'B': 'EMPTY'}  busy: {'A': False, 'B': False}
2026-04-15 15:42:52,696 INFO     [TaskSelector] → do_load (zone A empty)
2026-04-15 15:42:52,697 INFO     [FetchInput] Entering state
2026-04-15 15:42:52,700 INFO     [Service] /compute_grasps → success=False msg='No images received from PnP camera.'
2026-04-15 15:42:52,700 ERROR    [FetchInput] /compute_grasps service failed → exiting: failed
2026-04-15 15:42:52,700 DEBUG    [TaskSelector] Evaluating zone states: {'A': 'EMPTY', 'B': 'EMPTY'}  busy: {'A': False, 'B': False}
2026-04-15 15:42:52,700 INFO     [TaskSelector] → do_load (zone A empty)
2026-04-15 15:42:52,701 INFO     [FetchInput] Entering state
2026-04-15 15:42:52,704 INFO     [Service] /compute_grasps → success=False msg='No images received from PnP camera.'
2026-04-15 15:42:52,704 ERROR    [FetchInput] /compute_grasps service failed → exiting: failed
2026-04-15 15:42:52,705 DEBUG    [TaskSelector] Evaluating zone states: {'A': 'EMPTY', 'B': 'EMPTY'}  busy: {'A': False, 'B': False}
2026-04-15 15:42:52,705 INFO     [TaskSelector] → do_load (zone A empty)
2026-04-15 15:42:52,706 INFO     [FetchInput] Entering state
2026-04-15 15:42:52,710 INFO     [Service] /compute_grasps → success=False msg='No images received from PnP camera.'
2026-04-15 15:42:52,710 ERROR    [FetchInput] /compute_grasps service failed → exiting: failed
2026-04-15 15:42:52,711 DEBUG    [TaskSelector] Evaluating zone states: {'A': 'EMPTY', 'B': 'EMPTY'}  busy: {'A': False, 'B': False}
2026-04-15 15:42:52,711 INFO     [TaskSelector] → do_load (zone A empty)
2026-04-15 15:42:52,712 INFO     [FetchInput] Entering state
2026-04-15 15:42:52,714 INFO     [Service] /compute_grasps → success=False msg='No images received from PnP camera.'
2026-04-15 15:42:52,715 ERROR    [FetchInput] /compute_grasps service failed → exiting: failed
2026-04-15 15:42:52,715 DEBUG    [TaskSelector] Evaluating zone states: {'A': 'EMPTY', 'B': 'EMPTY'}  busy: {'A': False, 'B': False}
2026-04-15 15:42:52,715 INFO     [TaskSelector] → do_load (zone A empty)
2026-04-15 15:42:52,716 INFO     [FetchInput] Entering state
2026-04-15 15:42:52,720 INFO     [Service] /compute_grasps → success=False msg='No images received from PnP camera.'
2026-04-15 15:42:52,720 ERROR    [FetchInput] /compute_grasps service failed → exiting: failed
2026-04-15 15:42:52,722 DEBUG    [TaskSelector] Evaluating zone states: {'A': 'EMPTY', 'B': 'EMPTY'}  busy: {'A': False, 'B': False}
2026-04-15 15:42:52,722 INFO     [TaskSelector] → do_load (zone A empty)
2026-04-15 15:42:52,723 INFO     [FetchInput] Entering state
2026-04-15 15:42:52,731 INFO     [Service] /compute_grasps → success=False msg='No images received from PnP camera.'
2026-04-15 15:42:52,731 ERROR    [FetchInput] /compute_grasps service failed → exiting: failed
2026-04-15 15:42:52,734 DEBUG    [TaskSelector] Evaluating zone states: {'A': 'EMPTY', 'B': 'EMPTY'}  busy: {'A': False, 'B': False}
2026-04-15 15:42:52,734 INFO     [TaskSelector] → do_load (zone A empty)
2026-04-15 15:42:52,735 INFO     [FetchInput] Entering state
2026-04-15 15:42:52,738 INFO     [Service] /compute_grasps → success=False msg='No images received from PnP camera.'
2026-04-15 15:42:52,738 ERROR    [FetchInput] /compute_grasps service failed → exiting: failed
2026-04-15 15:42:52,739 DEBUG    [TaskSelector] Evaluating zone states: {'A': 'EMPTY', 'B': 'EMPTY'}  busy: {'A': False, 'B': False}
2026-04-15 15:42:52,739 INFO     [TaskSelector] → do_load (zone A empty)
2026-04-15 15:42:52,739 INFO     [FetchInput] Entering state
2026-04-15 15:42:52,742 INFO     [Service] /compute_grasps → success=False msg='No images received from PnP camera.'
2026-04-15 15:42:52,742 ERROR    [FetchInput] /compute_grasps service failed → exiting: failed
2026-04-15 15:42:52,743 DEBUG    [TaskSelector] Evaluating zone states: {'A': 'EMPTY', 'B': 'EMPTY'}  busy: {'A': False, 'B': False}
2026-04-15 15:42:52,743 INFO     [TaskSelector] → do_load (zone A empty)
2026-04-15 15:42:52,744 INFO     [FetchInput] Entering state
2026-04-15 15:42:52,747 INFO     [Service] /compute_grasps → success=False msg='No images received from PnP camera.'
2026-04-15 15:42:52,747 ERROR    [FetchInput] /compute_grasps service failed → exiting: failed
2026-04-15 15:42:52,747 DEBUG    [TaskSelector] Evaluating zone states: {'A': 'EMPTY', 'B': 'EMPTY'}  busy: {'A': False, 'B': False}
2026-04-15 15:42:52,748 INFO     [TaskSelector] → do_load (zone A empty)
2026-04-15 15:42:52,749 INFO     [FetchInput] Entering state
2026-04-15 15:42:52,751 INFO     [Service] /compute_grasps → success=False msg='No images received from PnP camera.'
2026-04-15 15:42:52,751 ERROR    [FetchInput] /compute_grasps service failed → exiting: failed
2026-04-15 15:42:52,752 DEBUG    [TaskSelector] Evaluating zone states: {'A': 'EMPTY', 'B': 'EMPTY'}  busy: {'A': False, 'B': False}
2026-04-15 15:42:52,752 INFO     [TaskSelector] → do_load (zone A empty)
2026-04-15 15:42:52,752 INFO     [FetchInput] Entering state
2026-04-15 15:42:52,754 INFO     [Service] /compute_grasps → success=False msg='No images received from PnP camera.'
2026-04-15 15:42:52,754 ERROR    [FetchInput] /compute_grasps service failed → exiting: failed
2026-04-15 15:42:52,755 DEBUG    [TaskSelector] Evaluating zone states: {'A': 'EMPTY', 'B': 'EMPTY'}  busy: {'A': False, 'B': False}
2026-04-15 15:42:52,755 INFO     [TaskSelector] → do_load (zone A empty)
2026-04-15 15:42:52,757 INFO     [FetchInput] Entering state
2026-04-15 15:42:52,760 INFO     [Service] /compute_grasps → success=False msg='No images received from PnP camera.'
2026-04-15 15:42:52,760 ERROR    [FetchInput] /compute_grasps service failed → exiting: failed
2026-04-15 15:42:52,761 DEBUG    [TaskSelector] Evaluating zone states: {'A': 'EMPTY', 'B': 'EMPTY'}  busy: {'A': False, 'B': False}
2026-04-15 15:42:52,761 INFO     [TaskSelector] → do_load (zone A empty)
2026-04-15 15:42:52,763 INFO     [FetchInput] Entering state
2026-04-15 15:42:52,765 INFO     [Service] /compute_grasps → success=False msg='No images received from PnP camera.'
2026-04-15 15:42:52,765 ERROR    [FetchInput] /compute_grasps service failed → exiting: failed
2026-04-15 15:42:52,766 DEBUG    [TaskSelector] Evaluating zone states: {'A': 'EMPTY', 'B': 'EMPTY'}  busy: {'A': False, 'B': False}
2026-04-15 15:42:52,766 INFO     [TaskSelector] → do_load (zone A empty)
2026-04-15 15:42:52,767 INFO     [FetchInput] Entering state
2026-04-15 15:42:52,769 INFO     [Service] /compute_grasps → success=False msg='No images received from PnP camera.'
2026-04-15 15:42:52,769 ERROR    [FetchInput] /compute_grasps service failed → exiting: failed
2026-04-15 15:42:52,770 DEBUG    [TaskSelector] Evaluating zone states: {'A': 'EMPTY', 'B': 'EMPTY'}  busy: {'A': False, 'B': False}
2026-04-15 15:42:52,770 INFO     [TaskSelector] → do_load (zone A empty)
2026-04-15 15:42:52,771 INFO     [FetchInput] Entering state
2026-04-15 15:42:52,773 INFO     [Service] /compute_grasps → success=False msg='No images received from PnP camera.'
2026-04-15 15:42:52,773 ERROR    [FetchInput] /compute_grasps service failed → exiting: failed
2026-04-15 15:42:52,774 DEBUG    [TaskSelector] Evaluating zone states: {'A': 'EMPTY', 'B': 'EMPTY'}  busy: {'A': False, 'B': False}
2026-04-15 15:42:52,774 INFO     [TaskSelector] → do_load (zone A empty)
2026-04-15 15:42:52,777 INFO     [FetchInput] Entering state
2026-04-15 15:42:52,782 INFO     [Service] /compute_grasps → success=False msg='No images received from PnP camera.'
2026-04-15 15:42:52,783 ERROR    [FetchInput] /compute_grasps service failed → exiting: failed
2026-04-15 15:42:52,784 DEBUG    [TaskSelector] Evaluating zone states: {'A': 'EMPTY', 'B': 'EMPTY'}  busy: {'A': False, 'B': False}
2026-04-15 15:42:52,784 INFO     [TaskSelector] → do_load (zone A empty)
2026-04-15 15:42:52,785 INFO     [FetchInput] Entering state
2026-04-15 15:42:52,788 INFO     [Service] /compute_grasps → success=False msg='No images received from PnP camera.'
2026-04-15 15:42:52,788 ERROR    [FetchInput] /compute_grasps service failed → exiting: failed
2026-04-15 15:42:52,790 DEBUG    [TaskSelector] Evaluating zone states: {'A': 'EMPTY', 'B': 'EMPTY'}  busy: {'A': False, 'B': False}
2026-04-15 15:42:52,791 INFO     [TaskSelector] → do_load (zone A empty)
2026-04-15 15:42:52,793 INFO     [FetchInput] Entering state
2026-04-15 15:42:52,800 INFO     [Service] /compute_grasps → success=False msg='No images received from PnP camera.'
2026-04-15 15:42:52,800 ERROR    [FetchInput] /compute_grasps service failed → exiting: failed
2026-04-15 15:42:52,802 DEBUG    [TaskSelector] Evaluating zone states: {'A': 'EMPTY', 'B': 'EMPTY'}  busy: {'A': False, 'B': False}
2026-04-15 15:42:52,802 INFO     [TaskSelector] → do_load (zone A empty)
2026-04-15 15:42:52,803 INFO     [FetchInput] Entering state
2026-04-15 15:42:52,806 INFO     [Service] /compute_grasps → success=False msg='No images received from PnP camera.'
2026-04-15 15:42:52,806 ERROR    [FetchInput] /compute_grasps service failed → exiting: failed
2026-04-15 15:42:52,808 DEBUG    [TaskSelector] Evaluating zone states: {'A': 'EMPTY', 'B': 'EMPTY'}  busy: {'A': False, 'B': False}
2026-04-15 15:42:52,808 INFO     [TaskSelector] → do_load (zone A empty)
2026-04-15 15:42:52,809 INFO     [FetchInput] Entering state
2026-04-15 15:42:52,812 INFO     [Service] /compute_grasps → success=False msg='No images received from PnP camera.'
2026-04-15 15:42:52,812 ERROR    [FetchInput] /compute_grasps service failed → exiting: failed
2026-04-15 15:42:52,813 DEBUG    [TaskSelector] Evaluating zone states: {'A': 'EMPTY', 'B': 'EMPTY'}  busy: {'A': False, 'B': False}
2026-04-15 15:42:52,813 INFO     [TaskSelector] → do_load (zone A empty)
2026-04-15 15:42:52,814 INFO     [FetchInput] Entering state
2026-04-15 15:42:52,816 INFO     [Service] /compute_grasps → success=False msg='No images received from PnP camera.'
2026-04-15 15:42:52,816 ERROR    [FetchInput] /compute_grasps service failed → exiting: failed
2026-04-15 15:42:52,817 DEBUG    [TaskSelector] Evaluating zone states: {'A': 'EMPTY', 'B': 'EMPTY'}  busy: {'A': False, 'B': False}
2026-04-15 15:42:52,817 INFO     [TaskSelector] → do_load (zone A empty)
2026-04-15 15:42:52,818 INFO     [FetchInput] Entering state
2026-04-15 15:42:52,820 INFO     [Service] /compute_grasps → success=False msg='No images received from PnP camera.'
2026-04-15 15:42:52,820 ERROR    [FetchInput] /compute_grasps service failed → exiting: failed
2026-04-15 15:42:52,821 DEBUG    [TaskSelector] Evaluating zone states: {'A': 'EMPTY', 'B': 'EMPTY'}  busy: {'A': False, 'B': False}
2026-04-15 15:42:52,821 INFO     [TaskSelector] → do_load (zone A empty)
2026-04-15 15:42:52,822 INFO     [FetchInput] Entering state
2026-04-15 15:42:52,824 INFO     [Service] /compute_grasps → success=False msg='No images received from PnP camera.'
2026-04-15 15:42:52,825 ERROR    [FetchInput] /compute_grasps service failed → exiting: failed
2026-04-15 15:42:52,826 DEBUG    [TaskSelector] Evaluating zone states: {'A': 'EMPTY', 'B': 'EMPTY'}  busy: {'A': False, 'B': False}
2026-04-15 15:42:52,826 INFO     [TaskSelector] → do_load (zone A empty)
2026-04-15 15:42:52,827 INFO     [FetchInput] Entering state
2026-04-15 15:42:52,831 INFO     [Service] /compute_grasps → success=False msg='No images received from PnP camera.'
2026-04-15 15:42:52,831 ERROR    [FetchInput] /compute_grasps service failed → exiting: failed
2026-04-15 15:42:52,832 DEBUG    [TaskSelector] Evaluating zone states: {'A': 'EMPTY', 'B': 'EMPTY'}  busy: {'A': False, 'B': False}
2026-04-15 15:42:52,832 INFO     [TaskSelector] → do_load (zone A empty)
2026-04-15 15:42:52,833 INFO     [FetchInput] Entering state
2026-04-15 15:42:52,835 INFO     [Service] /compute_grasps → success=False msg='No images received from PnP camera.'
2026-04-15 15:42:52,835 ERROR    [FetchInput] /compute_grasps service failed → exiting: failed
2026-04-15 15:42:52,836 DEBUG    [TaskSelector] Evaluating zone states: {'A': 'EMPTY', 'B': 'EMPTY'}  busy: {'A': False, 'B': False}
2026-04-15 15:42:52,837 INFO     [TaskSelector] → do_load (zone A empty)
2026-04-15 15:42:52,837 INFO     [FetchInput] Entering state
2026-04-15 15:42:52,840 INFO     [Service] /compute_grasps → success=False msg='No images received from PnP camera.'
2026-04-15 15:42:52,840 ERROR    [FetchInput] /compute_grasps service failed → exiting: failed
2026-04-15 15:42:52,841 DEBUG    [TaskSelector] Evaluating zone states: {'A': 'EMPTY', 'B': 'EMPTY'}  busy: {'A': False, 'B': False}
2026-04-15 15:42:52,841 INFO     [TaskSelector] → do_load (zone A empty)
2026-04-15 15:42:52,842 INFO     [FetchInput] Entering state
2026-04-15 15:42:52,846 INFO     [Service] /compute_grasps → success=False msg='No images received from PnP camera.'
2026-04-15 15:42:52,846 ERROR    [FetchInput] /compute_grasps service failed → exiting: failed
2026-04-15 15:42:52,848 DEBUG    [TaskSelector] Evaluating zone states: {'A': 'EMPTY', 'B': 'EMPTY'}  busy: {'A': False, 'B': False}
2026-04-15 15:42:52,848 INFO     [TaskSelector] → do_load (zone A empty)
2026-04-15 15:42:52,849 INFO     [FetchInput] Entering state
2026-04-15 15:42:52,851 INFO     [Service] /compute_grasps → success=False msg='No images received from PnP camera.'
2026-04-15 15:42:52,851 ERROR    [FetchInput] /compute_grasps service failed → exiting: failed
2026-04-15 15:42:52,852 DEBUG    [TaskSelector] Evaluating zone states: {'A': 'EMPTY', 'B': 'EMPTY'}  busy: {'A': False, 'B': False}
2026-04-15 15:42:52,852 INFO     [TaskSelector] → do_load (zone A empty)
2026-04-15 15:42:52,854 INFO     [FetchInput] Entering state
2026-04-15 15:42:52,861 INFO     [Service] /compute_grasps → success=False msg='No images received from PnP camera.'
2026-04-15 15:42:52,861 ERROR    [FetchInput] /compute_grasps service failed → exiting: failed
2026-04-15 15:42:52,863 DEBUG    [TaskSelector] Evaluating zone states: {'A': 'EMPTY', 'B': 'EMPTY'}  busy: {'A': False, 'B': False}
2026-04-15 15:42:52,863 INFO     [TaskSelector] → do_load (zone A empty)
2026-04-15 15:42:52,865 INFO     [FetchInput] Entering state
2026-04-15 15:42:52,868 INFO     [Service] /compute_grasps → success=False msg='No images received from PnP camera.'
2026-04-15 15:42:52,868 ERROR    [FetchInput] /compute_grasps service failed → exiting: failed
2026-04-15 15:42:52,869 DEBUG    [TaskSelector] Evaluating zone states: {'A': 'EMPTY', 'B': 'EMPTY'}  busy: {'A': False, 'B': False}
2026-04-15 15:42:52,869 INFO     [TaskSelector] → do_load (zone A empty)
2026-04-15 15:42:52,870 INFO     [FetchInput] Entering state
2026-04-15 15:42:52,873 INFO     [Service] /compute_grasps → success=False msg='No images received from PnP camera.'
2026-04-15 15:42:52,873 ERROR    [FetchInput] /compute_grasps service failed → exiting: failed
2026-04-15 15:42:52,874 DEBUG    [TaskSelector] Evaluating zone states: {'A': 'EMPTY', 'B': 'EMPTY'}  busy: {'A': False, 'B': False}
2026-04-15 15:42:52,874 INFO     [TaskSelector] → do_load (zone A empty)
2026-04-15 15:42:52,875 INFO     [FetchInput] Entering state
2026-04-15 15:42:52,878 INFO     [Service] /compute_grasps → success=False msg='No images received from PnP camera.'
2026-04-15 15:42:52,878 ERROR    [FetchInput] /compute_grasps service failed → exiting: failed
2026-04-15 15:42:52,879 DEBUG    [TaskSelector] Evaluating zone states: {'A': 'EMPTY', 'B': 'EMPTY'}  busy: {'A': False, 'B': False}
2026-04-15 15:42:52,880 INFO     [TaskSelector] → do_load (zone A empty)
2026-04-15 15:42:52,880 INFO     [FetchInput] Entering state
2026-04-15 15:42:52,883 INFO     [Service] /compute_grasps → success=False msg='No images received from PnP camera.'
2026-04-15 15:42:52,883 ERROR    [FetchInput] /compute_grasps service failed → exiting: failed
2026-04-15 15:42:52,884 DEBUG    [TaskSelector] Evaluating zone states: {'A': 'EMPTY', 'B': 'EMPTY'}  busy: {'A': False, 'B': False}
2026-04-15 15:42:52,884 INFO     [TaskSelector] → do_load (zone A empty)
2026-04-15 15:42:52,884 INFO     [FetchInput] Entering state
2026-04-15 15:42:52,887 INFO     [Service] /compute_grasps → success=False msg='No images received from PnP camera.'
2026-04-15 15:42:52,887 ERROR    [FetchInput] /compute_grasps service failed → exiting: failed
2026-04-15 15:42:52,888 DEBUG    [TaskSelector] Evaluating zone states: {'A': 'EMPTY', 'B': 'EMPTY'}  busy: {'A': False, 'B': False}
2026-04-15 15:42:52,888 INFO     [TaskSelector] → do_load (zone A empty)
2026-04-15 15:42:52,888 INFO     [FetchInput] Entering state
2026-04-15 15:42:52,891 INFO     [Service] /compute_grasps → success=False msg='No images received from PnP camera.'
2026-04-15 15:42:52,891 ERROR    [FetchInput] /compute_grasps service failed → exiting: failed
2026-04-15 15:42:52,892 DEBUG    [TaskSelector] Evaluating zone states: {'A': 'EMPTY', 'B': 'EMPTY'}  busy: {'A': False, 'B': False}
2026-04-15 15:42:52,892 INFO     [TaskSelector] → do_load (zone A empty)
2026-04-15 15:42:52,893 INFO     [FetchInput] Entering state
2026-04-15 15:42:52,896 INFO     [Service] /compute_grasps → success=False msg='No images received from PnP camera.'
2026-04-15 15:42:52,896 ERROR    [FetchInput] /compute_grasps service failed → exiting: failed
2026-04-15 15:42:52,897 DEBUG    [TaskSelector] Evaluating zone states: {'A': 'EMPTY', 'B': 'EMPTY'}  busy: {'A': False, 'B': False}
2026-04-15 15:42:52,897 INFO     [TaskSelector] → do_load (zone A empty)
2026-04-15 15:42:52,898 INFO     [FetchInput] Entering state
2026-04-15 15:42:52,900 INFO     [Service] /compute_grasps → success=False msg='No images received from PnP camera.'
2026-04-15 15:42:52,900 ERROR    [FetchInput] /compute_grasps service failed → exiting: failed
2026-04-15 15:42:52,901 DEBUG    [TaskSelector] Evaluating zone states: {'A': 'EMPTY', 'B': 'EMPTY'}  busy: {'A': False, 'B': False}
2026-04-15 15:42:52,901 INFO     [TaskSelector] → do_load (zone A empty)
2026-04-15 15:42:52,902 INFO     [FetchInput] Entering state
2026-04-15 15:42:52,904 INFO     [Service] /compute_grasps → success=False msg='No images received from PnP camera.'
2026-04-15 15:42:52,904 ERROR    [FetchInput] /compute_grasps service failed → exiting: failed
2026-04-15 15:42:52,905 DEBUG    [TaskSelector] Evaluating zone states: {'A': 'EMPTY', 'B': 'EMPTY'}  busy: {'A': False, 'B': False}
2026-04-15 15:42:52,906 INFO     [TaskSelector] → do_load (zone A empty)
2026-04-15 15:42:52,906 INFO     [FetchInput] Entering state
2026-04-15 15:42:52,910 INFO     [Service] /compute_grasps → success=False msg='No images received from PnP camera.'
2026-04-15 15:42:52,910 ERROR    [FetchInput] /compute_grasps service failed → exiting: failed
2026-04-15 15:42:52,912 DEBUG    [TaskSelector] Evaluating zone states: {'A': 'EMPTY', 'B': 'EMPTY'}  busy: {'A': False, 'B': False}
2026-04-15 15:42:52,912 INFO     [TaskSelector] → do_load (zone A empty)
2026-04-15 15:42:52,914 INFO     [FetchInput] Entering state
2026-04-15 15:42:52,918 INFO     [Service] /compute_grasps → success=False msg='No images received from PnP camera.'
2026-04-15 15:42:52,918 ERROR    [FetchInput] /compute_grasps service failed → exiting: failed
2026-04-15 15:42:52,919 DEBUG    [TaskSelector] Evaluating zone states: {'A': 'EMPTY', 'B': 'EMPTY'}  busy: {'A': False, 'B': False}
2026-04-15 15:42:52,919 INFO     [TaskSelector] → do_load (zone A empty)
2026-04-15 15:42:52,920 INFO     [FetchInput] Entering state
2026-04-15 15:42:52,924 INFO     [Service] /compute_grasps → success=False msg='No images received from PnP camera.'
2026-04-15 15:42:52,924 ERROR    [FetchInput] /compute_grasps service failed → exiting: failed
2026-04-15 15:42:52,925 DEBUG    [TaskSelector] Evaluating zone states: {'A': 'EMPTY', 'B': 'EMPTY'}  busy: {'A': False, 'B': False}
2026-04-15 15:42:52,925 INFO     [TaskSelector] → do_load (zone A empty)
2026-04-15 15:42:52,928 INFO     [FetchInput] Entering state
2026-04-15 15:42:52,934 INFO     [Service] /compute_grasps → success=False msg='No images received from PnP camera.'
2026-04-15 15:42:52,934 ERROR    [FetchInput] /compute_grasps service failed → exiting: failed
2026-04-15 15:42:52,936 DEBUG    [TaskSelector] Evaluating zone states: {'A': 'EMPTY', 'B': 'EMPTY'}  busy: {'A': False, 'B': False}
2026-04-15 15:42:52,936 INFO     [TaskSelector] → do_load (zone A empty)
2026-04-15 15:42:52,938 INFO     [FetchInput] Entering state
2026-04-15 15:42:52,941 INFO     [Service] /compute_grasps → success=False msg='No images received from PnP camera.'
2026-04-15 15:42:52,941 ERROR    [FetchInput] /compute_grasps service failed → exiting: failed
2026-04-15 15:42:52,942 DEBUG    [TaskSelector] Evaluating zone states: {'A': 'EMPTY', 'B': 'EMPTY'}  busy: {'A': False, 'B': False}
2026-04-15 15:42:52,942 INFO     [TaskSelector] → do_load (zone A empty)
2026-04-15 15:42:52,943 INFO     [FetchInput] Entering state
2026-04-15 15:42:52,945 INFO     [Service] /compute_grasps → success=False msg='No images received from PnP camera.'
2026-04-15 15:42:52,946 ERROR    [FetchInput] /compute_grasps service failed → exiting: failed
2026-04-15 15:42:52,946 DEBUG    [TaskSelector] Evaluating zone states: {'A': 'EMPTY', 'B': 'EMPTY'}  busy: {'A': False, 'B': False}
2026-04-15 15:42:52,947 INFO     [TaskSelector] → do_load (zone A empty)
2026-04-15 15:42:52,947 INFO     [FetchInput] Entering state
2026-04-15 15:42:52,949 INFO     [Service] /compute_grasps → success=False msg='No images received from PnP camera.'
2026-04-15 15:42:52,949 ERROR    [FetchInput] /compute_grasps service failed → exiting: failed
2026-04-15 15:42:52,950 DEBUG    [TaskSelector] Evaluating zone states: {'A': 'EMPTY', 'B': 'EMPTY'}  busy: {'A': False, 'B': False}
2026-04-15 15:42:52,951 INFO     [TaskSelector] → do_load (zone A empty)
2026-04-15 15:42:52,951 INFO     [FetchInput] Entering state
2026-04-15 15:42:52,953 INFO     [Service] /compute_grasps → success=False msg='No images received from PnP camera.'
2026-04-15 15:42:52,953 ERROR    [FetchInput] /compute_grasps service failed → exiting: failed
2026-04-15 15:42:52,954 DEBUG    [TaskSelector] Evaluating zone states: {'A': 'EMPTY', 'B': 'EMPTY'}  busy: {'A': False, 'B': False}
2026-04-15 15:42:52,954 INFO     [TaskSelector] → do_load (zone A empty)
2026-04-15 15:42:52,955 INFO     [FetchInput] Entering state
2026-04-15 15:42:52,958 INFO     [Service] /compute_grasps → success=False msg='No images received from PnP camera.'
2026-04-15 15:42:52,958 ERROR    [FetchInput] /compute_grasps service failed → exiting: failed
2026-04-15 15:42:52,959 DEBUG    [TaskSelector] Evaluating zone states: {'A': 'EMPTY', 'B': 'EMPTY'}  busy: {'A': False, 'B': False}
2026-04-15 15:42:52,959 INFO     [TaskSelector] → do_load (zone A empty)
2026-04-15 15:42:52,960 INFO     [FetchInput] Entering state
2026-04-15 15:42:52,962 INFO     [Service] /compute_grasps → success=False msg='No images received from PnP camera.'
2026-04-15 15:42:52,963 ERROR    [FetchInput] /compute_grasps service failed → exiting: failed
2026-04-15 15:42:52,963 DEBUG    [TaskSelector] Evaluating zone states: {'A': 'EMPTY', 'B': 'EMPTY'}  busy: {'A': False, 'B': False}
2026-04-15 15:42:52,963 INFO     [TaskSelector] → do_load (zone A empty)
2026-04-15 15:42:52,964 INFO     [FetchInput] Entering state
2026-04-15 15:42:52,967 INFO     [Service] /compute_grasps → success=False msg='No images received from PnP camera.'
2026-04-15 15:42:52,967 ERROR    [FetchInput] /compute_grasps service failed → exiting: failed
2026-04-15 15:42:52,968 DEBUG    [TaskSelector] Evaluating zone states: {'A': 'EMPTY', 'B': 'EMPTY'}  busy: {'A': False, 'B': False}
2026-04-15 15:42:52,968 INFO     [TaskSelector] → do_load (zone A empty)
2026-04-15 15:42:52,968 INFO     [FetchInput] Entering state
2026-04-15 15:42:52,971 INFO     [Service] /compute_grasps → success=False msg='No images received from PnP camera.'
2026-04-15 15:42:52,971 ERROR    [FetchInput] /compute_grasps service failed → exiting: failed
2026-04-15 15:42:52,972 DEBUG    [TaskSelector] Evaluating zone states: {'A': 'EMPTY', 'B': 'EMPTY'}  busy: {'A': False, 'B': False}
2026-04-15 15:42:52,972 INFO     [TaskSelector] → do_load (zone A empty)
2026-04-15 15:42:52,973 INFO     [FetchInput] Entering state
2026-04-15 15:42:52,975 INFO     [Service] /compute_grasps → success=False msg='No images received from PnP camera.'
2026-04-15 15:42:52,976 ERROR    [FetchInput] /compute_grasps service failed → exiting: failed
2026-04-15 15:42:52,978 DEBUG    [TaskSelector] Evaluating zone states: {'A': 'EMPTY', 'B': 'EMPTY'}  busy: {'A': False, 'B': False}
2026-04-15 15:42:52,978 INFO     [TaskSelector] → do_load (zone A empty)
2026-04-15 15:42:52,980 INFO     [FetchInput] Entering state
2026-04-15 15:42:52,984 INFO     [Service] /compute_grasps → success=False msg='No images received from PnP camera.'
2026-04-15 15:42:52,984 ERROR    [FetchInput] /compute_grasps service failed → exiting: failed
2026-04-15 15:42:52,985 DEBUG    [TaskSelector] Evaluating zone states: {'A': 'EMPTY', 'B': 'EMPTY'}  busy: {'A': False, 'B': False}
2026-04-15 15:42:52,985 INFO     [TaskSelector] → do_load (zone A empty)
2026-04-15 15:42:52,986 INFO     [FetchInput] Entering state
2026-04-15 15:42:52,990 INFO     [Service] /compute_grasps → success=False msg='No images received from PnP camera.'
2026-04-15 15:42:52,990 ERROR    [FetchInput] /compute_grasps service failed → exiting: failed
2026-04-15 15:42:52,993 DEBUG    [TaskSelector] Evaluating zone states: {'A': 'EMPTY', 'B': 'EMPTY'}  busy: {'A': False, 'B': False}
2026-04-15 15:42:52,993 INFO     [TaskSelector] → do_load (zone A empty)
2026-04-15 15:42:52,994 INFO     [FetchInput] Entering state
2026-04-15 15:42:53,002 INFO     [Service] /compute_grasps → success=False msg='No images received from PnP camera.'
2026-04-15 15:42:53,002 ERROR    [FetchInput] /compute_grasps service failed → exiting: failed
2026-04-15 15:42:53,004 DEBUG    [TaskSelector] Evaluating zone states: {'A': 'EMPTY', 'B': 'EMPTY'}  busy: {'A': False, 'B': False}
2026-04-15 15:42:53,004 INFO     [TaskSelector] → do_load (zone A empty)
2026-04-15 15:42:53,006 INFO     [FetchInput] Entering state
2026-04-15 15:42:53,008 INFO     [Service] /compute_grasps → success=False msg='No images received from PnP camera.'
2026-04-15 15:42:53,008 ERROR    [FetchInput] /compute_grasps service failed → exiting: failed
2026-04-15 15:42:53,009 DEBUG    [TaskSelector] Evaluating zone states: {'A': 'EMPTY', 'B': 'EMPTY'}  busy: {'A': False, 'B': False}
2026-04-15 15:42:53,009 INFO     [TaskSelector] → do_load (zone A empty)
2026-04-15 15:42:53,010 INFO     [FetchInput] Entering state
2026-04-15 15:42:53,013 INFO     [Service] /compute_grasps → success=False msg='No images received from PnP camera.'
2026-04-15 15:42:53,013 ERROR    [FetchInput] /compute_grasps service failed → exiting: failed
2026-04-15 15:42:53,014 DEBUG    [TaskSelector] Evaluating zone states: {'A': 'EMPTY', 'B': 'EMPTY'}  busy: {'A': False, 'B': False}
2026-04-15 15:42:53,014 INFO     [TaskSelector] → do_load (zone A empty)
2026-04-15 15:42:53,015 INFO     [FetchInput] Entering state
2026-04-15 15:42:53,017 INFO     [Service] /compute_grasps → success=False msg='No images received from PnP camera.'
2026-04-15 15:42:53,017 ERROR    [FetchInput] /compute_grasps service failed → exiting: failed
2026-04-15 15:42:53,018 DEBUG    [TaskSelector] Evaluating zone states: {'A': 'EMPTY', 'B': 'EMPTY'}  busy: {'A': False, 'B': False}
2026-04-15 15:42:53,018 INFO     [TaskSelector] → do_load (zone A empty)
2026-04-15 15:42:53,019 INFO     [FetchInput] Entering state
2026-04-15 15:42:53,021 INFO     [Service] /compute_grasps → success=False msg='No images received from PnP camera.'
2026-04-15 15:42:53,021 ERROR    [FetchInput] /compute_grasps service failed → exiting: failed
2026-04-15 15:42:53,022 DEBUG    [TaskSelector] Evaluating zone states: {'A': 'EMPTY', 'B': 'EMPTY'}  busy: {'A': False, 'B': False}
2026-04-15 15:42:53,022 INFO     [TaskSelector] → do_load (zone A empty)
2026-04-15 15:42:53,023 INFO     [FetchInput] Entering state
2026-04-15 15:42:53,025 INFO     [Service] /compute_grasps → success=False msg='No images received from PnP camera.'
2026-04-15 15:42:53,026 ERROR    [FetchInput] /compute_grasps service failed → exiting: failed
2026-04-15 15:42:53,027 DEBUG    [TaskSelector] Evaluating zone states: {'A': 'EMPTY', 'B': 'EMPTY'}  busy: {'A': False, 'B': False}
2026-04-15 15:42:53,027 INFO     [TaskSelector] → do_load (zone A empty)
2026-04-15 15:42:53,028 INFO     [FetchInput] Entering state
2026-04-15 15:42:53,032 INFO     [Service] /compute_grasps → success=False msg='No images received from PnP camera.'
2026-04-15 15:42:53,032 ERROR    [FetchInput] /compute_grasps service failed → exiting: failed
2026-04-15 15:42:53,033 DEBUG    [TaskSelector] Evaluating zone states: {'A': 'EMPTY', 'B': 'EMPTY'}  busy: {'A': False, 'B': False}
2026-04-15 15:42:53,033 INFO     [TaskSelector] → do_load (zone A empty)
2026-04-15 15:42:53,033 INFO     [FetchInput] Entering state
2026-04-15 15:42:53,036 INFO     [Service] /compute_grasps → success=False msg='No images received from PnP camera.'
2026-04-15 15:42:53,036 ERROR    [FetchInput] /compute_grasps service failed → exiting: failed
2026-04-15 15:42:53,037 DEBUG    [TaskSelector] Evaluating zone states: {'A': 'EMPTY', 'B': 'EMPTY'}  busy: {'A': False, 'B': False}
2026-04-15 15:42:53,037 INFO     [TaskSelector] → do_load (zone A empty)
2026-04-15 15:42:53,038 INFO     [FetchInput] Entering state
2026-04-15 15:42:53,040 INFO     [Service] /compute_grasps → success=False msg='No images received from PnP camera.'
2026-04-15 15:42:53,040 ERROR    [FetchInput] /compute_grasps service failed → exiting: failed
2026-04-15 15:42:53,041 DEBUG    [TaskSelector] Evaluating zone states: {'A': 'EMPTY', 'B': 'EMPTY'}  busy: {'A': False, 'B': False}
2026-04-15 15:42:53,041 INFO     [TaskSelector] → do_load (zone A empty)
2026-04-15 15:42:53,042 INFO     [FetchInput] Entering state
2026-04-15 15:42:53,046 INFO     [Service] /compute_grasps → success=False msg='No images received from PnP camera.'
2026-04-15 15:42:53,046 ERROR    [FetchInput] /compute_grasps service failed → exiting: failed
2026-04-15 15:42:53,048 DEBUG    [TaskSelector] Evaluating zone states: {'A': 'EMPTY', 'B': 'EMPTY'}  busy: {'A': False, 'B': False}
2026-04-15 15:42:53,048 INFO     [TaskSelector] → do_load (zone A empty)
2026-04-15 15:42:53,049 INFO     [FetchInput] Entering state
2026-04-15 15:42:53,052 INFO     [Service] /compute_grasps → success=False msg='No images received from PnP camera.'
2026-04-15 15:42:53,052 ERROR    [FetchInput] /compute_grasps service failed → exiting: failed
2026-04-15 15:42:53,052 DEBUG    [TaskSelector] Evaluating zone states: {'A': 'EMPTY', 'B': 'EMPTY'}  busy: {'A': False, 'B': False}
2026-04-15 15:42:53,052 INFO     [TaskSelector] → do_load (zone A empty)
2026-04-15 15:42:53,054 INFO     [FetchInput] Entering state
2026-04-15 15:42:53,061 INFO     [Service] /compute_grasps → success=False msg='No images received from PnP camera.'
2026-04-15 15:42:53,062 ERROR    [FetchInput] /compute_grasps service failed → exiting: failed
2026-04-15 15:42:53,065 DEBUG    [TaskSelector] Evaluating zone states: {'A': 'EMPTY', 'B': 'EMPTY'}  busy: {'A': False, 'B': False}
2026-04-15 15:42:53,065 INFO     [TaskSelector] → do_load (zone A empty)
2026-04-15 15:42:53,067 INFO     [FetchInput] Entering state
2026-04-15 15:42:53,070 INFO     [Service] /compute_grasps → success=False msg='No images received from PnP camera.'
2026-04-15 15:42:53,070 ERROR    [FetchInput] /compute_grasps service failed → exiting: failed
2026-04-15 15:42:53,071 DEBUG    [TaskSelector] Evaluating zone states: {'A': 'EMPTY', 'B': 'EMPTY'}  busy: {'A': False, 'B': False}
2026-04-15 15:42:53,071 INFO     [TaskSelector] → do_load (zone A empty)
2026-04-15 15:42:53,071 INFO     [FetchInput] Entering state
2026-04-15 15:42:53,074 INFO     [Service] /compute_grasps → success=False msg='No images received from PnP camera.'
2026-04-15 15:42:53,074 ERROR    [FetchInput] /compute_grasps service failed → exiting: failed
2026-04-15 15:42:53,075 DEBUG    [TaskSelector] Evaluating zone states: {'A': 'EMPTY', 'B': 'EMPTY'}  busy: {'A': False, 'B': False}
2026-04-15 15:42:53,075 INFO     [TaskSelector] → do_load (zone A empty)
2026-04-15 15:42:53,078 INFO     [FetchInput] Entering state
2026-04-15 15:42:53,081 INFO     [Service] /compute_grasps → success=False msg='No images received from PnP camera.'
2026-04-15 15:42:53,081 ERROR    [FetchInput] /compute_grasps service failed → exiting: failed
2026-04-15 15:42:53,082 DEBUG    [TaskSelector] Evaluating zone states: {'A': 'EMPTY', 'B': 'EMPTY'}  busy: {'A': False, 'B': False}
2026-04-15 15:42:53,082 INFO     [TaskSelector] → do_load (zone A empty)
2026-04-15 15:42:53,083 INFO     [FetchInput] Entering state
2026-04-15 15:42:53,085 INFO     [Service] /compute_grasps → success=False msg='No images received from PnP camera.'
2026-04-15 15:42:53,085 ERROR    [FetchInput] /compute_grasps service failed → exiting: failed
2026-04-15 15:42:53,086 DEBUG    [TaskSelector] Evaluating zone states: {'A': 'EMPTY', 'B': 'EMPTY'}  busy: {'A': False, 'B': False}
2026-04-15 15:42:53,086 INFO     [TaskSelector] → do_load (zone A empty)
2026-04-15 15:42:53,087 INFO     [FetchInput] Entering state
2026-04-15 15:42:53,090 INFO     [Service] /compute_grasps → success=False msg='No images received from PnP camera.'
2026-04-15 15:42:53,090 ERROR    [FetchInput] /compute_grasps service failed → exiting: failed
2026-04-15 15:42:53,091 DEBUG    [TaskSelector] Evaluating zone states: {'A': 'EMPTY', 'B': 'EMPTY'}  busy: {'A': False, 'B': False}
2026-04-15 15:42:53,091 INFO     [TaskSelector] → do_load (zone A empty)
2026-04-15 15:42:53,093 INFO     [FetchInput] Entering state
2026-04-15 15:42:53,098 INFO     [Service] /compute_grasps → success=False msg='No images received from PnP camera.'
2026-04-15 15:42:53,098 ERROR    [FetchInput] /compute_grasps service failed → exiting: failed
2026-04-15 15:42:53,100 DEBUG    [TaskSelector] Evaluating zone states: {'A': 'EMPTY', 'B': 'EMPTY'}  busy: {'A': False, 'B': False}
2026-04-15 15:42:53,100 INFO     [TaskSelector] → do_load (zone A empty)
2026-04-15 15:42:53,101 INFO     [FetchInput] Entering state
2026-04-15 15:42:53,103 INFO     [Service] /compute_grasps → success=False msg='No images received from PnP camera.'
2026-04-15 15:42:53,103 ERROR    [FetchInput] /compute_grasps service failed → exiting: failed
2026-04-15 15:42:53,104 DEBUG    [TaskSelector] Evaluating zone states: {'A': 'EMPTY', 'B': 'EMPTY'}  busy: {'A': False, 'B': False}
2026-04-15 15:42:53,104 INFO     [TaskSelector] → do_load (zone A empty)
2026-04-15 15:42:53,105 INFO     [FetchInput] Entering state
2026-04-15 15:42:53,110 INFO     [Service] /compute_grasps → success=False msg='No images received from PnP camera.'
2026-04-15 15:42:53,110 ERROR    [FetchInput] /compute_grasps service failed → exiting: failed
2026-04-15 15:42:53,112 DEBUG    [TaskSelector] Evaluating zone states: {'A': 'EMPTY', 'B': 'EMPTY'}  busy: {'A': False, 'B': False}
2026-04-15 15:42:53,113 INFO     [TaskSelector] → do_load (zone A empty)
2026-04-15 15:42:53,114 INFO     [FetchInput] Entering state
2026-04-15 15:42:53,118 INFO     [Service] /compute_grasps → success=False msg='No images received from PnP camera.'
2026-04-15 15:42:53,118 ERROR    [FetchInput] /compute_grasps service failed → exiting: failed
2026-04-15 15:42:53,119 DEBUG    [TaskSelector] Evaluating zone states: {'A': 'EMPTY', 'B': 'EMPTY'}  busy: {'A': False, 'B': False}
2026-04-15 15:42:53,119 INFO     [TaskSelector] → do_load (zone A empty)
2026-04-15 15:42:53,120 INFO     [FetchInput] Entering state
2026-04-15 15:42:53,124 INFO     [Service] /compute_grasps → success=False msg='No images received from PnP camera.'
2026-04-15 15:42:53,125 ERROR    [FetchInput] /compute_grasps service failed → exiting: failed
2026-04-15 15:42:53,129 DEBUG    [TaskSelector] Evaluating zone states: {'A': 'EMPTY', 'B': 'EMPTY'}  busy: {'A': False, 'B': False}
2026-04-15 15:42:53,130 INFO     [TaskSelector] → do_load (zone A empty)
2026-04-15 15:42:53,133 INFO     [FetchInput] Entering state
2026-04-15 15:42:53,140 INFO     [Service] /compute_grasps → success=False msg='No images received from PnP camera.'
2026-04-15 15:42:53,140 ERROR    [FetchInput] /compute_grasps service failed → exiting: failed
2026-04-15 15:42:53,141 DEBUG    [TaskSelector] Evaluating zone states: {'A': 'EMPTY', 'B': 'EMPTY'}  busy: {'A': False, 'B': False}
2026-04-15 15:42:53,141 INFO     [TaskSelector] → do_load (zone A empty)
2026-04-15 15:42:53,142 INFO     [FetchInput] Entering state
2026-04-15 15:42:53,144 INFO     [Service] /compute_grasps → success=False msg='No images received from PnP camera.'
2026-04-15 15:42:53,144 ERROR    [FetchInput] /compute_grasps service failed → exiting: failed
2026-04-15 15:42:53,145 DEBUG    [TaskSelector] Evaluating zone states: {'A': 'EMPTY', 'B': 'EMPTY'}  busy: {'A': False, 'B': False}
2026-04-15 15:42:53,145 INFO     [TaskSelector] → do_load (zone A empty)
2026-04-15 15:42:53,146 INFO     [FetchInput] Entering state
2026-04-15 15:42:53,148 INFO     [Service] /compute_grasps → success=False msg='No images received from PnP camera.'
2026-04-15 15:42:53,148 ERROR    [FetchInput] /compute_grasps service failed → exiting: failed
2026-04-15 15:42:53,149 DEBUG    [TaskSelector] Evaluating zone states: {'A': 'EMPTY', 'B': 'EMPTY'}  busy: {'A': False, 'B': False}
2026-04-15 15:42:53,149 INFO     [TaskSelector] → do_load (zone A empty)
2026-04-15 15:42:53,150 INFO     [FetchInput] Entering state
2026-04-15 15:42:53,152 INFO     [Service] /compute_grasps → success=False msg='No images received from PnP camera.'
2026-04-15 15:42:53,152 ERROR    [FetchInput] /compute_grasps service failed → exiting: failed
2026-04-15 15:42:53,153 DEBUG    [TaskSelector] Evaluating zone states: {'A': 'EMPTY', 'B': 'EMPTY'}  busy: {'A': False, 'B': False}
2026-04-15 15:42:53,153 INFO     [TaskSelector] → do_load (zone A empty)
2026-04-15 15:42:53,154 INFO     [FetchInput] Entering state
2026-04-15 15:42:53,156 INFO     [Service] /compute_grasps → success=False msg='No images received from PnP camera.'
2026-04-15 15:42:53,157 ERROR    [FetchInput] /compute_grasps service failed → exiting: failed
2026-04-15 15:42:53,158 DEBUG    [TaskSelector] Evaluating zone states: {'A': 'EMPTY', 'B': 'EMPTY'}  busy: {'A': False, 'B': False}
2026-04-15 15:42:53,158 INFO     [TaskSelector] → do_load (zone A empty)
2026-04-15 15:42:53,159 INFO     [FetchInput] Entering state
2026-04-15 15:42:53,162 INFO     [Service] /compute_grasps → success=False msg='No images received from PnP camera.'
2026-04-15 15:42:53,162 ERROR    [FetchInput] /compute_grasps service failed → exiting: failed
2026-04-15 15:42:53,164 DEBUG    [TaskSelector] Evaluating zone states: {'A': 'EMPTY', 'B': 'EMPTY'}  busy: {'A': False, 'B': False}
2026-04-15 15:42:53,164 INFO     [TaskSelector] → do_load (zone A empty)
2026-04-15 15:42:53,166 INFO     [FetchInput] Entering state
2026-04-15 15:42:53,168 INFO     [Service] /compute_grasps → success=False msg='No images received from PnP camera.'
2026-04-15 15:42:53,168 ERROR    [FetchInput] /compute_grasps service failed → exiting: failed
2026-04-15 15:42:53,169 DEBUG    [TaskSelector] Evaluating zone states: {'A': 'EMPTY', 'B': 'EMPTY'}  busy: {'A': False, 'B': False}
2026-04-15 15:42:53,169 INFO     [TaskSelector] → do_load (zone A empty)
2026-04-15 15:42:53,169 INFO     [FetchInput] Entering state
2026-04-15 15:42:53,172 INFO     [Service] /compute_grasps → success=False msg='No images received from PnP camera.'
2026-04-15 15:42:53,172 ERROR    [FetchInput] /compute_grasps service failed → exiting: failed
2026-04-15 15:42:53,173 DEBUG    [TaskSelector] Evaluating zone states: {'A': 'EMPTY', 'B': 'EMPTY'}  busy: {'A': False, 'B': False}
2026-04-15 15:42:53,173 INFO     [TaskSelector] → do_load (zone A empty)
2026-04-15 15:42:53,173 INFO     [FetchInput] Entering state
2026-04-15 15:42:53,176 INFO     [Service] /compute_grasps → success=False msg='No images received from PnP camera.'
2026-04-15 15:42:53,177 ERROR    [FetchInput] /compute_grasps service failed → exiting: failed
2026-04-15 15:42:53,178 DEBUG    [TaskSelector] Evaluating zone states: {'A': 'EMPTY', 'B': 'EMPTY'}  busy: {'A': False, 'B': False}
2026-04-15 15:42:53,179 INFO     [TaskSelector] → do_load (zone A empty)
2026-04-15 15:42:53,180 INFO     [FetchInput] Entering state
2026-04-15 15:42:53,184 INFO     [Service] /compute_grasps → success=False msg='No images received from PnP camera.'
2026-04-15 15:42:53,184 ERROR    [FetchInput] /compute_grasps service failed → exiting: failed
2026-04-15 15:42:53,185 DEBUG    [TaskSelector] Evaluating zone states: {'A': 'EMPTY', 'B': 'EMPTY'}  busy: {'A': False, 'B': False}
2026-04-15 15:42:53,185 INFO     [TaskSelector] → do_load (zone A empty)
2026-04-15 15:42:53,186 INFO     [FetchInput] Entering state
2026-04-15 15:42:53,190 INFO     [Service] /compute_grasps → success=False msg='No images received from PnP camera.'
2026-04-15 15:42:53,190 ERROR    [FetchInput] /compute_grasps service failed → exiting: failed
2026-04-15 15:42:53,192 DEBUG    [TaskSelector] Evaluating zone states: {'A': 'EMPTY', 'B': 'EMPTY'}  busy: {'A': False, 'B': False}
2026-04-15 15:42:53,193 INFO     [TaskSelector] → do_load (zone A empty)
2026-04-15 15:42:53,194 INFO     [FetchInput] Entering state
2026-04-15 15:42:53,200 INFO     [Service] /compute_grasps → success=False msg='No images received from PnP camera.'
2026-04-15 15:42:53,201 ERROR    [FetchInput] /compute_grasps service failed → exiting: failed
2026-04-15 15:42:53,202 DEBUG    [TaskSelector] Evaluating zone states: {'A': 'EMPTY', 'B': 'EMPTY'}  busy: {'A': False, 'B': False}
2026-04-15 15:42:53,202 INFO     [TaskSelector] → do_load (zone A empty)
2026-04-15 15:42:53,204 INFO     [FetchInput] Entering state
2026-04-15 15:42:53,208 INFO     [Service] /compute_grasps → success=False msg='No images received from PnP camera.'
2026-04-15 15:42:53,208 ERROR    [FetchInput] /compute_grasps service failed → exiting: failed
2026-04-15 15:42:53,210 DEBUG    [TaskSelector] Evaluating zone states: {'A': 'EMPTY', 'B': 'EMPTY'}  busy: {'A': False, 'B': False}
2026-04-15 15:42:53,210 INFO     [TaskSelector] → do_load (zone A empty)
2026-04-15 15:42:53,210 INFO     [FetchInput] Entering state
2026-04-15 15:42:53,213 INFO     [Service] /compute_grasps → success=False msg='No images received from PnP camera.'
2026-04-15 15:42:53,213 ERROR    [FetchInput] /compute_grasps service failed → exiting: failed
2026-04-15 15:42:53,214 DEBUG    [TaskSelector] Evaluating zone states: {'A': 'EMPTY', 'B': 'EMPTY'}  busy: {'A': False, 'B': False}
2026-04-15 15:42:53,214 INFO     [TaskSelector] → do_load (zone A empty)
2026-04-15 15:42:53,214 INFO     [FetchInput] Entering state
2026-04-15 15:42:53,217 INFO     [Service] /compute_grasps → success=False msg='No images received from PnP camera.'
2026-04-15 15:42:53,217 ERROR    [FetchInput] /compute_grasps service failed → exiting: failed
2026-04-15 15:42:53,217 DEBUG    [TaskSelector] Evaluating zone states: {'A': 'EMPTY', 'B': 'EMPTY'}  busy: {'A': False, 'B': False}
2026-04-15 15:42:53,217 INFO     [TaskSelector] → do_load (zone A empty)
2026-04-15 15:42:53,218 INFO     [FetchInput] Entering state
2026-04-15 15:42:53,220 INFO     [Service] /compute_grasps → success=False msg='No images received from PnP camera.'
2026-04-15 15:42:53,220 ERROR    [FetchInput] /compute_grasps service failed → exiting: failed
2026-04-15 15:42:53,221 DEBUG    [TaskSelector] Evaluating zone states: {'A': 'EMPTY', 'B': 'EMPTY'}  busy: {'A': False, 'B': False}
2026-04-15 15:42:53,221 INFO     [TaskSelector] → do_load (zone A empty)
2026-04-15 15:42:53,222 INFO     [FetchInput] Entering state
2026-04-15 15:42:53,224 INFO     [Service] /compute_grasps → success=False msg='No images received from PnP camera.'
2026-04-15 15:42:53,224 ERROR    [FetchInput] /compute_grasps service failed → exiting: failed
2026-04-15 15:42:53,226 DEBUG    [TaskSelector] Evaluating zone states: {'A': 'EMPTY', 'B': 'EMPTY'}  busy: {'A': False, 'B': False}
2026-04-15 15:42:53,226 INFO     [TaskSelector] → do_load (zone A empty)
2026-04-15 15:42:53,227 INFO     [FetchInput] Entering state
2026-04-15 15:42:53,230 INFO     [Service] /compute_grasps → success=False msg='No images received from PnP camera.'
2026-04-15 15:42:53,230 ERROR    [FetchInput] /compute_grasps service failed → exiting: failed
2026-04-15 15:42:53,232 DEBUG    [TaskSelector] Evaluating zone states: {'A': 'EMPTY', 'B': 'EMPTY'}  busy: {'A': False, 'B': False}
2026-04-15 15:42:53,232 INFO     [TaskSelector] → do_load (zone A empty)
2026-04-15 15:42:53,233 INFO     [FetchInput] Entering state
2026-04-15 15:42:53,236 INFO     [Service] /compute_grasps → success=False msg='No images received from PnP camera.'
2026-04-15 15:42:53,236 ERROR    [FetchInput] /compute_grasps service failed → exiting: failed
2026-04-15 15:42:53,236 DEBUG    [TaskSelector] Evaluating zone states: {'A': 'EMPTY', 'B': 'EMPTY'}  busy: {'A': False, 'B': False}
2026-04-15 15:42:53,236 INFO     [TaskSelector] → do_load (zone A empty)
2026-04-15 15:42:53,237 INFO     [FetchInput] Entering state
2026-04-15 15:42:53,239 INFO     [Service] /compute_grasps → success=False msg='No images received from PnP camera.'
2026-04-15 15:42:53,239 ERROR    [FetchInput] /compute_grasps service failed → exiting: failed
2026-04-15 15:42:53,240 DEBUG    [TaskSelector] Evaluating zone states: {'A': 'EMPTY', 'B': 'EMPTY'}  busy: {'A': False, 'B': False}
2026-04-15 15:42:53,240 INFO     [TaskSelector] → do_load (zone A empty)
2026-04-15 15:42:53,241 INFO     [FetchInput] Entering state
2026-04-15 15:42:53,244 INFO     [Service] /compute_grasps → success=False msg='No images received from PnP camera.'
2026-04-15 15:42:53,244 ERROR    [FetchInput] /compute_grasps service failed → exiting: failed
2026-04-15 15:42:53,245 DEBUG    [TaskSelector] Evaluating zone states: {'A': 'EMPTY', 'B': 'EMPTY'}  busy: {'A': False, 'B': False}
2026-04-15 15:42:53,245 INFO     [TaskSelector] → do_load (zone A empty)
2026-04-15 15:42:53,246 INFO     [FetchInput] Entering state
2026-04-15 15:42:53,249 INFO     [Service] /compute_grasps → success=False msg='No images received from PnP camera.'
2026-04-15 15:42:53,249 ERROR    [FetchInput] /compute_grasps service failed → exiting: failed
2026-04-15 15:42:53,250 DEBUG    [TaskSelector] Evaluating zone states: {'A': 'EMPTY', 'B': 'EMPTY'}  busy: {'A': False, 'B': False}
2026-04-15 15:42:53,250 INFO     [TaskSelector] → do_load (zone A empty)
2026-04-15 15:42:53,251 INFO     [FetchInput] Entering state
2026-04-15 15:42:53,254 INFO     [Service] /compute_grasps → success=False msg='No images received from PnP camera.'
2026-04-15 15:42:53,254 ERROR    [FetchInput] /compute_grasps service failed → exiting: failed
2026-04-15 15:42:53,256 DEBUG    [TaskSelector] Evaluating zone states: {'A': 'EMPTY', 'B': 'EMPTY'}  busy: {'A': False, 'B': False}
2026-04-15 15:42:53,257 INFO     [TaskSelector] → do_load (zone A empty)
2026-04-15 15:42:53,260 INFO     [FetchInput] Entering state
2026-04-15 15:42:53,266 INFO     [Service] /compute_grasps → success=False msg='No images received from PnP camera.'
2026-04-15 15:42:53,266 ERROR    [FetchInput] /compute_grasps service failed → exiting: failed
2026-04-15 15:42:53,269 DEBUG    [TaskSelector] Evaluating zone states: {'A': 'EMPTY', 'B': 'EMPTY'}  busy: {'A': False, 'B': False}
2026-04-15 15:42:53,269 INFO     [TaskSelector] → do_load (zone A empty)
2026-04-15 15:42:53,270 INFO     [FetchInput] Entering state
2026-04-15 15:42:53,273 INFO     [Service] /compute_grasps → success=False msg='No images received from PnP camera.'
2026-04-15 15:42:53,273 ERROR    [FetchInput] /compute_grasps service failed → exiting: failed
2026-04-15 15:42:53,274 DEBUG    [TaskSelector] Evaluating zone states: {'A': 'EMPTY', 'B': 'EMPTY'}  busy: {'A': False, 'B': False}
2026-04-15 15:42:53,274 INFO     [TaskSelector] → do_load (zone A empty)
2026-04-15 15:42:53,275 INFO     [FetchInput] Entering state
2026-04-15 15:42:53,279 INFO     [Service] /compute_grasps → success=False msg='No images received from PnP camera.'
2026-04-15 15:42:53,279 ERROR    [FetchInput] /compute_grasps service failed → exiting: failed
2026-04-15 15:42:53,280 DEBUG    [TaskSelector] Evaluating zone states: {'A': 'EMPTY', 'B': 'EMPTY'}  busy: {'A': False, 'B': False}
2026-04-15 15:42:53,280 INFO     [TaskSelector] → do_load (zone A empty)
2026-04-15 15:42:53,281 INFO     [FetchInput] Entering state
2026-04-15 15:42:53,283 INFO     [Service] /compute_grasps → success=False msg='No images received from PnP camera.'
2026-04-15 15:42:53,283 ERROR    [FetchInput] /compute_grasps service failed → exiting: failed
2026-04-15 15:42:53,284 DEBUG    [TaskSelector] Evaluating zone states: {'A': 'EMPTY', 'B': 'EMPTY'}  busy: {'A': False, 'B': False}
2026-04-15 15:42:53,284 INFO     [TaskSelector] → do_load (zone A empty)
2026-04-15 15:42:53,285 INFO     [FetchInput] Entering state
2026-04-15 15:42:53,287 INFO     [Service] /compute_grasps → success=False msg='No images received from PnP camera.'
2026-04-15 15:42:53,287 ERROR    [FetchInput] /compute_grasps service failed → exiting: failed
2026-04-15 15:42:53,288 DEBUG    [TaskSelector] Evaluating zone states: {'A': 'EMPTY', 'B': 'EMPTY'}  busy: {'A': False, 'B': False}
2026-04-15 15:42:53,288 INFO     [TaskSelector] → do_load (zone A empty)
2026-04-15 15:42:53,289 INFO     [FetchInput] Entering state
2026-04-15 15:42:53,291 INFO     [Service] /compute_grasps → success=False msg='No images received from PnP camera.'
2026-04-15 15:42:53,292 ERROR    [FetchInput] /compute_grasps service failed → exiting: failed
2026-04-15 15:42:53,293 DEBUG    [TaskSelector] Evaluating zone states: {'A': 'EMPTY', 'B': 'EMPTY'}  busy: {'A': False, 'B': False}
2026-04-15 15:42:53,293 INFO     [TaskSelector] → do_load (zone A empty)
2026-04-15 15:42:53,294 INFO     [FetchInput] Entering state
2026-04-15 15:42:53,296 INFO     [Service] /compute_grasps → success=False msg='No images received from PnP camera.'
2026-04-15 15:42:53,297 ERROR    [FetchInput] /compute_grasps service failed → exiting: failed
2026-04-15 15:42:53,297 DEBUG    [TaskSelector] Evaluating zone states: {'A': 'EMPTY', 'B': 'EMPTY'}  busy: {'A': False, 'B': False}
2026-04-15 15:42:53,297 INFO     [TaskSelector] → do_load (zone A empty)
2026-04-15 15:42:53,298 INFO     [FetchInput] Entering state
2026-04-15 15:42:53,301 INFO     [Service] /compute_grasps → success=False msg='No images received from PnP camera.'
2026-04-15 15:42:53,301 ERROR    [FetchInput] /compute_grasps service failed → exiting: failed
2026-04-15 15:42:53,302 DEBUG    [TaskSelector] Evaluating zone states: {'A': 'EMPTY', 'B': 'EMPTY'}  busy: {'A': False, 'B': False}
2026-04-15 15:42:53,302 INFO     [TaskSelector] → do_load (zone A empty)
2026-04-15 15:42:53,302 INFO     [FetchInput] Entering state
2026-04-15 15:42:53,305 INFO     [Service] /compute_grasps → success=False msg='No images received from PnP camera.'
2026-04-15 15:42:53,305 ERROR    [FetchInput] /compute_grasps service failed → exiting: failed
2026-04-15 15:42:53,306 DEBUG    [TaskSelector] Evaluating zone states: {'A': 'EMPTY', 'B': 'EMPTY'}  busy: {'A': False, 'B': False}
2026-04-15 15:42:53,306 INFO     [TaskSelector] → do_load (zone A empty)
2026-04-15 15:42:53,307 INFO     [FetchInput] Entering state
2026-04-15 15:42:53,310 INFO     [Service] /compute_grasps → success=False msg='No images received from PnP camera.'
2026-04-15 15:42:53,310 ERROR    [FetchInput] /compute_grasps service failed → exiting: failed
2026-04-15 15:42:53,311 DEBUG    [TaskSelector] Evaluating zone states: {'A': 'EMPTY', 'B': 'EMPTY'}  busy: {'A': False, 'B': False}
2026-04-15 15:42:53,311 INFO     [TaskSelector] → do_load (zone A empty)
2026-04-15 15:42:53,312 INFO     [FetchInput] Entering state
2026-04-15 15:42:53,315 INFO     [Service] /compute_grasps → success=False msg='No images received from PnP camera.'
2026-04-15 15:42:53,315 ERROR    [FetchInput] /compute_grasps service failed → exiting: failed
2026-04-15 15:42:53,316 DEBUG    [TaskSelector] Evaluating zone states: {'A': 'EMPTY', 'B': 'EMPTY'}  busy: {'A': False, 'B': False}
2026-04-15 15:42:53,317 INFO     [TaskSelector] → do_load (zone A empty)
2026-04-15 15:42:53,317 INFO     [FetchInput] Entering state
2026-04-15 15:42:53,321 INFO     [Service] /compute_grasps → success=False msg='No images received from PnP camera.'
2026-04-15 15:42:53,321 ERROR    [FetchInput] /compute_grasps service failed → exiting: failed
2026-04-15 15:42:53,323 DEBUG    [TaskSelector] Evaluating zone states: {'A': 'EMPTY', 'B': 'EMPTY'}  busy: {'A': False, 'B': False}
2026-04-15 15:42:53,324 INFO     [TaskSelector] → do_load (zone A empty)
2026-04-15 15:42:53,325 INFO     [FetchInput] Entering state
2026-04-15 15:42:53,334 INFO     [Service] /compute_grasps → success=False msg='No images received from PnP camera.'
2026-04-15 15:42:53,334 ERROR    [FetchInput] /compute_grasps service failed → exiting: failed
2026-04-15 15:42:53,336 DEBUG    [TaskSelector] Evaluating zone states: {'A': 'EMPTY', 'B': 'EMPTY'}  busy: {'A': False, 'B': False}
2026-04-15 15:42:53,336 INFO     [TaskSelector] → do_load (zone A empty)
2026-04-15 15:42:53,337 INFO     [FetchInput] Entering state
2026-04-15 15:42:53,339 INFO     [Service] /compute_grasps → success=False msg='No images received from PnP camera.'
2026-04-15 15:42:53,339 ERROR    [FetchInput] /compute_grasps service failed → exiting: failed
2026-04-15 15:42:53,340 DEBUG    [TaskSelector] Evaluating zone states: {'A': 'EMPTY', 'B': 'EMPTY'}  busy: {'A': False, 'B': False}
2026-04-15 15:42:53,340 INFO     [TaskSelector] → do_load (zone A empty)
2026-04-15 15:42:53,341 INFO     [FetchInput] Entering state
2026-04-15 15:42:53,344 INFO     [Service] /compute_grasps → success=False msg='No images received from PnP camera.'
2026-04-15 15:42:53,345 ERROR    [FetchInput] /compute_grasps service failed → exiting: failed
2026-04-15 15:42:53,345 DEBUG    [TaskSelector] Evaluating zone states: {'A': 'EMPTY', 'B': 'EMPTY'}  busy: {'A': False, 'B': False}
2026-04-15 15:42:53,346 INFO     [TaskSelector] → do_load (zone A empty)
2026-04-15 15:42:53,346 INFO     [FetchInput] Entering state
2026-04-15 15:42:53,349 INFO     [Service] /compute_grasps → success=False msg='No images received from PnP camera.'
2026-04-15 15:42:53,349 ERROR    [FetchInput] /compute_grasps service failed → exiting: failed
2026-04-15 15:42:53,350 DEBUG    [TaskSelector] Evaluating zone states: {'A': 'EMPTY', 'B': 'EMPTY'}  busy: {'A': False, 'B': False}
2026-04-15 15:42:53,350 INFO     [TaskSelector] → do_load (zone A empty)
2026-04-15 15:42:53,350 INFO     [FetchInput] Entering state
2026-04-15 15:42:53,353 INFO     [Service] /compute_grasps → success=False msg='No images received from PnP camera.'
2026-04-15 15:42:53,353 ERROR    [FetchInput] /compute_grasps service failed → exiting: failed
2026-04-15 15:42:53,354 DEBUG    [TaskSelector] Evaluating zone states: {'A': 'EMPTY', 'B': 'EMPTY'}  busy: {'A': False, 'B': False}
2026-04-15 15:42:53,354 INFO     [TaskSelector] → do_load (zone A empty)
2026-04-15 15:42:53,354 INFO     [FetchInput] Entering state
2026-04-15 15:42:53,357 INFO     [Service] /compute_grasps → success=False msg='No images received from PnP camera.'
2026-04-15 15:42:53,357 ERROR    [FetchInput] /compute_grasps service failed → exiting: failed
2026-04-15 15:42:53,358 DEBUG    [TaskSelector] Evaluating zone states: {'A': 'EMPTY', 'B': 'EMPTY'}  busy: {'A': False, 'B': False}
2026-04-15 15:42:53,359 INFO     [TaskSelector] → do_load (zone A empty)
2026-04-15 15:42:53,360 INFO     [FetchInput] Entering state
2026-04-15 15:42:53,362 INFO     [Service] /compute_grasps → success=False msg='No images received from PnP camera.'
2026-04-15 15:42:53,362 ERROR    [FetchInput] /compute_grasps service failed → exiting: failed
2026-04-15 15:42:53,364 DEBUG    [TaskSelector] Evaluating zone states: {'A': 'EMPTY', 'B': 'EMPTY'}  busy: {'A': False, 'B': False}
2026-04-15 15:42:53,364 INFO     [TaskSelector] → do_load (zone A empty)
2026-04-15 15:42:53,364 INFO     [FetchInput] Entering state
2026-04-15 15:42:53,367 INFO     [Service] /compute_grasps → success=False msg='No images received from PnP camera.'
2026-04-15 15:42:53,367 ERROR    [FetchInput] /compute_grasps service failed → exiting: failed
2026-04-15 15:42:53,368 DEBUG    [TaskSelector] Evaluating zone states: {'A': 'EMPTY', 'B': 'EMPTY'}  busy: {'A': False, 'B': False}
2026-04-15 15:42:53,368 INFO     [TaskSelector] → do_load (zone A empty)
2026-04-15 15:42:53,368 INFO     [FetchInput] Entering state
2026-04-15 15:42:53,370 INFO     [Service] /compute_grasps → success=False msg='No images received from PnP camera.'
2026-04-15 15:42:53,370 ERROR    [FetchInput] /compute_grasps service failed → exiting: failed
2026-04-15 15:42:53,371 DEBUG    [TaskSelector] Evaluating zone states: {'A': 'EMPTY', 'B': 'EMPTY'}  busy: {'A': False, 'B': False}
2026-04-15 15:42:53,371 INFO     [TaskSelector] → do_load (zone A empty)
2026-04-15 15:42:53,372 INFO     [FetchInput] Entering state
2026-04-15 15:42:53,375 INFO     [Service] /compute_grasps → success=False msg='No images received from PnP camera.'
2026-04-15 15:42:53,375 ERROR    [FetchInput] /compute_grasps service failed → exiting: failed
2026-04-15 15:42:53,377 DEBUG    [TaskSelector] Evaluating zone states: {'A': 'EMPTY', 'B': 'EMPTY'}  busy: {'A': False, 'B': False}
2026-04-15 15:42:53,378 INFO     [TaskSelector] → do_load (zone A empty)
2026-04-15 15:42:53,378 INFO     [FetchInput] Entering state
2026-04-15 15:42:53,383 INFO     [Service] /compute_grasps → success=False msg='No images received from PnP camera.'
2026-04-15 15:42:53,383 ERROR    [FetchInput] /compute_grasps service failed → exiting: failed
2026-04-15 15:42:53,385 DEBUG    [TaskSelector] Evaluating zone states: {'A': 'EMPTY', 'B': 'EMPTY'}  busy: {'A': False, 'B': False}
2026-04-15 15:42:53,385 INFO     [TaskSelector] → do_load (zone A empty)
2026-04-15 15:42:53,385 INFO     [FetchInput] Entering state
2026-04-15 15:42:53,388 INFO     [Service] /compute_grasps → success=False msg='No images received from PnP camera.'
2026-04-15 15:42:53,388 ERROR    [FetchInput] /compute_grasps service failed → exiting: failed
2026-04-15 15:42:53,391 DEBUG    [TaskSelector] Evaluating zone states: {'A': 'EMPTY', 'B': 'EMPTY'}  busy: {'A': False, 'B': False}
2026-04-15 15:42:53,391 INFO     [TaskSelector] → do_load (zone A empty)
2026-04-15 15:42:53,393 INFO     [FetchInput] Entering state
2026-04-15 15:42:53,398 INFO     [Service] /compute_grasps → success=False msg='No images received from PnP camera.'
2026-04-15 15:42:53,398 ERROR    [FetchInput] /compute_grasps service failed → exiting: failed
2026-04-15 15:42:53,400 DEBUG    [TaskSelector] Evaluating zone states: {'A': 'EMPTY', 'B': 'EMPTY'}  busy: {'A': False, 'B': False}
2026-04-15 15:42:53,400 INFO     [TaskSelector] → do_load (zone A empty)
2026-04-15 15:42:53,401 INFO     [FetchInput] Entering state
2026-04-15 15:42:53,404 INFO     [Service] /compute_grasps → success=False msg='No images received from PnP camera.'
2026-04-15 15:42:53,404 ERROR    [FetchInput] /compute_grasps service failed → exiting: failed
2026-04-15 15:42:53,406 DEBUG    [TaskSelector] Evaluating zone states: {'A': 'EMPTY', 'B': 'EMPTY'}  busy: {'A': False, 'B': False}
2026-04-15 15:42:53,406 INFO     [TaskSelector] → do_load (zone A empty)
2026-04-15 15:42:53,406 INFO     [FetchInput] Entering state
2026-04-15 15:42:53,410 INFO     [Service] /compute_grasps → success=False msg='No images received from PnP camera.'
2026-04-15 15:42:53,410 ERROR    [FetchInput] /compute_grasps service failed → exiting: failed
2026-04-15 15:42:53,411 DEBUG    [TaskSelector] Evaluating zone states: {'A': 'EMPTY', 'B': 'EMPTY'}  busy: {'A': False, 'B': False}
2026-04-15 15:42:53,411 INFO     [TaskSelector] → do_load (zone A empty)
2026-04-15 15:42:53,412 INFO     [FetchInput] Entering state
2026-04-15 15:42:53,415 INFO     [Service] /compute_grasps → success=False msg='No images received from PnP camera.'
2026-04-15 15:42:53,415 ERROR    [FetchInput] /compute_grasps service failed → exiting: failed
2026-04-15 15:42:53,416 DEBUG    [TaskSelector] Evaluating zone states: {'A': 'EMPTY', 'B': 'EMPTY'}  busy: {'A': False, 'B': False}
2026-04-15 15:42:53,416 INFO     [TaskSelector] → do_load (zone A empty)
2026-04-15 15:42:53,417 INFO     [FetchInput] Entering state
2026-04-15 15:42:53,419 INFO     [Service] /compute_grasps → success=False msg='No images received from PnP camera.'
2026-04-15 15:42:53,419 ERROR    [FetchInput] /compute_grasps service failed → exiting: failed
2026-04-15 15:42:53,420 DEBUG    [TaskSelector] Evaluating zone states: {'A': 'EMPTY', 'B': 'EMPTY'}  busy: {'A': False, 'B': False}
2026-04-15 15:42:53,420 INFO     [TaskSelector] → do_load (zone A empty)
2026-04-15 15:42:53,421 INFO     [FetchInput] Entering state
2026-04-15 15:42:53,423 INFO     [Service] /compute_grasps → success=False msg='No images received from PnP camera.'
2026-04-15 15:42:53,423 ERROR    [FetchInput] /compute_grasps service failed → exiting: failed
2026-04-15 15:42:53,424 DEBUG    [TaskSelector] Evaluating zone states: {'A': 'EMPTY', 'B': 'EMPTY'}  busy: {'A': False, 'B': False}
2026-04-15 15:42:53,424 INFO     [TaskSelector] → do_load (zone A empty)
2026-04-15 15:42:53,425 INFO     [FetchInput] Entering state
2026-04-15 15:42:53,428 INFO     [Service] /compute_grasps → success=False msg='No images received from PnP camera.'
2026-04-15 15:42:53,428 ERROR    [FetchInput] /compute_grasps service failed → exiting: failed
2026-04-15 15:42:53,429 DEBUG    [TaskSelector] Evaluating zone states: {'A': 'EMPTY', 'B': 'EMPTY'}  busy: {'A': False, 'B': False}
2026-04-15 15:42:53,429 INFO     [TaskSelector] → do_load (zone A empty)
2026-04-15 15:42:53,430 INFO     [FetchInput] Entering state
2026-04-15 15:42:53,432 INFO     [Service] /compute_grasps → success=False msg='No images received from PnP camera.'
2026-04-15 15:42:53,432 ERROR    [FetchInput] /compute_grasps service failed → exiting: failed
2026-04-15 15:42:53,433 DEBUG    [TaskSelector] Evaluating zone states: {'A': 'EMPTY', 'B': 'EMPTY'}  busy: {'A': False, 'B': False}
2026-04-15 15:42:53,433 INFO     [TaskSelector] → do_load (zone A empty)
2026-04-15 15:42:53,434 INFO     [FetchInput] Entering state
2026-04-15 15:42:53,436 INFO     [Service] /compute_grasps → success=False msg='No images received from PnP camera.'
2026-04-15 15:42:53,436 ERROR    [FetchInput] /compute_grasps service failed → exiting: failed
2026-04-15 15:42:53,437 DEBUG    [TaskSelector] Evaluating zone states: {'A': 'EMPTY', 'B': 'EMPTY'}  busy: {'A': False, 'B': False}
2026-04-15 15:42:53,437 INFO     [TaskSelector] → do_load (zone A empty)
2026-04-15 15:42:53,438 INFO     [FetchInput] Entering state
2026-04-15 15:42:53,440 INFO     [Service] /compute_grasps → success=False msg='No images received from PnP camera.'
2026-04-15 15:42:53,441 ERROR    [FetchInput] /compute_grasps service failed → exiting: failed
2026-04-15 15:42:53,441 DEBUG    [TaskSelector] Evaluating zone states: {'A': 'EMPTY', 'B': 'EMPTY'}  busy: {'A': False, 'B': False}
2026-04-15 15:42:53,442 INFO     [TaskSelector] → do_load (zone A empty)
2026-04-15 15:42:53,442 INFO     [FetchInput] Entering state
2026-04-15 15:42:53,445 INFO     [Service] /compute_grasps → success=False msg='No images received from PnP camera.'
2026-04-15 15:42:53,445 ERROR    [FetchInput] /compute_grasps service failed → exiting: failed
2026-04-15 15:42:53,447 DEBUG    [TaskSelector] Evaluating zone states: {'A': 'EMPTY', 'B': 'EMPTY'}  busy: {'A': False, 'B': False}
2026-04-15 15:42:53,447 INFO     [TaskSelector] → do_load (zone A empty)
2026-04-15 15:42:53,449 INFO     [FetchInput] Entering state
2026-04-15 15:42:53,452 INFO     [Service] /compute_grasps → success=False msg='No images received from PnP camera.'
2026-04-15 15:42:53,452 ERROR    [FetchInput] /compute_grasps service failed → exiting: failed
2026-04-15 15:42:53,453 DEBUG    [TaskSelector] Evaluating zone states: {'A': 'EMPTY', 'B': 'EMPTY'}  busy: {'A': False, 'B': False}
2026-04-15 15:42:53,453 INFO     [TaskSelector] → do_load (zone A empty)
2026-04-15 15:42:53,454 INFO     [FetchInput] Entering state
2026-04-15 15:42:53,459 INFO     [Service] /compute_grasps → success=False msg='No images received from PnP camera.'
2026-04-15 15:42:53,460 ERROR    [FetchInput] /compute_grasps service failed → exiting: failed
2026-04-15 15:42:53,461 DEBUG    [TaskSelector] Evaluating zone states: {'A': 'EMPTY', 'B': 'EMPTY'}  busy: {'A': False, 'B': False}
2026-04-15 15:42:53,461 INFO     [TaskSelector] → do_load (zone A empty)
2026-04-15 15:42:53,462 INFO     [FetchInput] Entering state
2026-04-15 15:42:53,465 INFO     [Service] /compute_grasps → success=False msg='No images received from PnP camera.'
2026-04-15 15:42:53,466 ERROR    [FetchInput] /compute_grasps service failed → exiting: failed
2026-04-15 15:42:53,467 DEBUG    [TaskSelector] Evaluating zone states: {'A': 'EMPTY', 'B': 'EMPTY'}  busy: {'A': False, 'B': False}
2026-04-15 15:42:53,468 INFO     [TaskSelector] → do_load (zone A empty)
2026-04-15 15:42:53,469 INFO     [FetchInput] Entering state
2026-04-15 15:42:53,472 INFO     [Service] /compute_grasps → success=False msg='No images received from PnP camera.'
2026-04-15 15:42:53,472 ERROR    [FetchInput] /compute_grasps service failed → exiting: failed
2026-04-15 15:42:53,473 DEBUG    [TaskSelector] Evaluating zone states: {'A': 'EMPTY', 'B': 'EMPTY'}  busy: {'A': False, 'B': False}
2026-04-15 15:42:53,473 INFO     [TaskSelector] → do_load (zone A empty)
2026-04-15 15:42:53,474 INFO     [FetchInput] Entering state
2026-04-15 15:42:53,478 INFO     [Service] /compute_grasps → success=False msg='No images received from PnP camera.'
2026-04-15 15:42:53,478 ERROR    [FetchInput] /compute_grasps service failed → exiting: failed
2026-04-15 15:42:53,479 DEBUG    [TaskSelector] Evaluating zone states: {'A': 'EMPTY', 'B': 'EMPTY'}  busy: {'A': False, 'B': False}
2026-04-15 15:42:53,479 INFO     [TaskSelector] → do_load (zone A empty)
2026-04-15 15:42:53,480 INFO     [FetchInput] Entering state
2026-04-15 15:42:53,483 INFO     [Service] /compute_grasps → success=False msg='No images received from PnP camera.'
2026-04-15 15:42:53,483 ERROR    [FetchInput] /compute_grasps service failed → exiting: failed
2026-04-15 15:42:53,484 DEBUG    [TaskSelector] Evaluating zone states: {'A': 'EMPTY', 'B': 'EMPTY'}  busy: {'A': False, 'B': False}
2026-04-15 15:42:53,484 INFO     [TaskSelector] → do_load (zone A empty)
2026-04-15 15:42:53,484 INFO     [FetchInput] Entering state
2026-04-15 15:42:53,487 INFO     [Service] /compute_grasps → success=False msg='No images received from PnP camera.'
2026-04-15 15:42:53,487 ERROR    [FetchInput] /compute_grasps service failed → exiting: failed
2026-04-15 15:42:53,488 DEBUG    [TaskSelector] Evaluating zone states: {'A': 'EMPTY', 'B': 'EMPTY'}  busy: {'A': False, 'B': False}
2026-04-15 15:42:53,488 INFO     [TaskSelector] → do_load (zone A empty)
2026-04-15 15:42:53,488 INFO     [FetchInput] Entering state
2026-04-15 15:42:53,491 INFO     [Service] /compute_grasps → success=False msg='No images received from PnP camera.'
2026-04-15 15:42:53,491 ERROR    [FetchInput] /compute_grasps service failed → exiting: failed
2026-04-15 15:42:53,492 DEBUG    [TaskSelector] Evaluating zone states: {'A': 'EMPTY', 'B': 'EMPTY'}  busy: {'A': False, 'B': False}
2026-04-15 15:42:53,492 INFO     [TaskSelector] → do_load (zone A empty)
2026-04-15 15:42:53,493 INFO     [FetchInput] Entering state
2026-04-15 15:42:53,495 INFO     [Service] /compute_grasps → success=False msg='No images received from PnP camera.'
2026-04-15 15:42:53,495 ERROR    [FetchInput] /compute_grasps service failed → exiting: failed
2026-04-15 15:42:53,496 DEBUG    [TaskSelector] Evaluating zone states: {'A': 'EMPTY', 'B': 'EMPTY'}  busy: {'A': False, 'B': False}
2026-04-15 15:42:53,496 INFO     [TaskSelector] → do_load (zone A empty)
2026-04-15 15:42:53,496 INFO     [FetchInput] Entering state
2026-04-15 15:42:53,499 INFO     [Service] /compute_grasps → success=False msg='No images received from PnP camera.'
2026-04-15 15:42:53,499 ERROR    [FetchInput] /compute_grasps service failed → exiting: failed
2026-04-15 15:42:53,500 DEBUG    [TaskSelector] Evaluating zone states: {'A': 'EMPTY', 'B': 'EMPTY'}  busy: {'A': False, 'B': False}
2026-04-15 15:42:53,500 INFO     [TaskSelector] → do_load (zone A empty)
2026-04-15 15:42:53,501 INFO     [FetchInput] Entering state
2026-04-15 15:42:53,503 INFO     [Service] /compute_grasps → success=False msg='No images received from PnP camera.'
2026-04-15 15:42:53,503 ERROR    [FetchInput] /compute_grasps service failed → exiting: failed
2026-04-15 15:42:53,504 DEBUG    [TaskSelector] Evaluating zone states: {'A': 'EMPTY', 'B': 'EMPTY'}  busy: {'A': False, 'B': False}
2026-04-15 15:42:53,504 INFO     [TaskSelector] → do_load (zone A empty)
2026-04-15 15:42:53,505 INFO     [FetchInput] Entering state
2026-04-15 15:42:53,508 INFO     [Service] /compute_grasps → success=False msg='No images received from PnP camera.'
2026-04-15 15:42:53,508 ERROR    [FetchInput] /compute_grasps service failed → exiting: failed
2026-04-15 15:42:53,509 DEBUG    [TaskSelector] Evaluating zone states: {'A': 'EMPTY', 'B': 'EMPTY'}  busy: {'A': False, 'B': False}
2026-04-15 15:42:53,510 INFO     [TaskSelector] → do_load (zone A empty)
2026-04-15 15:42:53,510 INFO     [FetchInput] Entering state
2026-04-15 15:42:53,513 INFO     [Service] /compute_grasps → success=False msg='No images received from PnP camera.'
2026-04-15 15:42:53,513 ERROR    [FetchInput] /compute_grasps service failed → exiting: failed
2026-04-15 15:42:53,515 DEBUG    [TaskSelector] Evaluating zone states: {'A': 'EMPTY', 'B': 'EMPTY'}  busy: {'A': False, 'B': False}
2026-04-15 15:42:53,515 INFO     [TaskSelector] → do_load (zone A empty)
2026-04-15 15:42:53,516 INFO     [FetchInput] Entering state
2026-04-15 15:42:53,519 INFO     [Service] /compute_grasps → success=False msg='No images received from PnP camera.'
2026-04-15 15:42:53,519 ERROR    [FetchInput] /compute_grasps service failed → exiting: failed
2026-04-15 15:42:53,520 DEBUG    [TaskSelector] Evaluating zone states: {'A': 'EMPTY', 'B': 'EMPTY'}  busy: {'A': False, 'B': False}
2026-04-15 15:42:53,520 INFO     [TaskSelector] → do_load (zone A empty)
2026-04-15 15:42:53,521 INFO     [FetchInput] Entering state
2026-04-15 15:42:53,525 INFO     [Service] /compute_grasps → success=False msg='No images received from PnP camera.'
2026-04-15 15:42:53,525 ERROR    [FetchInput] /compute_grasps service failed → exiting: failed
2026-04-15 15:42:53,529 DEBUG    [TaskSelector] Evaluating zone states: {'A': 'EMPTY', 'B': 'EMPTY'}  busy: {'A': False, 'B': False}
2026-04-15 15:42:53,529 INFO     [TaskSelector] → do_load (zone A empty)
2026-04-15 15:42:53,532 INFO     [FetchInput] Entering state
2026-04-15 15:42:53,537 INFO     [Service] /compute_grasps → success=False msg='No images received from PnP camera.'
2026-04-15 15:42:53,537 ERROR    [FetchInput] /compute_grasps service failed → exiting: failed
2026-04-15 15:42:53,538 DEBUG    [TaskSelector] Evaluating zone states: {'A': 'EMPTY', 'B': 'EMPTY'}  busy: {'A': False, 'B': False}
2026-04-15 15:42:53,538 INFO     [TaskSelector] → do_load (zone A empty)
2026-04-15 15:42:53,539 INFO     [FetchInput] Entering state
2026-04-15 15:42:53,543 INFO     [Service] /compute_grasps → success=False msg='No images received from PnP camera.'
2026-04-15 15:42:53,543 ERROR    [FetchInput] /compute_grasps service failed → exiting: failed
2026-04-15 15:42:53,544 DEBUG    [TaskSelector] Evaluating zone states: {'A': 'EMPTY', 'B': 'EMPTY'}  busy: {'A': False, 'B': False}
2026-04-15 15:42:53,545 INFO     [TaskSelector] → do_load (zone A empty)
2026-04-15 15:42:53,546 INFO     [FetchInput] Entering state
2026-04-15 15:42:53,549 INFO     [Service] /compute_grasps → success=False msg='No images received from PnP camera.'
2026-04-15 15:42:53,549 ERROR    [FetchInput] /compute_grasps service failed → exiting: failed
2026-04-15 15:42:53,550 DEBUG    [TaskSelector] Evaluating zone states: {'A': 'EMPTY', 'B': 'EMPTY'}  busy: {'A': False, 'B': False}
2026-04-15 15:42:53,550 INFO     [TaskSelector] → do_load (zone A empty)
2026-04-15 15:42:53,551 INFO     [FetchInput] Entering state
2026-04-15 15:42:53,553 INFO     [Service] /compute_grasps → success=False msg='No images received from PnP camera.'
2026-04-15 15:42:53,553 ERROR    [FetchInput] /compute_grasps service failed → exiting: failed
2026-04-15 15:42:53,554 DEBUG    [TaskSelector] Evaluating zone states: {'A': 'EMPTY', 'B': 'EMPTY'}  busy: {'A': False, 'B': False}
2026-04-15 15:42:53,554 INFO     [TaskSelector] → do_load (zone A empty)
2026-04-15 15:42:53,555 INFO     [FetchInput] Entering state
2026-04-15 15:42:53,557 INFO     [Service] /compute_grasps → success=False msg='No images received from PnP camera.'
2026-04-15 15:42:53,557 ERROR    [FetchInput] /compute_grasps service failed → exiting: failed
2026-04-15 15:42:53,558 DEBUG    [TaskSelector] Evaluating zone states: {'A': 'EMPTY', 'B': 'EMPTY'}  busy: {'A': False, 'B': False}
2026-04-15 15:42:53,559 INFO     [TaskSelector] → do_load (zone A empty)
2026-04-15 15:42:53,559 INFO     [FetchInput] Entering state
2026-04-15 15:42:53,561 INFO     [Service] /compute_grasps → success=False msg='No images received from PnP camera.'
2026-04-15 15:42:53,561 ERROR    [FetchInput] /compute_grasps service failed → exiting: failed
2026-04-15 15:42:53,562 DEBUG    [TaskSelector] Evaluating zone states: {'A': 'EMPTY', 'B': 'EMPTY'}  busy: {'A': False, 'B': False}
2026-04-15 15:42:53,562 INFO     [TaskSelector] → do_load (zone A empty)
2026-04-15 15:42:53,563 INFO     [FetchInput] Entering state
2026-04-15 15:42:53,565 INFO     [Service] /compute_grasps → success=False msg='No images received from PnP camera.'
2026-04-15 15:42:53,565 ERROR    [FetchInput] /compute_grasps service failed → exiting: failed
2026-04-15 15:42:53,566 DEBUG    [TaskSelector] Evaluating zone states: {'A': 'EMPTY', 'B': 'EMPTY'}  busy: {'A': False, 'B': False}
2026-04-15 15:42:53,566 INFO     [TaskSelector] → do_load (zone A empty)
2026-04-15 15:42:53,567 INFO     [FetchInput] Entering state
2026-04-15 15:42:53,569 INFO     [Service] /compute_grasps → success=False msg='No images received from PnP camera.'
2026-04-15 15:42:53,569 ERROR    [FetchInput] /compute_grasps service failed → exiting: failed
2026-04-15 15:42:53,570 DEBUG    [TaskSelector] Evaluating zone states: {'A': 'EMPTY', 'B': 'EMPTY'}  busy: {'A': False, 'B': False}
2026-04-15 15:42:53,570 INFO     [TaskSelector] → do_load (zone A empty)
2026-04-15 15:42:53,571 INFO     [FetchInput] Entering state
2026-04-15 15:42:53,573 INFO     [Service] /compute_grasps → success=False msg='No images received from PnP camera.'
2026-04-15 15:42:53,573 ERROR    [FetchInput] /compute_grasps service failed → exiting: failed
2026-04-15 15:42:53,575 DEBUG    [TaskSelector] Evaluating zone states: {'A': 'EMPTY', 'B': 'EMPTY'}  busy: {'A': False, 'B': False}
2026-04-15 15:42:53,575 INFO     [TaskSelector] → do_load (zone A empty)
2026-04-15 15:42:53,577 INFO     [FetchInput] Entering state
2026-04-15 15:42:53,581 INFO     [Service] /compute_grasps → success=False msg='No images received from PnP camera.'
2026-04-15 15:42:53,582 ERROR    [FetchInput] /compute_grasps service failed → exiting: failed
2026-04-15 15:42:53,584 DEBUG    [TaskSelector] Evaluating zone states: {'A': 'EMPTY', 'B': 'EMPTY'}  busy: {'A': False, 'B': False}
2026-04-15 15:42:53,584 INFO     [TaskSelector] → do_load (zone A empty)
2026-04-15 15:42:53,585 INFO     [FetchInput] Entering state
2026-04-15 15:42:53,589 INFO     [Service] /compute_grasps → success=False msg='No images received from PnP camera.'
2026-04-15 15:42:53,589 ERROR    [FetchInput] /compute_grasps service failed → exiting: failed
2026-04-15 15:42:53,590 DEBUG    [TaskSelector] Evaluating zone states: {'A': 'EMPTY', 'B': 'EMPTY'}  busy: {'A': False, 'B': False}
2026-04-15 15:42:53,590 INFO     [TaskSelector] → do_load (zone A empty)
2026-04-15 15:42:53,592 INFO     [FetchInput] Entering state
2026-04-15 15:42:53,603 INFO     [Service] /compute_grasps → success=False msg='No images received from PnP camera.'
2026-04-15 15:42:53,603 ERROR    [FetchInput] /compute_grasps service failed → exiting: failed
2026-04-15 15:42:53,604 DEBUG    [TaskSelector] Evaluating zone states: {'A': 'EMPTY', 'B': 'EMPTY'}  busy: {'A': False, 'B': False}
2026-04-15 15:42:53,605 INFO     [TaskSelector] → do_load (zone A empty)
2026-04-15 15:42:53,607 INFO     [FetchInput] Entering state
2026-04-15 15:42:53,612 INFO     [Service] /compute_grasps → success=False msg='No images received from PnP camera.'
2026-04-15 15:42:53,612 ERROR    [FetchInput] /compute_grasps service failed → exiting: failed
2026-04-15 15:42:53,613 DEBUG    [TaskSelector] Evaluating zone states: {'A': 'EMPTY', 'B': 'EMPTY'}  busy: {'A': False, 'B': False}
2026-04-15 15:42:53,613 INFO     [TaskSelector] → do_load (zone A empty)
2026-04-15 15:42:53,614 INFO     [FetchInput] Entering state
2026-04-15 15:42:53,616 INFO     [Service] /compute_grasps → success=False msg='No images received from PnP camera.'
2026-04-15 15:42:53,616 ERROR    [FetchInput] /compute_grasps service failed → exiting: failed
2026-04-15 15:42:53,617 DEBUG    [TaskSelector] Evaluating zone states: {'A': 'EMPTY', 'B': 'EMPTY'}  busy: {'A': False, 'B': False}
2026-04-15 15:42:53,617 INFO     [TaskSelector] → do_load (zone A empty)
2026-04-15 15:42:53,618 INFO     [FetchInput] Entering state
2026-04-15 15:42:53,620 INFO     [Service] /compute_grasps → success=False msg='No images received from PnP camera.'
2026-04-15 15:42:53,620 ERROR    [FetchInput] /compute_grasps service failed → exiting: failed
2026-04-15 15:42:53,621 DEBUG    [TaskSelector] Evaluating zone states: {'A': 'EMPTY', 'B': 'EMPTY'}  busy: {'A': False, 'B': False}
2026-04-15 15:42:53,621 INFO     [TaskSelector] → do_load (zone A empty)
2026-04-15 15:42:53,622 INFO     [FetchInput] Entering state
2026-04-15 15:42:53,624 INFO     [Service] /compute_grasps → success=False msg='No images received from PnP camera.'
2026-04-15 15:42:53,624 ERROR    [FetchInput] /compute_grasps service failed → exiting: failed
2026-04-15 15:42:53,625 DEBUG    [TaskSelector] Evaluating zone states: {'A': 'EMPTY', 'B': 'EMPTY'}  busy: {'A': False, 'B': False}
2026-04-15 15:42:53,625 INFO     [TaskSelector] → do_load (zone A empty)
2026-04-15 15:42:53,626 INFO     [FetchInput] Entering state
2026-04-15 15:42:53,629 INFO     [Service] /compute_grasps → success=False msg='No images received from PnP camera.'
2026-04-15 15:42:53,629 ERROR    [FetchInput] /compute_grasps service failed → exiting: failed
2026-04-15 15:42:53,630 DEBUG    [TaskSelector] Evaluating zone states: {'A': 'EMPTY', 'B': 'EMPTY'}  busy: {'A': False, 'B': False}
2026-04-15 15:42:53,630 INFO     [TaskSelector] → do_load (zone A empty)
2026-04-15 15:42:53,631 INFO     [FetchInput] Entering state
2026-04-15 15:42:53,634 INFO     [Service] /compute_grasps → success=False msg='No images received from PnP camera.'
2026-04-15 15:42:53,634 ERROR    [FetchInput] /compute_grasps service failed → exiting: failed
2026-04-15 15:42:53,635 DEBUG    [TaskSelector] Evaluating zone states: {'A': 'EMPTY', 'B': 'EMPTY'}  busy: {'A': False, 'B': False}
2026-04-15 15:42:53,635 INFO     [TaskSelector] → do_load (zone A empty)
2026-04-15 15:42:53,636 INFO     [FetchInput] Entering state
2026-04-15 15:42:53,638 INFO     [Service] /compute_grasps → success=False msg='No images received from PnP camera.'
2026-04-15 15:42:53,638 ERROR    [FetchInput] /compute_grasps service failed → exiting: failed
2026-04-15 15:42:53,639 DEBUG    [TaskSelector] Evaluating zone states: {'A': 'EMPTY', 'B': 'EMPTY'}  busy: {'A': False, 'B': False}
2026-04-15 15:42:53,639 INFO     [TaskSelector] → do_load (zone A empty)
2026-04-15 15:42:53,639 INFO     [FetchInput] Entering state
2026-04-15 15:42:53,642 INFO     [Service] /compute_grasps → success=False msg='No images received from PnP camera.'
2026-04-15 15:42:53,642 ERROR    [FetchInput] /compute_grasps service failed → exiting: failed
2026-04-15 15:42:53,643 DEBUG    [TaskSelector] Evaluating zone states: {'A': 'EMPTY', 'B': 'EMPTY'}  busy: {'A': False, 'B': False}
2026-04-15 15:42:53,644 INFO     [TaskSelector] → do_load (zone A empty)
2026-04-15 15:42:53,644 INFO     [FetchInput] Entering state
2026-04-15 15:42:53,647 INFO     [Service] /compute_grasps → success=False msg='No images received from PnP camera.'
2026-04-15 15:42:53,647 ERROR    [FetchInput] /compute_grasps service failed → exiting: failed
2026-04-15 15:42:53,648 DEBUG    [TaskSelector] Evaluating zone states: {'A': 'EMPTY', 'B': 'EMPTY'}  busy: {'A': False, 'B': False}
2026-04-15 15:42:53,648 INFO     [TaskSelector] → do_load (zone A empty)
2026-04-15 15:42:53,649 INFO     [FetchInput] Entering state
2026-04-15 15:42:53,652 INFO     [Service] /compute_grasps → success=False msg='No images received from PnP camera.'
2026-04-15 15:42:53,652 ERROR    [FetchInput] /compute_grasps service failed → exiting: failed
2026-04-15 15:42:53,653 DEBUG    [TaskSelector] Evaluating zone states: {'A': 'EMPTY', 'B': 'EMPTY'}  busy: {'A': False, 'B': False}
2026-04-15 15:42:53,653 INFO     [TaskSelector] → do_load (zone A empty)
2026-04-15 15:42:53,654 INFO     [FetchInput] Entering state
2026-04-15 15:42:53,659 INFO     [Service] /compute_grasps → success=False msg='No images received from PnP camera.'
2026-04-15 15:42:53,659 ERROR    [FetchInput] /compute_grasps service failed → exiting: failed
2026-04-15 15:42:53,661 DEBUG    [TaskSelector] Evaluating zone states: {'A': 'EMPTY', 'B': 'EMPTY'}  busy: {'A': False, 'B': False}
2026-04-15 15:42:53,662 INFO     [TaskSelector] → do_load (zone A empty)
2026-04-15 15:42:53,663 INFO     [FetchInput] Entering state
2026-04-15 15:42:53,666 INFO     [Service] /compute_grasps → success=False msg='No images received from PnP camera.'
2026-04-15 15:42:53,667 ERROR    [FetchInput] /compute_grasps service failed → exiting: failed
2026-04-15 15:42:53,668 DEBUG    [TaskSelector] Evaluating zone states: {'A': 'EMPTY', 'B': 'EMPTY'}  busy: {'A': False, 'B': False}
2026-04-15 15:42:53,668 INFO     [TaskSelector] → do_load (zone A empty)
2026-04-15 15:42:53,670 INFO     [FetchInput] Entering state
2026-04-15 15:42:53,672 INFO     [Service] /compute_grasps → success=False msg='No images received from PnP camera.'
2026-04-15 15:42:53,672 ERROR    [FetchInput] /compute_grasps service failed → exiting: failed
2026-04-15 15:42:53,673 DEBUG    [TaskSelector] Evaluating zone states: {'A': 'EMPTY', 'B': 'EMPTY'}  busy: {'A': False, 'B': False}
2026-04-15 15:42:53,673 INFO     [TaskSelector] → do_load (zone A empty)
2026-04-15 15:42:53,675 INFO     [FetchInput] Entering state
2026-04-15 15:42:53,679 INFO     [Service] /compute_grasps → success=False msg='No images received from PnP camera.'
2026-04-15 15:42:53,679 ERROR    [FetchInput] /compute_grasps service failed → exiting: failed
2026-04-15 15:42:53,681 DEBUG    [TaskSelector] Evaluating zone states: {'A': 'EMPTY', 'B': 'EMPTY'}  busy: {'A': False, 'B': False}
2026-04-15 15:42:53,681 INFO     [TaskSelector] → do_load (zone A empty)
2026-04-15 15:42:53,681 INFO     [FetchInput] Entering state
2026-04-15 15:42:53,683 INFO     [Service] /compute_grasps → success=False msg='No images received from PnP camera.'
2026-04-15 15:42:53,684 ERROR    [FetchInput] /compute_grasps service failed → exiting: failed
2026-04-15 15:42:53,684 DEBUG    [TaskSelector] Evaluating zone states: {'A': 'EMPTY', 'B': 'EMPTY'}  busy: {'A': False, 'B': False}
2026-04-15 15:42:53,684 INFO     [TaskSelector] → do_load (zone A empty)
2026-04-15 15:42:53,685 INFO     [FetchInput] Entering state
2026-04-15 15:42:53,687 INFO     [Service] /compute_grasps → success=False msg='No images received from PnP camera.'
2026-04-15 15:42:53,687 ERROR    [FetchInput] /compute_grasps service failed → exiting: failed
2026-04-15 15:42:53,688 DEBUG    [TaskSelector] Evaluating zone states: {'A': 'EMPTY', 'B': 'EMPTY'}  busy: {'A': False, 'B': False}
2026-04-15 15:42:53,688 INFO     [TaskSelector] → do_load (zone A empty)
2026-04-15 15:42:53,689 INFO     [FetchInput] Entering state
2026-04-15 15:42:53,691 INFO     [Service] /compute_grasps → success=False msg='No images received from PnP camera.'
2026-04-15 15:42:53,692 ERROR    [FetchInput] /compute_grasps service failed → exiting: failed
2026-04-15 15:42:53,692 DEBUG    [TaskSelector] Evaluating zone states: {'A': 'EMPTY', 'B': 'EMPTY'}  busy: {'A': False, 'B': False}
2026-04-15 15:42:53,692 INFO     [TaskSelector] → do_load (zone A empty)
2026-04-15 15:42:53,693 INFO     [FetchInput] Entering state
2026-04-15 15:42:53,696 INFO     [Service] /compute_grasps → success=False msg='No images received from PnP camera.'
2026-04-15 15:42:53,696 ERROR    [FetchInput] /compute_grasps service failed → exiting: failed
2026-04-15 15:42:53,697 DEBUG    [TaskSelector] Evaluating zone states: {'A': 'EMPTY', 'B': 'EMPTY'}  busy: {'A': False, 'B': False}
2026-04-15 15:42:53,697 INFO     [TaskSelector] → do_load (zone A empty)
2026-04-15 15:42:53,698 INFO     [FetchInput] Entering state
2026-04-15 15:42:53,701 INFO     [Service] /compute_grasps → success=False msg='No images received from PnP camera.'
2026-04-15 15:42:53,701 ERROR    [FetchInput] /compute_grasps service failed → exiting: failed
2026-04-15 15:42:53,702 DEBUG    [TaskSelector] Evaluating zone states: {'A': 'EMPTY', 'B': 'EMPTY'}  busy: {'A': False, 'B': False}
2026-04-15 15:42:53,702 INFO     [TaskSelector] → do_load (zone A empty)
2026-04-15 15:42:53,703 INFO     [FetchInput] Entering state
2026-04-15 15:42:53,705 INFO     [Service] /compute_grasps → success=False msg='No images received from PnP camera.'
2026-04-15 15:42:53,705 ERROR    [FetchInput] /compute_grasps service failed → exiting: failed
2026-04-15 15:42:53,706 DEBUG    [TaskSelector] Evaluating zone states: {'A': 'EMPTY', 'B': 'EMPTY'}  busy: {'A': False, 'B': False}
2026-04-15 15:42:53,706 INFO     [TaskSelector] → do_load (zone A empty)
2026-04-15 15:42:53,707 INFO     [FetchInput] Entering state
2026-04-15 15:42:53,711 INFO     [Service] /compute_grasps → success=False msg='No images received from PnP camera.'
2026-04-15 15:42:53,711 ERROR    [FetchInput] /compute_grasps service failed → exiting: failed
2026-04-15 15:42:53,712 DEBUG    [TaskSelector] Evaluating zone states: {'A': 'EMPTY', 'B': 'EMPTY'}  busy: {'A': False, 'B': False}
2026-04-15 15:42:53,712 INFO     [TaskSelector] → do_load (zone A empty)
2026-04-15 15:42:53,713 INFO     [FetchInput] Entering state
2026-04-15 15:42:53,716 INFO     [Service] /compute_grasps → success=False msg='No images received from PnP camera.'
2026-04-15 15:42:53,716 ERROR    [FetchInput] /compute_grasps service failed → exiting: failed
2026-04-15 15:42:53,717 DEBUG    [TaskSelector] Evaluating zone states: {'A': 'EMPTY', 'B': 'EMPTY'}  busy: {'A': False, 'B': False}
2026-04-15 15:42:53,717 INFO     [TaskSelector] → do_load (zone A empty)
2026-04-15 15:42:53,718 INFO     [FetchInput] Entering state
2026-04-15 15:42:53,720 INFO     [Service] /compute_grasps → success=False msg='No images received from PnP camera.'
2026-04-15 15:42:53,721 ERROR    [FetchInput] /compute_grasps service failed → exiting: failed
2026-04-15 15:42:53,721 DEBUG    [TaskSelector] Evaluating zone states: {'A': 'EMPTY', 'B': 'EMPTY'}  busy: {'A': False, 'B': False}
2026-04-15 15:42:53,721 INFO     [TaskSelector] → do_load (zone A empty)
2026-04-15 15:42:53,722 INFO     [FetchInput] Entering state
2026-04-15 15:42:53,727 INFO     [Service] /compute_grasps → success=False msg='No images received from PnP camera.'
2026-04-15 15:42:53,728 ERROR    [FetchInput] /compute_grasps service failed → exiting: failed
2026-04-15 15:42:53,730 DEBUG    [TaskSelector] Evaluating zone states: {'A': 'EMPTY', 'B': 'EMPTY'}  busy: {'A': False, 'B': False}
2026-04-15 15:42:53,730 INFO     [TaskSelector] → do_load (zone A empty)
2026-04-15 15:42:53,734 INFO     [FetchInput] Entering state
2026-04-15 15:42:53,740 INFO     [Service] /compute_grasps → success=False msg='No images received from PnP camera.'
2026-04-15 15:42:53,741 ERROR    [FetchInput] /compute_grasps service failed → exiting: failed
2026-04-15 15:42:53,742 DEBUG    [TaskSelector] Evaluating zone states: {'A': 'EMPTY', 'B': 'EMPTY'}  busy: {'A': False, 'B': False}
2026-04-15 15:42:53,742 INFO     [TaskSelector] → do_load (zone A empty)
2026-04-15 15:42:53,743 INFO     [FetchInput] Entering state
2026-04-15 15:42:53,745 INFO     [Service] /compute_grasps → success=False msg='No images received from PnP camera.'
2026-04-15 15:42:53,745 ERROR    [FetchInput] /compute_grasps service failed → exiting: failed
2026-04-15 15:42:53,747 DEBUG    [TaskSelector] Evaluating zone states: {'A': 'EMPTY', 'B': 'EMPTY'}  busy: {'A': False, 'B': False}
2026-04-15 15:42:53,747 INFO     [TaskSelector] → do_load (zone A empty)
2026-04-15 15:42:53,747 INFO     [FetchInput] Entering state
2026-04-15 15:42:53,750 INFO     [Service] /compute_grasps → success=False msg='No images received from PnP camera.'
2026-04-15 15:42:53,750 ERROR    [FetchInput] /compute_grasps service failed → exiting: failed
2026-04-15 15:42:53,750 DEBUG    [TaskSelector] Evaluating zone states: {'A': 'EMPTY', 'B': 'EMPTY'}  busy: {'A': False, 'B': False}
2026-04-15 15:42:53,750 INFO     [TaskSelector] → do_load (zone A empty)
2026-04-15 15:42:53,751 INFO     [FetchInput] Entering state
2026-04-15 15:42:53,753 INFO     [Service] /compute_grasps → success=False msg='No images received from PnP camera.'
2026-04-15 15:42:53,753 ERROR    [FetchInput] /compute_grasps service failed → exiting: failed
2026-04-15 15:42:53,754 DEBUG    [TaskSelector] Evaluating zone states: {'A': 'EMPTY', 'B': 'EMPTY'}  busy: {'A': False, 'B': False}
2026-04-15 15:42:53,754 INFO     [TaskSelector] → do_load (zone A empty)
2026-04-15 15:42:53,755 INFO     [FetchInput] Entering state
2026-04-15 15:42:53,758 INFO     [Service] /compute_grasps → success=False msg='No images received from PnP camera.'
2026-04-15 15:42:53,758 ERROR    [FetchInput] /compute_grasps service failed → exiting: failed
2026-04-15 15:42:53,759 DEBUG    [TaskSelector] Evaluating zone states: {'A': 'EMPTY', 'B': 'EMPTY'}  busy: {'A': False, 'B': False}
2026-04-15 15:42:53,759 INFO     [TaskSelector] → do_load (zone A empty)
2026-04-15 15:42:53,760 INFO     [FetchInput] Entering state
2026-04-15 15:42:53,763 INFO     [Service] /compute_grasps → success=False msg='No images received from PnP camera.'
2026-04-15 15:42:53,763 ERROR    [FetchInput] /compute_grasps service failed → exiting: failed
2026-04-15 15:42:53,764 DEBUG    [TaskSelector] Evaluating zone states: {'A': 'EMPTY', 'B': 'EMPTY'}  busy: {'A': False, 'B': False}
2026-04-15 15:42:53,764 INFO     [TaskSelector] → do_load (zone A empty)
2026-04-15 15:42:53,765 INFO     [FetchInput] Entering state
2026-04-15 15:42:53,768 INFO     [Service] /compute_grasps → success=False msg='No images received from PnP camera.'
2026-04-15 15:42:53,768 ERROR    [FetchInput] /compute_grasps service failed → exiting: failed
2026-04-15 15:42:53,769 DEBUG    [TaskSelector] Evaluating zone states: {'A': 'EMPTY', 'B': 'EMPTY'}  busy: {'A': False, 'B': False}
2026-04-15 15:42:53,769 INFO     [TaskSelector] → do_load (zone A empty)
2026-04-15 15:42:53,770 INFO     [FetchInput] Entering state
2026-04-15 15:42:53,772 INFO     [Service] /compute_grasps → success=False msg='No images received from PnP camera.'
2026-04-15 15:42:53,772 ERROR    [FetchInput] /compute_grasps service failed → exiting: failed
2026-04-15 15:42:53,773 DEBUG    [TaskSelector] Evaluating zone states: {'A': 'EMPTY', 'B': 'EMPTY'}  busy: {'A': False, 'B': False}
2026-04-15 15:42:53,773 INFO     [TaskSelector] → do_load (zone A empty)
2026-04-15 15:42:53,774 INFO     [FetchInput] Entering state
2026-04-15 15:42:53,778 INFO     [Service] /compute_grasps → success=False msg='No images received from PnP camera.'
2026-04-15 15:42:53,778 ERROR    [FetchInput] /compute_grasps service failed → exiting: failed
2026-04-15 15:42:53,779 DEBUG    [TaskSelector] Evaluating zone states: {'A': 'EMPTY', 'B': 'EMPTY'}  busy: {'A': False, 'B': False}
2026-04-15 15:42:53,779 INFO     [TaskSelector] → do_load (zone A empty)
2026-04-15 15:42:53,780 INFO     [FetchInput] Entering state
2026-04-15 15:42:53,783 INFO     [Service] /compute_grasps → success=False msg='No images received from PnP camera.'
2026-04-15 15:42:53,783 ERROR    [FetchInput] /compute_grasps service failed → exiting: failed
2026-04-15 15:42:53,784 DEBUG    [TaskSelector] Evaluating zone states: {'A': 'EMPTY', 'B': 'EMPTY'}  busy: {'A': False, 'B': False}
2026-04-15 15:42:53,784 INFO     [TaskSelector] → do_load (zone A empty)
2026-04-15 15:42:53,785 INFO     [FetchInput] Entering state
2026-04-15 15:42:53,787 INFO     [Service] /compute_grasps → success=False msg='No images received from PnP camera.'
2026-04-15 15:42:53,788 ERROR    [FetchInput] /compute_grasps service failed → exiting: failed
2026-04-15 15:42:53,788 DEBUG    [TaskSelector] Evaluating zone states: {'A': 'EMPTY', 'B': 'EMPTY'}  busy: {'A': False, 'B': False}
2026-04-15 15:42:53,789 INFO     [TaskSelector] → do_load (zone A empty)
2026-04-15 15:42:53,791 INFO     [FetchInput] Entering state
2026-04-15 15:42:53,797 INFO     [Service] /compute_grasps → success=False msg='No images received from PnP camera.'
2026-04-15 15:42:53,797 ERROR    [FetchInput] /compute_grasps service failed → exiting: failed
2026-04-15 15:42:53,802 DEBUG    [TaskSelector] Evaluating zone states: {'A': 'EMPTY', 'B': 'EMPTY'}  busy: {'A': False, 'B': False}
2026-04-15 15:42:53,802 INFO     [TaskSelector] → do_load (zone A empty)
2026-04-15 15:42:53,804 INFO     [FetchInput] Entering state
2026-04-15 15:42:53,807 INFO     [Service] /compute_grasps → success=False msg='No images received from PnP camera.'
2026-04-15 15:42:53,807 ERROR    [FetchInput] /compute_grasps service failed → exiting: failed
2026-04-15 15:42:53,809 DEBUG    [TaskSelector] Evaluating zone states: {'A': 'EMPTY', 'B': 'EMPTY'}  busy: {'A': False, 'B': False}
2026-04-15 15:42:53,809 INFO     [TaskSelector] → do_load (zone A empty)
2026-04-15 15:42:53,810 INFO     [FetchInput] Entering state
2026-04-15 15:42:53,812 INFO     [Service] /compute_grasps → success=False msg='No images received from PnP camera.'
2026-04-15 15:42:53,812 ERROR    [FetchInput] /compute_grasps service failed → exiting: failed
2026-04-15 15:42:53,813 DEBUG    [TaskSelector] Evaluating zone states: {'A': 'EMPTY', 'B': 'EMPTY'}  busy: {'A': False, 'B': False}
2026-04-15 15:42:53,813 INFO     [TaskSelector] → do_load (zone A empty)
2026-04-15 15:42:53,814 INFO     [FetchInput] Entering state
2026-04-15 15:42:53,816 INFO     [Service] /compute_grasps → success=False msg='No images received from PnP camera.'
2026-04-15 15:42:53,816 ERROR    [FetchInput] /compute_grasps service failed → exiting: failed
2026-04-15 15:42:53,817 DEBUG    [TaskSelector] Evaluating zone states: {'A': 'EMPTY', 'B': 'EMPTY'}  busy: {'A': False, 'B': False}
2026-04-15 15:42:53,817 INFO     [TaskSelector] → do_load (zone A empty)
2026-04-15 15:42:53,818 INFO     [FetchInput] Entering state
2026-04-15 15:42:53,820 INFO     [Service] /compute_grasps → success=False msg='No images received from PnP camera.'
2026-04-15 15:42:53,820 ERROR    [FetchInput] /compute_grasps service failed → exiting: failed
2026-04-15 15:42:53,820 DEBUG    [TaskSelector] Evaluating zone states: {'A': 'EMPTY', 'B': 'EMPTY'}  busy: {'A': False, 'B': False}
2026-04-15 15:42:53,820 INFO     [TaskSelector] → do_load (zone A empty)
2026-04-15 15:42:53,821 INFO     [FetchInput] Entering state
2026-04-15 15:42:53,823 INFO     [Service] /compute_grasps → success=False msg='No images received from PnP camera.'
2026-04-15 15:42:53,823 ERROR    [FetchInput] /compute_grasps service failed → exiting: failed
2026-04-15 15:42:53,824 DEBUG    [TaskSelector] Evaluating zone states: {'A': 'EMPTY', 'B': 'EMPTY'}  busy: {'A': False, 'B': False}
2026-04-15 15:42:53,825 INFO     [TaskSelector] → do_load (zone A empty)
2026-04-15 15:42:53,826 INFO     [FetchInput] Entering state
2026-04-15 15:42:53,829 INFO     [Service] /compute_grasps → success=False msg='No images received from PnP camera.'
2026-04-15 15:42:53,829 ERROR    [FetchInput] /compute_grasps service failed → exiting: failed
2026-04-15 15:42:53,830 DEBUG    [TaskSelector] Evaluating zone states: {'A': 'EMPTY', 'B': 'EMPTY'}  busy: {'A': False, 'B': False}
2026-04-15 15:42:53,830 INFO     [TaskSelector] → do_load (zone A empty)
2026-04-15 15:42:53,831 INFO     [FetchInput] Entering state
2026-04-15 15:42:53,833 INFO     [Service] /compute_grasps → success=False msg='No images received from PnP camera.'
2026-04-15 15:42:53,833 ERROR    [FetchInput] /compute_grasps service failed → exiting: failed
2026-04-15 15:42:53,834 DEBUG    [TaskSelector] Evaluating zone states: {'A': 'EMPTY', 'B': 'EMPTY'}  busy: {'A': False, 'B': False}
2026-04-15 15:42:53,834 INFO     [TaskSelector] → do_load (zone A empty)
2026-04-15 15:42:53,835 INFO     [FetchInput] Entering state
2026-04-15 15:42:53,837 INFO     [Service] /compute_grasps → success=False msg='No images received from PnP camera.'
2026-04-15 15:42:53,837 ERROR    [FetchInput] /compute_grasps service failed → exiting: failed
2026-04-15 15:42:53,838 DEBUG    [TaskSelector] Evaluating zone states: {'A': 'EMPTY', 'B': 'EMPTY'}  busy: {'A': False, 'B': False}
2026-04-15 15:42:53,838 INFO     [TaskSelector] → do_load (zone A empty)
2026-04-15 15:42:53,839 INFO     [FetchInput] Entering state
2026-04-15 15:42:53,841 INFO     [Service] /compute_grasps → success=False msg='No images received from PnP camera.'
2026-04-15 15:42:53,841 ERROR    [FetchInput] /compute_grasps service failed → exiting: failed
2026-04-15 15:42:53,842 DEBUG    [TaskSelector] Evaluating zone states: {'A': 'EMPTY', 'B': 'EMPTY'}  busy: {'A': False, 'B': False}
2026-04-15 15:42:53,842 INFO     [TaskSelector] → do_load (zone A empty)
2026-04-15 15:42:53,843 INFO     [FetchInput] Entering state
2026-04-15 15:42:53,846 INFO     [Service] /compute_grasps → success=False msg='No images received from PnP camera.'
2026-04-15 15:42:53,846 ERROR    [FetchInput] /compute_grasps service failed → exiting: failed
2026-04-15 15:42:53,847 DEBUG    [TaskSelector] Evaluating zone states: {'A': 'EMPTY', 'B': 'EMPTY'}  busy: {'A': False, 'B': False}
2026-04-15 15:42:53,847 INFO     [TaskSelector] → do_load (zone A empty)
2026-04-15 15:42:53,847 INFO     [FetchInput] Entering state
2026-04-15 15:42:53,850 INFO     [Service] /compute_grasps → success=False msg='No images received from PnP camera.'
2026-04-15 15:42:53,850 ERROR    [FetchInput] /compute_grasps service failed → exiting: failed
2026-04-15 15:42:53,851 DEBUG    [TaskSelector] Evaluating zone states: {'A': 'EMPTY', 'B': 'EMPTY'}  busy: {'A': False, 'B': False}
2026-04-15 15:42:53,851 INFO     [TaskSelector] → do_load (zone A empty)
2026-04-15 15:42:53,852 INFO     [FetchInput] Entering state
2026-04-15 15:42:53,855 INFO     [Service] /compute_grasps → success=False msg='No images received from PnP camera.'
2026-04-15 15:42:53,855 ERROR    [FetchInput] /compute_grasps service failed → exiting: failed
2026-04-15 15:42:53,857 DEBUG    [TaskSelector] Evaluating zone states: {'A': 'EMPTY', 'B': 'EMPTY'}  busy: {'A': False, 'B': False}
2026-04-15 15:42:53,857 INFO     [TaskSelector] → do_load (zone A empty)
2026-04-15 15:42:53,860 INFO     [FetchInput] Entering state
2026-04-15 15:42:53,865 INFO     [Service] /compute_grasps → success=False msg='No images received from PnP camera.'
2026-04-15 15:42:53,865 ERROR    [FetchInput] /compute_grasps service failed → exiting: failed
2026-04-15 15:42:53,868 DEBUG    [TaskSelector] Evaluating zone states: {'A': 'EMPTY', 'B': 'EMPTY'}  busy: {'A': False, 'B': False}
2026-04-15 15:42:53,868 INFO     [TaskSelector] → do_load (zone A empty)
2026-04-15 15:42:53,870 INFO     [FetchInput] Entering state
2026-04-15 15:42:53,873 INFO     [Service] /compute_grasps → success=False msg='No images received from PnP camera.'
2026-04-15 15:42:53,873 ERROR    [FetchInput] /compute_grasps service failed → exiting: failed
2026-04-15 15:42:53,874 DEBUG    [TaskSelector] Evaluating zone states: {'A': 'EMPTY', 'B': 'EMPTY'}  busy: {'A': False, 'B': False}
2026-04-15 15:42:53,874 INFO     [TaskSelector] → do_load (zone A empty)
2026-04-15 15:42:53,876 INFO     [FetchInput] Entering state
2026-04-15 15:42:53,880 INFO     [Service] /compute_grasps → success=False msg='No images received from PnP camera.'
2026-04-15 15:42:53,880 ERROR    [FetchInput] /compute_grasps service failed → exiting: failed
2026-04-15 15:42:53,881 DEBUG    [TaskSelector] Evaluating zone states: {'A': 'EMPTY', 'B': 'EMPTY'}  busy: {'A': False, 'B': False}
2026-04-15 15:42:53,881 INFO     [TaskSelector] → do_load (zone A empty)
2026-04-15 15:42:53,882 INFO     [FetchInput] Entering state
2026-04-15 15:42:53,884 INFO     [Service] /compute_grasps → success=False msg='No images received from PnP camera.'
2026-04-15 15:42:53,884 ERROR    [FetchInput] /compute_grasps service failed → exiting: failed
2026-04-15 15:42:53,885 DEBUG    [TaskSelector] Evaluating zone states: {'A': 'EMPTY', 'B': 'EMPTY'}  busy: {'A': False, 'B': False}
2026-04-15 15:42:53,885 INFO     [TaskSelector] → do_load (zone A empty)
2026-04-15 15:42:53,886 INFO     [FetchInput] Entering state
2026-04-15 15:42:53,888 INFO     [Service] /compute_grasps → success=False msg='No images received from PnP camera.'
2026-04-15 15:42:53,888 ERROR    [FetchInput] /compute_grasps service failed → exiting: failed
2026-04-15 15:42:53,889 DEBUG    [TaskSelector] Evaluating zone states: {'A': 'EMPTY', 'B': 'EMPTY'}  busy: {'A': False, 'B': False}
2026-04-15 15:42:53,889 INFO     [TaskSelector] → do_load (zone A empty)
2026-04-15 15:42:53,890 INFO     [FetchInput] Entering state
2026-04-15 15:42:53,892 INFO     [Service] /compute_grasps → success=False msg='No images received from PnP camera.'
2026-04-15 15:42:53,893 ERROR    [FetchInput] /compute_grasps service failed → exiting: failed
2026-04-15 15:42:53,893 DEBUG    [TaskSelector] Evaluating zone states: {'A': 'EMPTY', 'B': 'EMPTY'}  busy: {'A': False, 'B': False}
2026-04-15 15:42:53,894 INFO     [TaskSelector] → do_load (zone A empty)
2026-04-15 15:42:53,895 INFO     [FetchInput] Entering state
2026-04-15 15:42:53,897 INFO     [Service] /compute_grasps → success=False msg='No images received from PnP camera.'
2026-04-15 15:42:53,897 ERROR    [FetchInput] /compute_grasps service failed → exiting: failed
2026-04-15 15:42:53,898 DEBUG    [TaskSelector] Evaluating zone states: {'A': 'EMPTY', 'B': 'EMPTY'}  busy: {'A': False, 'B': False}
2026-04-15 15:42:53,898 INFO     [TaskSelector] → do_load (zone A empty)
2026-04-15 15:42:53,899 INFO     [FetchInput] Entering state
2026-04-15 15:42:53,901 INFO     [Service] /compute_grasps → success=False msg='No images received from PnP camera.'
2026-04-15 15:42:53,901 ERROR    [FetchInput] /compute_grasps service failed → exiting: failed
2026-04-15 15:42:53,902 DEBUG    [TaskSelector] Evaluating zone states: {'A': 'EMPTY', 'B': 'EMPTY'}  busy: {'A': False, 'B': False}
2026-04-15 15:42:53,902 INFO     [TaskSelector] → do_load (zone A empty)
2026-04-15 15:42:53,903 INFO     [FetchInput] Entering state
2026-04-15 15:42:53,905 INFO     [Service] /compute_grasps → success=False msg='No images received from PnP camera.'
2026-04-15 15:42:53,905 ERROR    [FetchInput] /compute_grasps service failed → exiting: failed
2026-04-15 15:42:53,906 DEBUG    [TaskSelector] Evaluating zone states: {'A': 'EMPTY', 'B': 'EMPTY'}  busy: {'A': False, 'B': False}
2026-04-15 15:42:53,906 INFO     [TaskSelector] → do_load (zone A empty)
2026-04-15 15:42:53,907 INFO     [FetchInput] Entering state
2026-04-15 15:42:53,910 INFO     [Service] /compute_grasps → success=False msg='No images received from PnP camera.'
2026-04-15 15:42:53,910 ERROR    [FetchInput] /compute_grasps service failed → exiting: failed
2026-04-15 15:42:53,911 DEBUG    [TaskSelector] Evaluating zone states: {'A': 'EMPTY', 'B': 'EMPTY'}  busy: {'A': False, 'B': False}
2026-04-15 15:42:53,911 INFO     [TaskSelector] → do_load (zone A empty)
2026-04-15 15:42:53,912 INFO     [FetchInput] Entering state
2026-04-15 15:42:53,914 INFO     [Service] /compute_grasps → success=False msg='No images received from PnP camera.'
2026-04-15 15:42:53,914 ERROR    [FetchInput] /compute_grasps service failed → exiting: failed
2026-04-15 15:42:53,915 DEBUG    [TaskSelector] Evaluating zone states: {'A': 'EMPTY', 'B': 'EMPTY'}  busy: {'A': False, 'B': False}
2026-04-15 15:42:53,915 INFO     [TaskSelector] → do_load (zone A empty)
2026-04-15 15:42:53,915 INFO     [FetchInput] Entering state
2026-04-15 15:42:53,919 INFO     [Service] /compute_grasps → success=False msg='No images received from PnP camera.'
2026-04-15 15:42:53,919 ERROR    [FetchInput] /compute_grasps service failed → exiting: failed
2026-04-15 15:42:53,920 DEBUG    [TaskSelector] Evaluating zone states: {'A': 'EMPTY', 'B': 'EMPTY'}  busy: {'A': False, 'B': False}
2026-04-15 15:42:53,920 INFO     [TaskSelector] → do_load (zone A empty)
2026-04-15 15:42:53,921 INFO     [FetchInput] Entering state
2026-04-15 15:42:53,924 INFO     [Service] /compute_grasps → success=False msg='No images received from PnP camera.'
2026-04-15 15:42:53,924 ERROR    [FetchInput] /compute_grasps service failed → exiting: failed
2026-04-15 15:42:53,928 DEBUG    [TaskSelector] Evaluating zone states: {'A': 'EMPTY', 'B': 'EMPTY'}  busy: {'A': False, 'B': False}
2026-04-15 15:42:53,928 INFO     [TaskSelector] → do_load (zone A empty)
2026-04-15 15:42:53,930 INFO     [FetchInput] Entering state
2026-04-15 15:42:53,937 INFO     [Service] /compute_grasps → success=False msg='No images received from PnP camera.'
2026-04-15 15:42:53,937 ERROR    [FetchInput] /compute_grasps service failed → exiting: failed
2026-04-15 15:42:53,939 DEBUG    [TaskSelector] Evaluating zone states: {'A': 'EMPTY', 'B': 'EMPTY'}  busy: {'A': False, 'B': False}
2026-04-15 15:42:53,939 INFO     [TaskSelector] → do_load (zone A empty)
2026-04-15 15:42:53,941 INFO     [FetchInput] Entering state
2026-04-15 15:42:53,945 INFO     [Service] /compute_grasps → success=False msg='No images received from PnP camera.'
2026-04-15 15:42:53,945 ERROR    [FetchInput] /compute_grasps service failed → exiting: failed
2026-04-15 15:42:53,946 DEBUG    [TaskSelector] Evaluating zone states: {'A': 'EMPTY', 'B': 'EMPTY'}  busy: {'A': False, 'B': False}
2026-04-15 15:42:53,946 INFO     [TaskSelector] → do_load (zone A empty)
2026-04-15 15:42:53,947 INFO     [FetchInput] Entering state
2026-04-15 15:42:53,949 INFO     [Service] /compute_grasps → success=False msg='No images received from PnP camera.'
2026-04-15 15:42:53,950 ERROR    [FetchInput] /compute_grasps service failed → exiting: failed
2026-04-15 15:42:53,950 DEBUG    [TaskSelector] Evaluating zone states: {'A': 'EMPTY', 'B': 'EMPTY'}  busy: {'A': False, 'B': False}
2026-04-15 15:42:53,950 INFO     [TaskSelector] → do_load (zone A empty)
2026-04-15 15:42:53,951 INFO     [FetchInput] Entering state
2026-04-15 15:42:53,953 INFO     [Service] /compute_grasps → success=False msg='No images received from PnP camera.'
2026-04-15 15:42:53,954 ERROR    [FetchInput] /compute_grasps service failed → exiting: failed
2026-04-15 15:42:53,954 DEBUG    [TaskSelector] Evaluating zone states: {'A': 'EMPTY', 'B': 'EMPTY'}  busy: {'A': False, 'B': False}
2026-04-15 15:42:53,954 INFO     [TaskSelector] → do_load (zone A empty)
2026-04-15 15:42:53,955 INFO     [FetchInput] Entering state
2026-04-15 15:42:53,958 INFO     [Service] /compute_grasps → success=False msg='No images received from PnP camera.'
2026-04-15 15:42:53,959 ERROR    [FetchInput] /compute_grasps service failed → exiting: failed
2026-04-15 15:42:53,960 DEBUG    [TaskSelector] Evaluating zone states: {'A': 'EMPTY', 'B': 'EMPTY'}  busy: {'A': False, 'B': False}
2026-04-15 15:42:53,960 INFO     [TaskSelector] → do_load (zone A empty)
2026-04-15 15:42:53,960 INFO     [FetchInput] Entering state
2026-04-15 15:42:53,963 INFO     [Service] /compute_grasps → success=False msg='No images received from PnP camera.'
2026-04-15 15:42:53,963 ERROR    [FetchInput] /compute_grasps service failed → exiting: failed
2026-04-15 15:42:53,964 DEBUG    [TaskSelector] Evaluating zone states: {'A': 'EMPTY', 'B': 'EMPTY'}  busy: {'A': False, 'B': False}
2026-04-15 15:42:53,964 INFO     [TaskSelector] → do_load (zone A empty)
2026-04-15 15:42:53,965 INFO     [FetchInput] Entering state
2026-04-15 15:42:53,967 INFO     [Service] /compute_grasps → success=False msg='No images received from PnP camera.'
2026-04-15 15:42:53,967 ERROR    [FetchInput] /compute_grasps service failed → exiting: failed
2026-04-15 15:42:53,968 DEBUG    [TaskSelector] Evaluating zone states: {'A': 'EMPTY', 'B': 'EMPTY'}  busy: {'A': False, 'B': False}
2026-04-15 15:42:53,968 INFO     [TaskSelector] → do_load (zone A empty)
2026-04-15 15:42:53,969 INFO     [FetchInput] Entering state
2026-04-15 15:42:53,971 INFO     [Service] /compute_grasps → success=False msg='No images received from PnP camera.'
2026-04-15 15:42:53,971 ERROR    [FetchInput] /compute_grasps service failed → exiting: failed
2026-04-15 15:42:53,972 DEBUG    [TaskSelector] Evaluating zone states: {'A': 'EMPTY', 'B': 'EMPTY'}  busy: {'A': False, 'B': False}
2026-04-15 15:42:53,972 INFO     [TaskSelector] → do_load (zone A empty)
2026-04-15 15:42:53,973 INFO     [FetchInput] Entering state
2026-04-15 15:42:53,976 INFO     [Service] /compute_grasps → success=False msg='No images received from PnP camera.'
2026-04-15 15:42:53,976 ERROR    [FetchInput] /compute_grasps service failed → exiting: failed
2026-04-15 15:42:53,978 DEBUG    [TaskSelector] Evaluating zone states: {'A': 'EMPTY', 'B': 'EMPTY'}  busy: {'A': False, 'B': False}
2026-04-15 15:42:53,978 INFO     [TaskSelector] → do_load (zone A empty)
2026-04-15 15:42:53,978 INFO     [FetchInput] Entering state
2026-04-15 15:42:53,981 INFO     [Service] /compute_grasps → success=False msg='No images received from PnP camera.'
2026-04-15 15:42:53,981 ERROR    [FetchInput] /compute_grasps service failed → exiting: failed
2026-04-15 15:42:53,983 DEBUG    [TaskSelector] Evaluating zone states: {'A': 'EMPTY', 'B': 'EMPTY'}  busy: {'A': False, 'B': False}
2026-04-15 15:42:53,983 INFO     [TaskSelector] → do_load (zone A empty)
2026-04-15 15:42:53,984 INFO     [FetchInput] Entering state
2026-04-15 15:42:53,988 INFO     [Service] /compute_grasps → success=False msg='No images received from PnP camera.'
2026-04-15 15:42:53,988 ERROR    [FetchInput] /compute_grasps service failed → exiting: failed
2026-04-15 15:42:53,989 DEBUG    [TaskSelector] Evaluating zone states: {'A': 'EMPTY', 'B': 'EMPTY'}  busy: {'A': False, 'B': False}
2026-04-15 15:42:53,989 INFO     [TaskSelector] → do_load (zone A empty)
2026-04-15 15:42:53,990 INFO     [FetchInput] Entering state
2026-04-15 15:42:53,994 INFO     [Service] /compute_grasps → success=False msg='No images received from PnP camera.'
2026-04-15 15:42:53,994 ERROR    [FetchInput] /compute_grasps service failed → exiting: failed
2026-04-15 15:42:53,997 DEBUG    [TaskSelector] Evaluating zone states: {'A': 'EMPTY', 'B': 'EMPTY'}  busy: {'A': False, 'B': False}
2026-04-15 15:42:53,997 INFO     [TaskSelector] → do_load (zone A empty)
2026-04-15 15:42:53,998 INFO     [FetchInput] Entering state
2026-04-15 15:42:54,007 INFO     [Service] /compute_grasps → success=False msg='No images received from PnP camera.'
2026-04-15 15:42:54,007 ERROR    [FetchInput] /compute_grasps service failed → exiting: failed
2026-04-15 15:42:54,009 DEBUG    [TaskSelector] Evaluating zone states: {'A': 'EMPTY', 'B': 'EMPTY'}  busy: {'A': False, 'B': False}
2026-04-15 15:42:54,009 INFO     [TaskSelector] → do_load (zone A empty)
2026-04-15 15:42:54,010 INFO     [FetchInput] Entering state
2026-04-15 15:42:54,013 INFO     [Service] /compute_grasps → success=False msg='No images received from PnP camera.'
2026-04-15 15:42:54,013 ERROR    [FetchInput] /compute_grasps service failed → exiting: failed
2026-04-15 15:42:54,014 DEBUG    [TaskSelector] Evaluating zone states: {'A': 'EMPTY', 'B': 'EMPTY'}  busy: {'A': False, 'B': False}
2026-04-15 15:42:54,014 INFO     [TaskSelector] → do_load (zone A empty)
2026-04-15 15:42:54,015 INFO     [FetchInput] Entering state
2026-04-15 15:42:54,017 INFO     [Service] /compute_grasps → success=False msg='No images received from PnP camera.'
2026-04-15 15:42:54,018 ERROR    [FetchInput] /compute_grasps service failed → exiting: failed
2026-04-15 15:42:54,018 DEBUG    [TaskSelector] Evaluating zone states: {'A': 'EMPTY', 'B': 'EMPTY'}  busy: {'A': False, 'B': False}
2026-04-15 15:42:54,018 INFO     [TaskSelector] → do_load (zone A empty)
2026-04-15 15:42:54,019 INFO     [FetchInput] Entering state
2026-04-15 15:42:54,021 INFO     [Service] /compute_grasps → success=False msg='No images received from PnP camera.'
2026-04-15 15:42:54,021 ERROR    [FetchInput] /compute_grasps service failed → exiting: failed
2026-04-15 15:42:54,022 DEBUG    [TaskSelector] Evaluating zone states: {'A': 'EMPTY', 'B': 'EMPTY'}  busy: {'A': False, 'B': False}
2026-04-15 15:42:54,022 INFO     [TaskSelector] → do_load (zone A empty)
2026-04-15 15:42:54,023 INFO     [FetchInput] Entering state
2026-04-15 15:42:54,026 INFO     [Service] /compute_grasps → success=False msg='No images received from PnP camera.'
2026-04-15 15:42:54,026 ERROR    [FetchInput] /compute_grasps service failed → exiting: failed
2026-04-15 15:42:54,027 DEBUG    [TaskSelector] Evaluating zone states: {'A': 'EMPTY', 'B': 'EMPTY'}  busy: {'A': False, 'B': False}
2026-04-15 15:42:54,027 INFO     [TaskSelector] → do_load (zone A empty)
2026-04-15 15:42:54,028 INFO     [FetchInput] Entering state
2026-04-15 15:42:54,031 INFO     [Service] /compute_grasps → success=False msg='No images received from PnP camera.'
2026-04-15 15:42:54,031 ERROR    [FetchInput] /compute_grasps service failed → exiting: failed
2026-04-15 15:42:54,032 DEBUG    [TaskSelector] Evaluating zone states: {'A': 'EMPTY', 'B': 'EMPTY'}  busy: {'A': False, 'B': False}
2026-04-15 15:42:54,032 INFO     [TaskSelector] → do_load (zone A empty)
2026-04-15 15:42:54,032 INFO     [FetchInput] Entering state
2026-04-15 15:42:54,035 INFO     [Service] /compute_grasps → success=False msg='No images received from PnP camera.'
2026-04-15 15:42:54,035 ERROR    [FetchInput] /compute_grasps service failed → exiting: failed
2026-04-15 15:42:54,036 DEBUG    [TaskSelector] Evaluating zone states: {'A': 'EMPTY', 'B': 'EMPTY'}  busy: {'A': False, 'B': False}
2026-04-15 15:42:54,036 INFO     [TaskSelector] → do_load (zone A empty)
2026-04-15 15:42:54,037 INFO     [FetchInput] Entering state
2026-04-15 15:42:54,039 INFO     [Service] /compute_grasps → success=False msg='No images received from PnP camera.'
2026-04-15 15:42:54,039 ERROR    [FetchInput] /compute_grasps service failed → exiting: failed
2026-04-15 15:42:54,040 DEBUG    [TaskSelector] Evaluating zone states: {'A': 'EMPTY', 'B': 'EMPTY'}  busy: {'A': False, 'B': False}
2026-04-15 15:42:54,040 INFO     [TaskSelector] → do_load (zone A empty)
2026-04-15 15:42:54,040 INFO     [FetchInput] Entering state
2026-04-15 15:42:54,043 INFO     [Service] /compute_grasps → success=False msg='No images received from PnP camera.'
2026-04-15 15:42:54,043 ERROR    [FetchInput] /compute_grasps service failed → exiting: failed
2026-04-15 15:42:54,044 DEBUG    [TaskSelector] Evaluating zone states: {'A': 'EMPTY', 'B': 'EMPTY'}  busy: {'A': False, 'B': False}
2026-04-15 15:42:54,044 INFO     [TaskSelector] → do_load (zone A empty)
2026-04-15 15:42:54,045 INFO     [FetchInput] Entering state
2026-04-15 15:42:54,048 INFO     [Service] /compute_grasps → success=False msg='No images received from PnP camera.'
2026-04-15 15:42:54,048 ERROR    [FetchInput] /compute_grasps service failed → exiting: failed
2026-04-15 15:42:54,050 DEBUG    [TaskSelector] Evaluating zone states: {'A': 'EMPTY', 'B': 'EMPTY'}  busy: {'A': False, 'B': False}
2026-04-15 15:42:54,050 INFO     [TaskSelector] → do_load (zone A empty)
2026-04-15 15:42:54,051 INFO     [FetchInput] Entering state
2026-04-15 15:42:54,054 INFO     [Service] /compute_grasps → success=False msg='No images received from PnP camera.'
2026-04-15 15:42:54,055 ERROR    [FetchInput] /compute_grasps service failed → exiting: failed
2026-04-15 15:42:54,056 DEBUG    [TaskSelector] Evaluating zone states: {'A': 'EMPTY', 'B': 'EMPTY'}  busy: {'A': False, 'B': False}
2026-04-15 15:42:54,056 INFO     [TaskSelector] → do_load (zone A empty)
2026-04-15 15:42:54,057 INFO     [FetchInput] Entering state
2026-04-15 15:42:54,061 INFO     [Service] /compute_grasps → success=False msg='No images received from PnP camera.'
2026-04-15 15:42:54,062 ERROR    [FetchInput] /compute_grasps service failed → exiting: failed
2026-04-15 15:42:54,063 DEBUG    [TaskSelector] Evaluating zone states: {'A': 'EMPTY', 'B': 'EMPTY'}  busy: {'A': False, 'B': False}
2026-04-15 15:42:54,063 INFO     [TaskSelector] → do_load (zone A empty)
2026-04-15 15:42:54,065 INFO     [FetchInput] Entering state
2026-04-15 15:42:54,068 INFO     [Service] /compute_grasps → success=False msg='No images received from PnP camera.'
2026-04-15 15:42:54,068 ERROR    [FetchInput] /compute_grasps service failed → exiting: failed
2026-04-15 15:42:54,069 DEBUG    [TaskSelector] Evaluating zone states: {'A': 'EMPTY', 'B': 'EMPTY'}  busy: {'A': False, 'B': False}
2026-04-15 15:42:54,070 INFO     [TaskSelector] → do_load (zone A empty)
2026-04-15 15:42:54,071 INFO     [FetchInput] Entering state
2026-04-15 15:42:54,073 INFO     [Service] /compute_grasps → success=False msg='No images received from PnP camera.'
2026-04-15 15:42:54,073 ERROR    [FetchInput] /compute_grasps service failed → exiting: failed
2026-04-15 15:42:54,075 DEBUG    [TaskSelector] Evaluating zone states: {'A': 'EMPTY', 'B': 'EMPTY'}  busy: {'A': False, 'B': False}
2026-04-15 15:42:54,076 INFO     [TaskSelector] → do_load (zone A empty)
2026-04-15 15:42:54,078 INFO     [FetchInput] Entering state
2026-04-15 15:42:54,081 INFO     [Service] /compute_grasps → success=False msg='No images received from PnP camera.'
2026-04-15 15:42:54,081 ERROR    [FetchInput] /compute_grasps service failed → exiting: failed
2026-04-15 15:42:54,082 DEBUG    [TaskSelector] Evaluating zone states: {'A': 'EMPTY', 'B': 'EMPTY'}  busy: {'A': False, 'B': False}
2026-04-15 15:42:54,082 INFO     [TaskSelector] → do_load (zone A empty)
2026-04-15 15:42:54,083 INFO     [FetchInput] Entering state
2026-04-15 15:42:54,086 INFO     [Service] /compute_grasps → success=False msg='No images received from PnP camera.'
2026-04-15 15:42:54,086 ERROR    [FetchInput] /compute_grasps service failed → exiting: failed
2026-04-15 15:42:54,087 DEBUG    [TaskSelector] Evaluating zone states: {'A': 'EMPTY', 'B': 'EMPTY'}  busy: {'A': False, 'B': False}
2026-04-15 15:42:54,087 INFO     [TaskSelector] → do_load (zone A empty)
2026-04-15 15:42:54,088 INFO     [FetchInput] Entering state
2026-04-15 15:42:54,090 INFO     [Service] /compute_grasps → success=False msg='No images received from PnP camera.'
2026-04-15 15:42:54,091 ERROR    [FetchInput] /compute_grasps service failed → exiting: failed
2026-04-15 15:42:54,092 DEBUG    [TaskSelector] Evaluating zone states: {'A': 'EMPTY', 'B': 'EMPTY'}  busy: {'A': False, 'B': False}
2026-04-15 15:42:54,092 INFO     [TaskSelector] → do_load (zone A empty)
2026-04-15 15:42:54,093 INFO     [FetchInput] Entering state
2026-04-15 15:42:54,096 INFO     [Service] /compute_grasps → success=False msg='No images received from PnP camera.'
2026-04-15 15:42:54,097 ERROR    [FetchInput] /compute_grasps service failed → exiting: failed
2026-04-15 15:42:54,098 DEBUG    [TaskSelector] Evaluating zone states: {'A': 'EMPTY', 'B': 'EMPTY'}  busy: {'A': False, 'B': False}
2026-04-15 15:42:54,098 INFO     [TaskSelector] → do_load (zone A empty)
2026-04-15 15:42:54,098 INFO     [FetchInput] Entering state
2026-04-15 15:42:54,101 INFO     [Service] /compute_grasps → success=False msg='No images received from PnP camera.'
2026-04-15 15:42:54,101 ERROR    [FetchInput] /compute_grasps service failed → exiting: failed
2026-04-15 15:42:54,102 DEBUG    [TaskSelector] Evaluating zone states: {'A': 'EMPTY', 'B': 'EMPTY'}  busy: {'A': False, 'B': False}
2026-04-15 15:42:54,102 INFO     [TaskSelector] → do_load (zone A empty)
2026-04-15 15:42:54,102 INFO     [FetchInput] Entering state
2026-04-15 15:42:54,105 INFO     [Service] /compute_grasps → success=False msg='No images received from PnP camera.'
2026-04-15 15:42:54,105 ERROR    [FetchInput] /compute_grasps service failed → exiting: failed
2026-04-15 15:42:54,106 DEBUG    [TaskSelector] Evaluating zone states: {'A': 'EMPTY', 'B': 'EMPTY'}  busy: {'A': False, 'B': False}
2026-04-15 15:42:54,107 INFO     [TaskSelector] → do_load (zone A empty)
2026-04-15 15:42:54,108 INFO     [FetchInput] Entering state
2026-04-15 15:42:54,111 INFO     [Service] /compute_grasps → success=False msg='No images received from PnP camera.'
2026-04-15 15:42:54,111 ERROR    [FetchInput] /compute_grasps service failed → exiting: failed
2026-04-15 15:42:54,112 DEBUG    [TaskSelector] Evaluating zone states: {'A': 'EMPTY', 'B': 'EMPTY'}  busy: {'A': False, 'B': False}
2026-04-15 15:42:54,112 INFO     [TaskSelector] → do_load (zone A empty)
2026-04-15 15:42:54,113 INFO     [FetchInput] Entering state
2026-04-15 15:42:54,115 INFO     [Service] /compute_grasps → success=False msg='No images received from PnP camera.'
2026-04-15 15:42:54,116 ERROR    [FetchInput] /compute_grasps service failed → exiting: failed
2026-04-15 15:42:54,116 DEBUG    [TaskSelector] Evaluating zone states: {'A': 'EMPTY', 'B': 'EMPTY'}  busy: {'A': False, 'B': False}
2026-04-15 15:42:54,116 INFO     [TaskSelector] → do_load (zone A empty)
2026-04-15 15:42:54,117 INFO     [FetchInput] Entering state
2026-04-15 15:42:54,121 INFO     [Service] /compute_grasps → success=False msg='No images received from PnP camera.'
2026-04-15 15:42:54,121 ERROR    [FetchInput] /compute_grasps service failed → exiting: failed
2026-04-15 15:42:54,122 DEBUG    [TaskSelector] Evaluating zone states: {'A': 'EMPTY', 'B': 'EMPTY'}  busy: {'A': False, 'B': False}
2026-04-15 15:42:54,122 INFO     [TaskSelector] → do_load (zone A empty)
2026-04-15 15:42:54,122 INFO     [FetchInput] Entering state
2026-04-15 15:42:54,128 INFO     [Service] /compute_grasps → success=False msg='No images received from PnP camera.'
2026-04-15 15:42:54,128 ERROR    [FetchInput] /compute_grasps service failed → exiting: failed
2026-04-15 15:42:54,130 DEBUG    [TaskSelector] Evaluating zone states: {'A': 'EMPTY', 'B': 'EMPTY'}  busy: {'A': False, 'B': False}
2026-04-15 15:42:54,130 INFO     [TaskSelector] → do_load (zone A empty)
2026-04-15 15:42:54,133 INFO     [FetchInput] Entering state
2026-04-15 15:42:54,138 INFO     [Service] /compute_grasps → success=False msg='No images received from PnP camera.'
2026-04-15 15:42:54,138 ERROR    [FetchInput] /compute_grasps service failed → exiting: failed
2026-04-15 15:42:54,140 DEBUG    [TaskSelector] Evaluating zone states: {'A': 'EMPTY', 'B': 'EMPTY'}  busy: {'A': False, 'B': False}
2026-04-15 15:42:54,140 INFO     [TaskSelector] → do_load (zone A empty)
2026-04-15 15:42:54,141 INFO     [FetchInput] Entering state
2026-04-15 15:42:54,145 INFO     [Service] /compute_grasps → success=False msg='No images received from PnP camera.'
2026-04-15 15:42:54,145 ERROR    [FetchInput] /compute_grasps service failed → exiting: failed
2026-04-15 15:42:54,146 DEBUG    [TaskSelector] Evaluating zone states: {'A': 'EMPTY', 'B': 'EMPTY'}  busy: {'A': False, 'B': False}
2026-04-15 15:42:54,146 INFO     [TaskSelector] → do_load (zone A empty)
2026-04-15 15:42:54,147 INFO     [FetchInput] Entering state
2026-04-15 15:42:54,150 INFO     [Service] /compute_grasps → success=False msg='No images received from PnP camera.'
2026-04-15 15:42:54,150 ERROR    [FetchInput] /compute_grasps service failed → exiting: failed
2026-04-15 15:42:54,151 DEBUG    [TaskSelector] Evaluating zone states: {'A': 'EMPTY', 'B': 'EMPTY'}  busy: {'A': False, 'B': False}
2026-04-15 15:42:54,151 INFO     [TaskSelector] → do_load (zone A empty)
2026-04-15 15:42:54,151 INFO     [FetchInput] Entering state
2026-04-15 15:42:54,153 INFO     [Service] /compute_grasps → success=False msg='No images received from PnP camera.'
2026-04-15 15:42:54,154 ERROR    [FetchInput] /compute_grasps service failed → exiting: failed
2026-04-15 15:42:54,155 DEBUG    [TaskSelector] Evaluating zone states: {'A': 'EMPTY', 'B': 'EMPTY'}  busy: {'A': False, 'B': False}
2026-04-15 15:42:54,155 INFO     [TaskSelector] → do_load (zone A empty)
2026-04-15 15:42:54,156 INFO     [FetchInput] Entering state
2026-04-15 15:42:54,158 INFO     [Service] /compute_grasps → success=False msg='No images received from PnP camera.'
2026-04-15 15:42:54,158 ERROR    [FetchInput] /compute_grasps service failed → exiting: failed
2026-04-15 15:42:54,159 DEBUG    [TaskSelector] Evaluating zone states: {'A': 'EMPTY', 'B': 'EMPTY'}  busy: {'A': False, 'B': False}
2026-04-15 15:42:54,159 INFO     [TaskSelector] → do_load (zone A empty)
2026-04-15 15:42:54,160 INFO     [FetchInput] Entering state
2026-04-15 15:42:54,162 INFO     [Service] /compute_grasps → success=False msg='No images received from PnP camera.'
2026-04-15 15:42:54,163 ERROR    [FetchInput] /compute_grasps service failed → exiting: failed
2026-04-15 15:42:54,163 DEBUG    [TaskSelector] Evaluating zone states: {'A': 'EMPTY', 'B': 'EMPTY'}  busy: {'A': False, 'B': False}
2026-04-15 15:42:54,163 INFO     [TaskSelector] → do_load (zone A empty)
2026-04-15 15:42:54,164 INFO     [FetchInput] Entering state
2026-04-15 15:42:54,167 INFO     [Service] /compute_grasps → success=False msg='No images received from PnP camera.'
2026-04-15 15:42:54,167 ERROR    [FetchInput] /compute_grasps service failed → exiting: failed
2026-04-15 15:42:54,168 DEBUG    [TaskSelector] Evaluating zone states: {'A': 'EMPTY', 'B': 'EMPTY'}  busy: {'A': False, 'B': False}
2026-04-15 15:42:54,168 INFO     [TaskSelector] → do_load (zone A empty)
2026-04-15 15:42:54,169 INFO     [FetchInput] Entering state
2026-04-15 15:42:54,171 INFO     [Service] /compute_grasps → success=False msg='No images received from PnP camera.'
2026-04-15 15:42:54,171 ERROR    [FetchInput] /compute_grasps service failed → exiting: failed
2026-04-15 15:42:54,172 DEBUG    [TaskSelector] Evaluating zone states: {'A': 'EMPTY', 'B': 'EMPTY'}  busy: {'A': False, 'B': False}
2026-04-15 15:42:54,172 INFO     [TaskSelector] → do_load (zone A empty)
2026-04-15 15:42:54,173 INFO     [FetchInput] Entering state
2026-04-15 15:42:54,176 INFO     [Service] /compute_grasps → success=False msg='No images received from PnP camera.'
2026-04-15 15:42:54,177 ERROR    [FetchInput] /compute_grasps service failed → exiting: failed
2026-04-15 15:42:54,178 DEBUG    [TaskSelector] Evaluating zone states: {'A': 'EMPTY', 'B': 'EMPTY'}  busy: {'A': False, 'B': False}
2026-04-15 15:42:54,178 INFO     [TaskSelector] → do_load (zone A empty)
2026-04-15 15:42:54,179 INFO     [FetchInput] Entering state
2026-04-15 15:42:54,182 INFO     [Service] /orio/lbl_cup/on → success=True msg='Labelling Cup ON command sent'
2026-04-15 15:42:54,183 INFO     [Service] /compute_grasps → success=False msg='No images received from PnP camera.'
2026-04-15 15:42:54,183 ERROR    [FetchInput] /compute_grasps service failed → exiting: failed
2026-04-15 15:42:54,184 DEBUG    [TaskSelector] Evaluating zone states: {'A': 'EMPTY', 'B': 'EMPTY'}  busy: {'A': False, 'B': False}
2026-04-15 15:42:54,184 INFO     [TaskSelector] → do_load (zone A empty)
2026-04-15 15:42:54,185 INFO     [FetchInput] Entering state
2026-04-15 15:42:54,188 INFO     [Service] /compute_grasps → success=False msg='No images received from PnP camera.'
2026-04-15 15:42:54,188 ERROR    [FetchInput] /compute_grasps service failed → exiting: failed
2026-04-15 15:42:54,189 DEBUG    [TaskSelector] Evaluating zone states: {'A': 'EMPTY', 'B': 'EMPTY'}  busy: {'A': False, 'B': False}
2026-04-15 15:42:54,189 INFO     [TaskSelector] → do_load (zone A empty)
2026-04-15 15:42:54,190 INFO     [FetchInput] Entering state
2026-04-15 15:42:54,192 INFO     [Service] /compute_grasps → success=False msg='No images received from PnP camera.'
2026-04-15 15:42:54,193 ERROR    [FetchInput] /compute_grasps service failed → exiting: failed
2026-04-15 15:42:54,195 DEBUG    [TaskSelector] Evaluating zone states: {'A': 'EMPTY', 'B': 'EMPTY'}  busy: {'A': False, 'B': False}
2026-04-15 15:42:54,195 INFO     [TaskSelector] → do_load (zone A empty)
2026-04-15 15:42:54,197 INFO     [FetchInput] Entering state
2026-04-15 15:42:54,203 INFO     [Service] /compute_grasps → success=False msg='No images received from PnP camera.'
2026-04-15 15:42:54,204 ERROR    [FetchInput] /compute_grasps service failed → exiting: failed
2026-04-15 15:42:54,205 DEBUG    [TaskSelector] Evaluating zone states: {'A': 'EMPTY', 'B': 'EMPTY'}  busy: {'A': False, 'B': False}
2026-04-15 15:42:54,206 INFO     [TaskSelector] → do_load (zone A empty)
2026-04-15 15:42:54,207 INFO     [FetchInput] Entering state
2026-04-15 15:42:54,212 INFO     [Service] /compute_grasps → success=False msg='No images received from PnP camera.'
2026-04-15 15:42:54,212 ERROR    [FetchInput] /compute_grasps service failed → exiting: failed
2026-04-15 15:42:54,213 DEBUG    [TaskSelector] Evaluating zone states: {'A': 'EMPTY', 'B': 'EMPTY'}  busy: {'A': False, 'B': False}
2026-04-15 15:42:54,213 INFO     [TaskSelector] → do_load (zone A empty)
2026-04-15 15:42:54,214 INFO     [FetchInput] Entering state
2026-04-15 15:42:54,217 INFO     [Service] /compute_grasps → success=False msg='No images received from PnP camera.'
2026-04-15 15:42:54,217 ERROR    [FetchInput] /compute_grasps service failed → exiting: failed
2026-04-15 15:42:54,218 DEBUG    [TaskSelector] Evaluating zone states: {'A': 'EMPTY', 'B': 'EMPTY'}  busy: {'A': False, 'B': False}
2026-04-15 15:42:54,218 INFO     [TaskSelector] → do_load (zone A empty)
2026-04-15 15:42:54,219 INFO     [FetchInput] Entering state
2026-04-15 15:42:54,221 INFO     [Service] /compute_grasps → success=False msg='No images received from PnP camera.'
2026-04-15 15:42:54,221 ERROR    [FetchInput] /compute_grasps service failed → exiting: failed
2026-04-15 15:42:54,222 DEBUG    [TaskSelector] Evaluating zone states: {'A': 'EMPTY', 'B': 'EMPTY'}  busy: {'A': False, 'B': False}
2026-04-15 15:42:54,222 INFO     [TaskSelector] → do_load (zone A empty)
2026-04-15 15:42:54,222 INFO     [FetchInput] Entering state
2026-04-15 15:42:54,224 INFO     [Service] /compute_grasps → success=False msg='No images received from PnP camera.'
2026-04-15 15:42:54,225 ERROR    [FetchInput] /compute_grasps service failed → exiting: failed
2026-04-15 15:42:54,226 DEBUG    [TaskSelector] Evaluating zone states: {'A': 'EMPTY', 'B': 'EMPTY'}  busy: {'A': False, 'B': False}
2026-04-15 15:42:54,226 INFO     [TaskSelector] → do_load (zone A empty)
2026-04-15 15:42:54,227 INFO     [FetchInput] Entering state
2026-04-15 15:42:54,229 INFO     [Service] /compute_grasps → success=False msg='No images received from PnP camera.'
2026-04-15 15:42:54,229 ERROR    [FetchInput] /compute_grasps service failed → exiting: failed
2026-04-15 15:42:54,230 DEBUG    [TaskSelector] Evaluating zone states: {'A': 'EMPTY', 'B': 'EMPTY'}  busy: {'A': False, 'B': False}
2026-04-15 15:42:54,230 INFO     [TaskSelector] → do_load (zone A empty)
2026-04-15 15:42:54,231 INFO     [FetchInput] Entering state
2026-04-15 15:42:54,233 INFO     [Service] /compute_grasps → success=False msg='No images received from PnP camera.'
2026-04-15 15:42:54,233 ERROR    [FetchInput] /compute_grasps service failed → exiting: failed
2026-04-15 15:42:54,234 DEBUG    [TaskSelector] Evaluating zone states: {'A': 'EMPTY', 'B': 'EMPTY'}  busy: {'A': False, 'B': False}
2026-04-15 15:42:54,234 INFO     [TaskSelector] → do_load (zone A empty)
2026-04-15 15:42:54,235 INFO     [FetchInput] Entering state
2026-04-15 15:42:54,237 INFO     [Service] /compute_grasps → success=False msg='No images received from PnP camera.'
2026-04-15 15:42:54,237 ERROR    [FetchInput] /compute_grasps service failed → exiting: failed
2026-04-15 15:42:54,238 DEBUG    [TaskSelector] Evaluating zone states: {'A': 'EMPTY', 'B': 'EMPTY'}  busy: {'A': False, 'B': False}
2026-04-15 15:42:54,238 INFO     [TaskSelector] → do_load (zone A empty)
2026-04-15 15:42:54,238 INFO     [FetchInput] Entering state
2026-04-15 15:42:54,241 INFO     [Service] /compute_grasps → success=False msg='No images received from PnP camera.'
2026-04-15 15:42:54,241 ERROR    [FetchInput] /compute_grasps service failed → exiting: failed
2026-04-15 15:42:54,241 DEBUG    [TaskSelector] Evaluating zone states: {'A': 'EMPTY', 'B': 'EMPTY'}  busy: {'A': False, 'B': False}
2026-04-15 15:42:54,242 INFO     [TaskSelector] → do_load (zone A empty)
2026-04-15 15:42:54,242 INFO     [FetchInput] Entering state
2026-04-15 15:42:54,245 INFO     [Service] /compute_grasps → success=False msg='No images received from PnP camera.'
2026-04-15 15:42:54,245 ERROR    [FetchInput] /compute_grasps service failed → exiting: failed
2026-04-15 15:42:54,246 DEBUG    [TaskSelector] Evaluating zone states: {'A': 'EMPTY', 'B': 'EMPTY'}  busy: {'A': False, 'B': False}
2026-04-15 15:42:54,246 INFO     [TaskSelector] → do_load (zone A empty)
2026-04-15 15:42:54,247 INFO     [FetchInput] Entering state
2026-04-15 15:42:54,249 INFO     [Service] /compute_grasps → success=False msg='No images received from PnP camera.'
2026-04-15 15:42:54,249 ERROR    [FetchInput] /compute_grasps service failed → exiting: failed
2026-04-15 15:42:54,250 DEBUG    [TaskSelector] Evaluating zone states: {'A': 'EMPTY', 'B': 'EMPTY'}  busy: {'A': False, 'B': False}
2026-04-15 15:42:54,250 INFO     [TaskSelector] → do_load (zone A empty)
2026-04-15 15:42:54,250 INFO     [FetchInput] Entering state
2026-04-15 15:42:54,253 INFO     [Service] /compute_grasps → success=False msg='No images received from PnP camera.'
2026-04-15 15:42:54,253 ERROR    [FetchInput] /compute_grasps service failed → exiting: failed
2026-04-15 15:42:54,254 DEBUG    [TaskSelector] Evaluating zone states: {'A': 'EMPTY', 'B': 'EMPTY'}  busy: {'A': False, 'B': False}
2026-04-15 15:42:54,254 INFO     [TaskSelector] → do_load (zone A empty)
2026-04-15 15:42:54,255 INFO     [FetchInput] Entering state
2026-04-15 15:42:54,258 INFO     [Service] /compute_grasps → success=False msg='No images received from PnP camera.'
2026-04-15 15:42:54,258 ERROR    [FetchInput] /compute_grasps service failed → exiting: failed
2026-04-15 15:42:54,260 DEBUG    [TaskSelector] Evaluating zone states: {'A': 'EMPTY', 'B': 'EMPTY'}  busy: {'A': False, 'B': False}
2026-04-15 15:42:54,260 INFO     [TaskSelector] → do_load (zone A empty)
2026-04-15 15:42:54,261 INFO     [FetchInput] Entering state
2026-04-15 15:42:54,265 INFO     [Service] /compute_grasps → success=False msg='No images received from PnP camera.'
2026-04-15 15:42:54,265 ERROR    [FetchInput] /compute_grasps service failed → exiting: failed
2026-04-15 15:42:54,267 DEBUG    [TaskSelector] Evaluating zone states: {'A': 'EMPTY', 'B': 'EMPTY'}  busy: {'A': False, 'B': False}
2026-04-15 15:42:54,267 INFO     [TaskSelector] → do_load (zone A empty)
2026-04-15 15:42:54,268 INFO     [FetchInput] Entering state
2026-04-15 15:42:54,272 INFO     [Service] /compute_grasps → success=False msg='No images received from PnP camera.'
2026-04-15 15:42:54,272 ERROR    [FetchInput] /compute_grasps service failed → exiting: failed
2026-04-15 15:42:54,273 DEBUG    [TaskSelector] Evaluating zone states: {'A': 'EMPTY', 'B': 'EMPTY'}  busy: {'A': False, 'B': False}
2026-04-15 15:42:54,273 INFO     [TaskSelector] → do_load (zone A empty)
2026-04-15 15:42:54,274 INFO     [FetchInput] Entering state
2026-04-15 15:42:54,277 INFO     [Service] /compute_grasps → success=False msg='No images received from PnP camera.'
2026-04-15 15:42:54,277 ERROR    [FetchInput] /compute_grasps service failed → exiting: failed
2026-04-15 15:42:54,278 DEBUG    [TaskSelector] Evaluating zone states: {'A': 'EMPTY', 'B': 'EMPTY'}  busy: {'A': False, 'B': False}
2026-04-15 15:42:54,278 INFO     [TaskSelector] → do_load (zone A empty)
2026-04-15 15:42:54,279 INFO     [FetchInput] Entering state
2026-04-15 15:42:54,282 INFO     [Service] /compute_grasps → success=False msg='No images received from PnP camera.'
2026-04-15 15:42:54,282 ERROR    [FetchInput] /compute_grasps service failed → exiting: failed
2026-04-15 15:42:54,282 DEBUG    [TaskSelector] Evaluating zone states: {'A': 'EMPTY', 'B': 'EMPTY'}  busy: {'A': False, 'B': False}
2026-04-15 15:42:54,282 INFO     [TaskSelector] → do_load (zone A empty)
2026-04-15 15:42:54,283 INFO     [FetchInput] Entering state
2026-04-15 15:42:54,285 INFO     [Service] /compute_grasps → success=False msg='No images received from PnP camera.'
2026-04-15 15:42:54,285 ERROR    [FetchInput] /compute_grasps service failed → exiting: failed
2026-04-15 15:42:54,286 DEBUG    [TaskSelector] Evaluating zone states: {'A': 'EMPTY', 'B': 'EMPTY'}  busy: {'A': False, 'B': False}
2026-04-15 15:42:54,286 INFO     [TaskSelector] → do_load (zone A empty)
2026-04-15 15:42:54,286 INFO     [FetchInput] Entering state
2026-04-15 15:42:54,289 INFO     [Service] /compute_grasps → success=False msg='No images received from PnP camera.'
2026-04-15 15:42:54,289 ERROR    [FetchInput] /compute_grasps service failed → exiting: failed
2026-04-15 15:42:54,290 DEBUG    [TaskSelector] Evaluating zone states: {'A': 'EMPTY', 'B': 'EMPTY'}  busy: {'A': False, 'B': False}
2026-04-15 15:42:54,290 INFO     [TaskSelector] → do_load (zone A empty)
2026-04-15 15:42:54,290 INFO     [FetchInput] Entering state
2026-04-15 15:42:54,293 INFO     [Service] /compute_grasps → success=False msg='No images received from PnP camera.'
2026-04-15 15:42:54,293 ERROR    [FetchInput] /compute_grasps service failed → exiting: failed
2026-04-15 15:42:54,293 DEBUG    [TaskSelector] Evaluating zone states: {'A': 'EMPTY', 'B': 'EMPTY'}  busy: {'A': False, 'B': False}
2026-04-15 15:42:54,293 INFO     [TaskSelector] → do_load (zone A empty)
2026-04-15 15:42:54,294 INFO     [FetchInput] Entering state
2026-04-15 15:42:54,296 INFO     [Service] /compute_grasps → success=False msg='No images received from PnP camera.'
2026-04-15 15:42:54,296 ERROR    [FetchInput] /compute_grasps service failed → exiting: failed
2026-04-15 15:42:54,297 DEBUG    [TaskSelector] Evaluating zone states: {'A': 'EMPTY', 'B': 'EMPTY'}  busy: {'A': False, 'B': False}
2026-04-15 15:42:54,297 INFO     [TaskSelector] → do_load (zone A empty)
2026-04-15 15:42:54,298 INFO     [FetchInput] Entering state
2026-04-15 15:42:54,301 INFO     [Service] /compute_grasps → success=False msg='No images received from PnP camera.'
2026-04-15 15:42:54,301 ERROR    [FetchInput] /compute_grasps service failed → exiting: failed
2026-04-15 15:42:54,302 DEBUG    [TaskSelector] Evaluating zone states: {'A': 'EMPTY', 'B': 'EMPTY'}  busy: {'A': False, 'B': False}
2026-04-15 15:42:54,302 INFO     [TaskSelector] → do_load (zone A empty)
2026-04-15 15:42:54,303 INFO     [FetchInput] Entering state
2026-04-15 15:42:54,305 INFO     [Service] /compute_grasps → success=False msg='No images received from PnP camera.'
2026-04-15 15:42:54,305 ERROR    [FetchInput] /compute_grasps service failed → exiting: failed
2026-04-15 15:42:54,306 DEBUG    [TaskSelector] Evaluating zone states: {'A': 'EMPTY', 'B': 'EMPTY'}  busy: {'A': False, 'B': False}
2026-04-15 15:42:54,306 INFO     [TaskSelector] → do_load (zone A empty)
2026-04-15 15:42:54,307 INFO     [FetchInput] Entering state
2026-04-15 15:42:54,310 INFO     [Service] /compute_grasps → success=False msg='No images received from PnP camera.'
2026-04-15 15:42:54,311 ERROR    [FetchInput] /compute_grasps service failed → exiting: failed
2026-04-15 15:42:54,312 DEBUG    [TaskSelector] Evaluating zone states: {'A': 'EMPTY', 'B': 'EMPTY'}  busy: {'A': False, 'B': False}
2026-04-15 15:42:54,312 INFO     [TaskSelector] → do_load (zone A empty)
2026-04-15 15:42:54,313 INFO     [FetchInput] Entering state
2026-04-15 15:42:54,315 INFO     [Service] /compute_grasps → success=False msg='No images received from PnP camera.'
2026-04-15 15:42:54,316 ERROR    [FetchInput] /compute_grasps service failed → exiting: failed
2026-04-15 15:42:54,316 DEBUG    [TaskSelector] Evaluating zone states: {'A': 'EMPTY', 'B': 'EMPTY'}  busy: {'A': False, 'B': False}
2026-04-15 15:42:54,316 INFO     [TaskSelector] → do_load (zone A empty)
2026-04-15 15:42:54,317 INFO     [FetchInput] Entering state
2026-04-15 15:42:54,320 INFO     [Service] /compute_grasps → success=False msg='No images received from PnP camera.'
2026-04-15 15:42:54,320 ERROR    [FetchInput] /compute_grasps service failed → exiting: failed
2026-04-15 15:42:54,321 DEBUG    [TaskSelector] Evaluating zone states: {'A': 'EMPTY', 'B': 'EMPTY'}  busy: {'A': False, 'B': False}
2026-04-15 15:42:54,321 INFO     [TaskSelector] → do_load (zone A empty)
2026-04-15 15:42:54,322 INFO     [FetchInput] Entering state
2026-04-15 15:42:54,326 INFO     [Service] /compute_grasps → success=False msg='No images received from PnP camera.'
2026-04-15 15:42:54,326 ERROR    [FetchInput] /compute_grasps service failed → exiting: failed
2026-04-15 15:42:54,328 DEBUG    [TaskSelector] Evaluating zone states: {'A': 'EMPTY', 'B': 'EMPTY'}  busy: {'A': False, 'B': False}
2026-04-15 15:42:54,328 INFO     [TaskSelector] → do_load (zone A empty)
2026-04-15 15:42:54,331 INFO     [FetchInput] Entering state
2026-04-15 15:42:54,337 INFO     [Service] /compute_grasps → success=False msg='No images received from PnP camera.'
2026-04-15 15:42:54,337 ERROR    [FetchInput] /compute_grasps service failed → exiting: failed
2026-04-15 15:42:54,339 DEBUG    [TaskSelector] Evaluating zone states: {'A': 'EMPTY', 'B': 'EMPTY'}  busy: {'A': False, 'B': False}
2026-04-15 15:42:54,339 INFO     [TaskSelector] → do_load (zone A empty)
2026-04-15 15:42:54,340 INFO     [FetchInput] Entering state
2026-04-15 15:42:54,345 INFO     [Service] /compute_grasps → success=False msg='No images received from PnP camera.'
2026-04-15 15:42:54,345 ERROR    [FetchInput] /compute_grasps service failed → exiting: failed
2026-04-15 15:42:54,346 DEBUG    [TaskSelector] Evaluating zone states: {'A': 'EMPTY', 'B': 'EMPTY'}  busy: {'A': False, 'B': False}
2026-04-15 15:42:54,346 INFO     [TaskSelector] → do_load (zone A empty)
2026-04-15 15:42:54,347 INFO     [FetchInput] Entering state
2026-04-15 15:42:54,349 INFO     [Service] /compute_grasps → success=False msg='No images received from PnP camera.'
2026-04-15 15:42:54,349 ERROR    [FetchInput] /compute_grasps service failed → exiting: failed
2026-04-15 15:42:54,350 DEBUG    [TaskSelector] Evaluating zone states: {'A': 'EMPTY', 'B': 'EMPTY'}  busy: {'A': False, 'B': False}
2026-04-15 15:42:54,350 INFO     [TaskSelector] → do_load (zone A empty)
2026-04-15 15:42:54,350 INFO     [FetchInput] Entering state
2026-04-15 15:42:54,352 INFO     [Service] /compute_grasps → success=False msg='No images received from PnP camera.'
2026-04-15 15:42:54,353 ERROR    [FetchInput] /compute_grasps service failed → exiting: failed
2026-04-15 15:42:54,353 DEBUG    [TaskSelector] Evaluating zone states: {'A': 'EMPTY', 'B': 'EMPTY'}  busy: {'A': False, 'B': False}
2026-04-15 15:42:54,353 INFO     [TaskSelector] → do_load (zone A empty)
2026-04-15 15:42:54,354 INFO     [FetchInput] Entering state
2026-04-15 15:42:54,356 INFO     [Service] /compute_grasps → success=False msg='No images received from PnP camera.'
2026-04-15 15:42:54,356 ERROR    [FetchInput] /compute_grasps service failed → exiting: failed
2026-04-15 15:42:54,357 DEBUG    [TaskSelector] Evaluating zone states: {'A': 'EMPTY', 'B': 'EMPTY'}  busy: {'A': False, 'B': False}
2026-04-15 15:42:54,357 INFO     [TaskSelector] → do_load (zone A empty)
2026-04-15 15:42:54,358 INFO     [FetchInput] Entering state
2026-04-15 15:42:54,361 INFO     [Service] /compute_grasps → success=False msg='No images received from PnP camera.'
2026-04-15 15:42:54,361 ERROR    [FetchInput] /compute_grasps service failed → exiting: failed
2026-04-15 15:42:54,362 DEBUG    [TaskSelector] Evaluating zone states: {'A': 'EMPTY', 'B': 'EMPTY'}  busy: {'A': False, 'B': False}
2026-04-15 15:42:54,362 INFO     [TaskSelector] → do_load (zone A empty)
2026-04-15 15:42:54,362 INFO     [FetchInput] Entering state
2026-04-15 15:42:54,365 INFO     [Service] /compute_grasps → success=False msg='No images received from PnP camera.'
2026-04-15 15:42:54,365 ERROR    [FetchInput] /compute_grasps service failed → exiting: failed
2026-04-15 15:42:54,366 DEBUG    [TaskSelector] Evaluating zone states: {'A': 'EMPTY', 'B': 'EMPTY'}  busy: {'A': False, 'B': False}
2026-04-15 15:42:54,366 INFO     [TaskSelector] → do_load (zone A empty)
2026-04-15 15:42:54,366 INFO     [FetchInput] Entering state
2026-04-15 15:42:54,369 INFO     [Service] /compute_grasps → success=False msg='No images received from PnP camera.'
2026-04-15 15:42:54,369 ERROR    [FetchInput] /compute_grasps service failed → exiting: failed
2026-04-15 15:42:54,370 DEBUG    [TaskSelector] Evaluating zone states: {'A': 'EMPTY', 'B': 'EMPTY'}  busy: {'A': False, 'B': False}
2026-04-15 15:42:54,370 INFO     [TaskSelector] → do_load (zone A empty)
2026-04-15 15:42:54,370 INFO     [FetchInput] Entering state
2026-04-15 15:42:54,372 INFO     [Service] /compute_grasps → success=False msg='No images received from PnP camera.'
2026-04-15 15:42:54,373 ERROR    [FetchInput] /compute_grasps service failed → exiting: failed
2026-04-15 15:42:54,373 DEBUG    [TaskSelector] Evaluating zone states: {'A': 'EMPTY', 'B': 'EMPTY'}  busy: {'A': False, 'B': False}
2026-04-15 15:42:54,373 INFO     [TaskSelector] → do_load (zone A empty)
2026-04-15 15:42:54,374 INFO     [FetchInput] Entering state
2026-04-15 15:42:54,377 INFO     [Service] /compute_grasps → success=False msg='No images received from PnP camera.'
2026-04-15 15:42:54,377 ERROR    [FetchInput] /compute_grasps service failed → exiting: failed
2026-04-15 15:42:54,378 DEBUG    [TaskSelector] Evaluating zone states: {'A': 'EMPTY', 'B': 'EMPTY'}  busy: {'A': False, 'B': False}
2026-04-15 15:42:54,378 INFO     [TaskSelector] → do_load (zone A empty)
2026-04-15 15:42:54,379 INFO     [FetchInput] Entering state
2026-04-15 15:42:54,381 INFO     [Service] /compute_grasps → success=False msg='No images received from PnP camera.'
2026-04-15 15:42:54,381 ERROR    [FetchInput] /compute_grasps service failed → exiting: failed
2026-04-15 15:42:54,382 DEBUG    [TaskSelector] Evaluating zone states: {'A': 'EMPTY', 'B': 'EMPTY'}  busy: {'A': False, 'B': False}
2026-04-15 15:42:54,382 INFO     [TaskSelector] → do_load (zone A empty)
2026-04-15 15:42:54,383 INFO     [FetchInput] Entering state
2026-04-15 15:42:54,385 INFO     [Service] /compute_grasps → success=False msg='No images received from PnP camera.'
2026-04-15 15:42:54,385 ERROR    [FetchInput] /compute_grasps service failed → exiting: failed
2026-04-15 15:42:54,386 DEBUG    [TaskSelector] Evaluating zone states: {'A': 'EMPTY', 'B': 'EMPTY'}  busy: {'A': False, 'B': False}
2026-04-15 15:42:54,386 INFO     [TaskSelector] → do_load (zone A empty)
2026-04-15 15:42:54,387 INFO     [FetchInput] Entering state
2026-04-15 15:42:54,390 INFO     [Service] /compute_grasps → success=False msg='No images received from PnP camera.'
2026-04-15 15:42:54,391 ERROR    [FetchInput] /compute_grasps service failed → exiting: failed
2026-04-15 15:42:54,391 DEBUG    [TaskSelector] Evaluating zone states: {'A': 'EMPTY', 'B': 'EMPTY'}  busy: {'A': False, 'B': False}
2026-04-15 15:42:54,391 INFO     [TaskSelector] → do_load (zone A empty)
2026-04-15 15:42:54,392 INFO     [FetchInput] Entering state
2026-04-15 15:42:54,396 INFO     [Service] /compute_grasps → success=False msg='No images received from PnP camera.'
2026-04-15 15:42:54,396 ERROR    [FetchInput] /compute_grasps service failed → exiting: failed
2026-04-15 15:42:54,399 DEBUG    [TaskSelector] Evaluating zone states: {'A': 'EMPTY', 'B': 'EMPTY'}  busy: {'A': False, 'B': False}
2026-04-15 15:42:54,399 INFO     [TaskSelector] → do_load (zone A empty)
2026-04-15 15:42:54,402 INFO     [FetchInput] Entering state
2026-04-15 15:42:54,407 INFO     [Service] /compute_grasps → success=False msg='No images received from PnP camera.'
2026-04-15 15:42:54,407 ERROR    [FetchInput] /compute_grasps service failed → exiting: failed
2026-04-15 15:42:54,410 DEBUG    [TaskSelector] Evaluating zone states: {'A': 'EMPTY', 'B': 'EMPTY'}  busy: {'A': False, 'B': False}
2026-04-15 15:42:54,410 INFO     [TaskSelector] → do_load (zone A empty)
2026-04-15 15:42:54,412 INFO     [FetchInput] Entering state
2026-04-15 15:42:54,414 INFO     [Service] /compute_grasps → success=False msg='No images received from PnP camera.'
2026-04-15 15:42:54,414 ERROR    [FetchInput] /compute_grasps service failed → exiting: failed
2026-04-15 15:42:54,415 DEBUG    [TaskSelector] Evaluating zone states: {'A': 'EMPTY', 'B': 'EMPTY'}  busy: {'A': False, 'B': False}
2026-04-15 15:42:54,415 INFO     [TaskSelector] → do_load (zone A empty)
2026-04-15 15:42:54,416 INFO     [FetchInput] Entering state
2026-04-15 15:42:54,418 INFO     [Service] /compute_grasps → success=False msg='No images received from PnP camera.'
2026-04-15 15:42:54,418 ERROR    [FetchInput] /compute_grasps service failed → exiting: failed
2026-04-15 15:42:54,418 DEBUG    [TaskSelector] Evaluating zone states: {'A': 'EMPTY', 'B': 'EMPTY'}  busy: {'A': False, 'B': False}
2026-04-15 15:42:54,419 INFO     [TaskSelector] → do_load (zone A empty)
2026-04-15 15:42:54,419 INFO     [FetchInput] Entering state
2026-04-15 15:42:54,421 INFO     [Service] /compute_grasps → success=False msg='No images received from PnP camera.'
2026-04-15 15:42:54,421 ERROR    [FetchInput] /compute_grasps service failed → exiting: failed
2026-04-15 15:42:54,422 DEBUG    [TaskSelector] Evaluating zone states: {'A': 'EMPTY', 'B': 'EMPTY'}  busy: {'A': False, 'B': False}
2026-04-15 15:42:54,422 INFO     [TaskSelector] → do_load (zone A empty)
2026-04-15 15:42:54,423 INFO     [FetchInput] Entering state
2026-04-15 15:42:54,425 INFO     [Service] /compute_grasps → success=False msg='No images received from PnP camera.'
2026-04-15 15:42:54,426 ERROR    [FetchInput] /compute_grasps service failed → exiting: failed
2026-04-15 15:42:54,427 DEBUG    [TaskSelector] Evaluating zone states: {'A': 'EMPTY', 'B': 'EMPTY'}  busy: {'A': False, 'B': False}
2026-04-15 15:42:54,427 INFO     [TaskSelector] → do_load (zone A empty)
2026-04-15 15:42:54,427 INFO     [FetchInput] Entering state
2026-04-15 15:42:54,430 INFO     [Service] /compute_grasps → success=False msg='No images received from PnP camera.'
2026-04-15 15:42:54,430 ERROR    [FetchInput] /compute_grasps service failed → exiting: failed
2026-04-15 15:42:54,431 DEBUG    [TaskSelector] Evaluating zone states: {'A': 'EMPTY', 'B': 'EMPTY'}  busy: {'A': False, 'B': False}
2026-04-15 15:42:54,431 INFO     [TaskSelector] → do_load (zone A empty)
2026-04-15 15:42:54,431 INFO     [FetchInput] Entering state
2026-04-15 15:42:54,434 INFO     [Service] /compute_grasps → success=False msg='No images received from PnP camera.'
2026-04-15 15:42:54,434 ERROR    [FetchInput] /compute_grasps service failed → exiting: failed
2026-04-15 15:42:54,435 DEBUG    [TaskSelector] Evaluating zone states: {'A': 'EMPTY', 'B': 'EMPTY'}  busy: {'A': False, 'B': False}
2026-04-15 15:42:54,435 INFO     [TaskSelector] → do_load (zone A empty)
2026-04-15 15:42:54,435 INFO     [FetchInput] Entering state
2026-04-15 15:42:54,437 INFO     [Service] /compute_grasps → success=False msg='No images received from PnP camera.'
2026-04-15 15:42:54,437 ERROR    [FetchInput] /compute_grasps service failed → exiting: failed
2026-04-15 15:42:54,438 DEBUG    [TaskSelector] Evaluating zone states: {'A': 'EMPTY', 'B': 'EMPTY'}  busy: {'A': False, 'B': False}
2026-04-15 15:42:54,438 INFO     [TaskSelector] → do_load (zone A empty)
2026-04-15 15:42:54,439 INFO     [FetchInput] Entering state
2026-04-15 15:42:54,441 INFO     [Service] /compute_grasps → success=False msg='No images received from PnP camera.'
2026-04-15 15:42:54,441 ERROR    [FetchInput] /compute_grasps service failed → exiting: failed
2026-04-15 15:42:54,442 DEBUG    [TaskSelector] Evaluating zone states: {'A': 'EMPTY', 'B': 'EMPTY'}  busy: {'A': False, 'B': False}
2026-04-15 15:42:54,442 INFO     [TaskSelector] → do_load (zone A empty)
2026-04-15 15:42:54,442 INFO     [FetchInput] Entering state
2026-04-15 15:42:54,445 INFO     [Service] /compute_grasps → success=False msg='No images received from PnP camera.'
2026-04-15 15:42:54,445 ERROR    [FetchInput] /compute_grasps service failed → exiting: failed
2026-04-15 15:42:54,446 DEBUG    [TaskSelector] Evaluating zone states: {'A': 'EMPTY', 'B': 'EMPTY'}  busy: {'A': False, 'B': False}
2026-04-15 15:42:54,446 INFO     [TaskSelector] → do_load (zone A empty)
2026-04-15 15:42:54,447 INFO     [FetchInput] Entering state
2026-04-15 15:42:54,449 INFO     [Service] /compute_grasps → success=False msg='No images received from PnP camera.'
2026-04-15 15:42:54,449 ERROR    [FetchInput] /compute_grasps service failed → exiting: failed
2026-04-15 15:42:54,450 DEBUG    [TaskSelector] Evaluating zone states: {'A': 'EMPTY', 'B': 'EMPTY'}  busy: {'A': False, 'B': False}
2026-04-15 15:42:54,450 INFO     [TaskSelector] → do_load (zone A empty)
2026-04-15 15:42:54,450 INFO     [FetchInput] Entering state
2026-04-15 15:42:54,453 INFO     [Service] /compute_grasps → success=False msg='No images received from PnP camera.'
2026-04-15 15:42:54,453 ERROR    [FetchInput] /compute_grasps service failed → exiting: failed
2026-04-15 15:42:54,454 DEBUG    [TaskSelector] Evaluating zone states: {'A': 'EMPTY', 'B': 'EMPTY'}  busy: {'A': False, 'B': False}
2026-04-15 15:42:54,454 INFO     [TaskSelector] → do_load (zone A empty)
2026-04-15 15:42:54,455 INFO     [FetchInput] Entering state
2026-04-15 15:42:54,460 INFO     [Service] /compute_grasps → success=False msg='No images received from PnP camera.'
2026-04-15 15:42:54,460 ERROR    [FetchInput] /compute_grasps service failed → exiting: failed
2026-04-15 15:42:54,461 DEBUG    [TaskSelector] Evaluating zone states: {'A': 'EMPTY', 'B': 'EMPTY'}  busy: {'A': False, 'B': False}
2026-04-15 15:42:54,461 INFO     [TaskSelector] → do_load (zone A empty)
2026-04-15 15:42:54,462 INFO     [FetchInput] Entering state
2026-04-15 15:42:54,467 INFO     [Service] /compute_grasps → success=False msg='No images received from PnP camera.'
2026-04-15 15:42:54,467 ERROR    [FetchInput] /compute_grasps service failed → exiting: failed
2026-04-15 15:42:54,469 DEBUG    [TaskSelector] Evaluating zone states: {'A': 'EMPTY', 'B': 'EMPTY'}  busy: {'A': False, 'B': False}
2026-04-15 15:42:54,470 INFO     [TaskSelector] → do_load (zone A empty)
2026-04-15 15:42:54,471 INFO     [FetchInput] Entering state
2026-04-15 15:42:54,475 INFO     [Service] /compute_grasps → success=False msg='No images received from PnP camera.'
2026-04-15 15:42:54,476 ERROR    [FetchInput] /compute_grasps service failed → exiting: failed
2026-04-15 15:42:54,479 DEBUG    [TaskSelector] Evaluating zone states: {'A': 'EMPTY', 'B': 'EMPTY'}  busy: {'A': False, 'B': False}
2026-04-15 15:42:54,479 INFO     [TaskSelector] → do_load (zone A empty)
2026-04-15 15:42:54,481 INFO     [FetchInput] Entering state
2026-04-15 15:42:54,484 INFO     [Service] /compute_grasps → success=False msg='No images received from PnP camera.'
2026-04-15 15:42:54,484 ERROR    [FetchInput] /compute_grasps service failed → exiting: failed
2026-04-15 15:42:54,485 DEBUG    [TaskSelector] Evaluating zone states: {'A': 'EMPTY', 'B': 'EMPTY'}  busy: {'A': False, 'B': False}
2026-04-15 15:42:54,485 INFO     [TaskSelector] → do_load (zone A empty)
2026-04-15 15:42:54,485 INFO     [FetchInput] Entering state
2026-04-15 15:42:54,488 INFO     [Service] /compute_grasps → success=False msg='No images received from PnP camera.'
2026-04-15 15:42:54,488 ERROR    [FetchInput] /compute_grasps service failed → exiting: failed
2026-04-15 15:42:54,489 DEBUG    [TaskSelector] Evaluating zone states: {'A': 'EMPTY', 'B': 'EMPTY'}  busy: {'A': False, 'B': False}
2026-04-15 15:42:54,489 INFO     [TaskSelector] → do_load (zone A empty)
2026-04-15 15:42:54,489 INFO     [FetchInput] Entering state
2026-04-15 15:42:54,492 INFO     [Service] /compute_grasps → success=False msg='No images received from PnP camera.'
2026-04-15 15:42:54,492 ERROR    [FetchInput] /compute_grasps service failed → exiting: failed
2026-04-15 15:42:54,492 DEBUG    [TaskSelector] Evaluating zone states: {'A': 'EMPTY', 'B': 'EMPTY'}  busy: {'A': False, 'B': False}
2026-04-15 15:42:54,493 INFO     [TaskSelector] → do_load (zone A empty)
2026-04-15 15:42:54,493 INFO     [FetchInput] Entering state
2026-04-15 15:42:54,496 INFO     [Service] /compute_grasps → success=False msg='No images received from PnP camera.'
2026-04-15 15:42:54,496 ERROR    [FetchInput] /compute_grasps service failed → exiting: failed
2026-04-15 15:42:54,497 DEBUG    [TaskSelector] Evaluating zone states: {'A': 'EMPTY', 'B': 'EMPTY'}  busy: {'A': False, 'B': False}
2026-04-15 15:42:54,497 INFO     [TaskSelector] → do_load (zone A empty)
2026-04-15 15:42:54,497 INFO     [FetchInput] Entering state
2026-04-15 15:42:54,499 INFO     [Service] /compute_grasps → success=False msg='No images received from PnP camera.'
2026-04-15 15:42:54,499 ERROR    [FetchInput] /compute_grasps service failed → exiting: failed
2026-04-15 15:42:54,500 DEBUG    [TaskSelector] Evaluating zone states: {'A': 'EMPTY', 'B': 'EMPTY'}  busy: {'A': False, 'B': False}
2026-04-15 15:42:54,501 INFO     [TaskSelector] → do_load (zone A empty)
2026-04-15 15:42:54,502 INFO     [FetchInput] Entering state
2026-04-15 15:42:54,504 INFO     [Service] /compute_grasps → success=False msg='No images received from PnP camera.'
2026-04-15 15:42:54,504 ERROR    [FetchInput] /compute_grasps service failed → exiting: failed
2026-04-15 15:42:54,505 DEBUG    [TaskSelector] Evaluating zone states: {'A': 'EMPTY', 'B': 'EMPTY'}  busy: {'A': False, 'B': False}
2026-04-15 15:42:54,506 INFO     [TaskSelector] → do_load (zone A empty)
2026-04-15 15:42:54,506 INFO     [FetchInput] Entering state
2026-04-15 15:42:54,510 INFO     [Service] /compute_grasps → success=False msg='No images received from PnP camera.'
2026-04-15 15:42:54,510 ERROR    [FetchInput] /compute_grasps service failed → exiting: failed
2026-04-15 15:42:54,510 DEBUG    [TaskSelector] Evaluating zone states: {'A': 'EMPTY', 'B': 'EMPTY'}  busy: {'A': False, 'B': False}
2026-04-15 15:42:54,511 INFO     [TaskSelector] → do_load (zone A empty)
2026-04-15 15:42:54,511 INFO     [FetchInput] Entering state
2026-04-15 15:42:54,513 INFO     [Service] /compute_grasps → success=False msg='No images received from PnP camera.'
2026-04-15 15:42:54,514 ERROR    [FetchInput] /compute_grasps service failed → exiting: failed
2026-04-15 15:42:54,514 DEBUG    [TaskSelector] Evaluating zone states: {'A': 'EMPTY', 'B': 'EMPTY'}  busy: {'A': False, 'B': False}
2026-04-15 15:42:54,514 INFO     [TaskSelector] → do_load (zone A empty)
2026-04-15 15:42:54,515 INFO     [FetchInput] Entering state
2026-04-15 15:42:54,517 INFO     [Service] /compute_grasps → success=False msg='No images received from PnP camera.'
2026-04-15 15:42:54,517 ERROR    [FetchInput] /compute_grasps service failed → exiting: failed
2026-04-15 15:42:54,518 DEBUG    [TaskSelector] Evaluating zone states: {'A': 'EMPTY', 'B': 'EMPTY'}  busy: {'A': False, 'B': False}
2026-04-15 15:42:54,518 INFO     [TaskSelector] → do_load (zone A empty)
2026-04-15 15:42:54,519 INFO     [FetchInput] Entering state
2026-04-15 15:42:54,522 INFO     [Service] /compute_grasps → success=False msg='No images received from PnP camera.'
2026-04-15 15:42:54,522 ERROR    [FetchInput] /compute_grasps service failed → exiting: failed
2026-04-15 15:42:54,523 DEBUG    [TaskSelector] Evaluating zone states: {'A': 'EMPTY', 'B': 'EMPTY'}  busy: {'A': False, 'B': False}
2026-04-15 15:42:54,523 INFO     [TaskSelector] → do_load (zone A empty)
2026-04-15 15:42:54,524 INFO     [FetchInput] Entering state
2026-04-15 15:42:54,528 INFO     [Service] /compute_grasps → success=False msg='No images received from PnP camera.'
2026-04-15 15:42:54,528 ERROR    [FetchInput] /compute_grasps service failed → exiting: failed
2026-04-15 15:42:54,530 DEBUG    [TaskSelector] Evaluating zone states: {'A': 'EMPTY', 'B': 'EMPTY'}  busy: {'A': False, 'B': False}
2026-04-15 15:42:54,530 INFO     [TaskSelector] → do_load (zone A empty)
2026-04-15 15:42:54,532 INFO     [FetchInput] Entering state
2026-04-15 15:42:54,539 INFO     [Service] /compute_grasps → success=False msg='No images received from PnP camera.'
2026-04-15 15:42:54,540 ERROR    [FetchInput] /compute_grasps service failed → exiting: failed
2026-04-15 15:42:54,541 DEBUG    [TaskSelector] Evaluating zone states: {'A': 'EMPTY', 'B': 'EMPTY'}  busy: {'A': False, 'B': False}
2026-04-15 15:42:54,541 INFO     [TaskSelector] → do_load (zone A empty)
2026-04-15 15:42:54,542 INFO     [FetchInput] Entering state
2026-04-15 15:42:54,546 INFO     [Service] /compute_grasps → success=False msg='No images received from PnP camera.'
2026-04-15 15:42:54,546 ERROR    [FetchInput] /compute_grasps service failed → exiting: failed
2026-04-15 15:42:54,547 DEBUG    [TaskSelector] Evaluating zone states: {'A': 'EMPTY', 'B': 'EMPTY'}  busy: {'A': False, 'B': False}
2026-04-15 15:42:54,547 INFO     [TaskSelector] → do_load (zone A empty)
2026-04-15 15:42:54,548 INFO     [FetchInput] Entering state
2026-04-15 15:42:54,551 INFO     [Service] /compute_grasps → success=False msg='No images received from PnP camera.'
2026-04-15 15:42:54,551 ERROR    [FetchInput] /compute_grasps service failed → exiting: failed
2026-04-15 15:42:54,552 DEBUG    [TaskSelector] Evaluating zone states: {'A': 'EMPTY', 'B': 'EMPTY'}  busy: {'A': False, 'B': False}
2026-04-15 15:42:54,552 INFO     [TaskSelector] → do_load (zone A empty)
2026-04-15 15:42:54,553 INFO     [FetchInput] Entering state
2026-04-15 15:42:54,555 INFO     [Service] /compute_grasps → success=False msg='No images received from PnP camera.'
2026-04-15 15:42:54,555 ERROR    [FetchInput] /compute_grasps service failed → exiting: failed
2026-04-15 15:42:54,556 DEBUG    [TaskSelector] Evaluating zone states: {'A': 'EMPTY', 'B': 'EMPTY'}  busy: {'A': False, 'B': False}
2026-04-15 15:42:54,556 INFO     [TaskSelector] → do_load (zone A empty)
2026-04-15 15:42:54,557 INFO     [FetchInput] Entering state
2026-04-15 15:42:54,560 INFO     [Service] /compute_grasps → success=False msg='No images received from PnP camera.'
2026-04-15 15:42:54,560 ERROR    [FetchInput] /compute_grasps service failed → exiting: failed
2026-04-15 15:42:54,561 DEBUG    [TaskSelector] Evaluating zone states: {'A': 'EMPTY', 'B': 'EMPTY'}  busy: {'A': False, 'B': False}
2026-04-15 15:42:54,561 INFO     [TaskSelector] → do_load (zone A empty)
2026-04-15 15:42:54,562 INFO     [FetchInput] Entering state
2026-04-15 15:42:54,564 INFO     [Service] /compute_grasps → success=False msg='No images received from PnP camera.'
2026-04-15 15:42:54,564 ERROR    [FetchInput] /compute_grasps service failed → exiting: failed
2026-04-15 15:42:54,565 DEBUG    [TaskSelector] Evaluating zone states: {'A': 'EMPTY', 'B': 'EMPTY'}  busy: {'A': False, 'B': False}
2026-04-15 15:42:54,565 INFO     [TaskSelector] → do_load (zone A empty)
2026-04-15 15:42:54,566 INFO     [FetchInput] Entering state
2026-04-15 15:42:54,568 INFO     [Service] /compute_grasps → success=False msg='No images received from PnP camera.'
2026-04-15 15:42:54,568 ERROR    [FetchInput] /compute_grasps service failed → exiting: failed
2026-04-15 15:42:54,569 DEBUG    [TaskSelector] Evaluating zone states: {'A': 'EMPTY', 'B': 'EMPTY'}  busy: {'A': False, 'B': False}
2026-04-15 15:42:54,569 INFO     [TaskSelector] → do_load (zone A empty)
2026-04-15 15:42:54,570 INFO     [FetchInput] Entering state
2026-04-15 15:42:54,572 INFO     [Service] /compute_grasps → success=False msg='No images received from PnP camera.'
2026-04-15 15:42:54,572 ERROR    [FetchInput] /compute_grasps service failed → exiting: failed
2026-04-15 15:42:54,572 DEBUG    [TaskSelector] Evaluating zone states: {'A': 'EMPTY', 'B': 'EMPTY'}  busy: {'A': False, 'B': False}
2026-04-15 15:42:54,573 INFO     [TaskSelector] → do_load (zone A empty)
2026-04-15 15:42:54,573 INFO     [FetchInput] Entering state
2026-04-15 15:42:54,578 INFO     [Service] /compute_grasps → success=False msg='No images received from PnP camera.'
2026-04-15 15:42:54,578 ERROR    [FetchInput] /compute_grasps service failed → exiting: failed
2026-04-15 15:42:54,579 DEBUG    [TaskSelector] Evaluating zone states: {'A': 'EMPTY', 'B': 'EMPTY'}  busy: {'A': False, 'B': False}
2026-04-15 15:42:54,579 INFO     [TaskSelector] → do_load (zone A empty)
2026-04-15 15:42:54,580 INFO     [FetchInput] Entering state
2026-04-15 15:42:54,583 INFO     [Service] /compute_grasps → success=False msg='No images received from PnP camera.'
2026-04-15 15:42:54,583 ERROR    [FetchInput] /compute_grasps service failed → exiting: failed
2026-04-15 15:42:54,584 DEBUG    [TaskSelector] Evaluating zone states: {'A': 'EMPTY', 'B': 'EMPTY'}  busy: {'A': False, 'B': False}
2026-04-15 15:42:54,584 INFO     [TaskSelector] → do_load (zone A empty)
2026-04-15 15:42:54,585 INFO     [FetchInput] Entering state
2026-04-15 15:42:54,588 INFO     [Service] /compute_grasps → success=False msg='No images received from PnP camera.'
2026-04-15 15:42:54,588 ERROR    [FetchInput] /compute_grasps service failed → exiting: failed
2026-04-15 15:42:54,590 DEBUG    [TaskSelector] Evaluating zone states: {'A': 'EMPTY', 'B': 'EMPTY'}  busy: {'A': False, 'B': False}
2026-04-15 15:42:54,590 INFO     [TaskSelector] → do_load (zone A empty)
2026-04-15 15:42:54,592 INFO     [FetchInput] Entering state
2026-04-15 15:42:54,596 INFO     [Service] /compute_grasps → success=False msg='No images received from PnP camera.'
2026-04-15 15:42:54,596 ERROR    [FetchInput] /compute_grasps service failed → exiting: failed
2026-04-15 15:42:54,598 DEBUG    [TaskSelector] Evaluating zone states: {'A': 'EMPTY', 'B': 'EMPTY'}  busy: {'A': False, 'B': False}
2026-04-15 15:42:54,598 INFO     [TaskSelector] → do_load (zone A empty)
2026-04-15 15:42:54,599 INFO     [FetchInput] Entering state
2026-04-15 15:42:54,605 INFO     [Service] /compute_grasps → success=False msg='No images received from PnP camera.'
2026-04-15 15:42:54,605 ERROR    [FetchInput] /compute_grasps service failed → exiting: failed
2026-04-15 15:42:54,607 DEBUG    [TaskSelector] Evaluating zone states: {'A': 'EMPTY', 'B': 'EMPTY'}  busy: {'A': False, 'B': False}
2026-04-15 15:42:54,607 INFO     [TaskSelector] → do_load (zone A empty)
2026-04-15 15:42:54,610 INFO     [FetchInput] Entering state
2026-04-15 15:42:54,613 INFO     [Service] /compute_grasps → success=False msg='No images received from PnP camera.'
2026-04-15 15:42:54,613 ERROR    [FetchInput] /compute_grasps service failed → exiting: failed
2026-04-15 15:42:54,614 DEBUG    [TaskSelector] Evaluating zone states: {'A': 'EMPTY', 'B': 'EMPTY'}  busy: {'A': False, 'B': False}
2026-04-15 15:42:54,614 INFO     [TaskSelector] → do_load (zone A empty)
2026-04-15 15:42:54,615 INFO     [FetchInput] Entering state
2026-04-15 15:42:54,617 INFO     [Service] /compute_grasps → success=False msg='No images received from PnP camera.'
2026-04-15 15:42:54,617 ERROR    [FetchInput] /compute_grasps service failed → exiting: failed
2026-04-15 15:42:54,618 DEBUG    [TaskSelector] Evaluating zone states: {'A': 'EMPTY', 'B': 'EMPTY'}  busy: {'A': False, 'B': False}
2026-04-15 15:42:54,618 INFO     [TaskSelector] → do_load (zone A empty)
2026-04-15 15:42:54,619 INFO     [FetchInput] Entering state
2026-04-15 15:42:54,621 INFO     [Service] /compute_grasps → success=False msg='No images received from PnP camera.'
2026-04-15 15:42:54,621 ERROR    [FetchInput] /compute_grasps service failed → exiting: failed
2026-04-15 15:42:54,621 DEBUG    [TaskSelector] Evaluating zone states: {'A': 'EMPTY', 'B': 'EMPTY'}  busy: {'A': False, 'B': False}
2026-04-15 15:42:54,621 INFO     [TaskSelector] → do_load (zone A empty)
2026-04-15 15:42:54,622 INFO     [FetchInput] Entering state
2026-04-15 15:42:54,624 INFO     [Service] /compute_grasps → success=False msg='No images received from PnP camera.'
2026-04-15 15:42:54,624 ERROR    [FetchInput] /compute_grasps service failed → exiting: failed
2026-04-15 15:42:54,625 DEBUG    [TaskSelector] Evaluating zone states: {'A': 'EMPTY', 'B': 'EMPTY'}  busy: {'A': False, 'B': False}
2026-04-15 15:42:54,625 INFO     [TaskSelector] → do_load (zone A empty)
2026-04-15 15:42:54,626 INFO     [FetchInput] Entering state
2026-04-15 15:42:54,629 INFO     [Service] /compute_grasps → success=False msg='No images received from PnP camera.'
2026-04-15 15:42:54,629 ERROR    [FetchInput] /compute_grasps service failed → exiting: failed
2026-04-15 15:42:54,630 DEBUG    [TaskSelector] Evaluating zone states: {'A': 'EMPTY', 'B': 'EMPTY'}  busy: {'A': False, 'B': False}
2026-04-15 15:42:54,630 INFO     [TaskSelector] → do_load (zone A empty)
2026-04-15 15:42:54,630 INFO     [FetchInput] Entering state
2026-04-15 15:42:54,632 INFO     [Service] /compute_grasps → success=False msg='No images received from PnP camera.'
2026-04-15 15:42:54,632 ERROR    [FetchInput] /compute_grasps service failed → exiting: failed
2026-04-15 15:42:54,633 DEBUG    [TaskSelector] Evaluating zone states: {'A': 'EMPTY', 'B': 'EMPTY'}  busy: {'A': False, 'B': False}
2026-04-15 15:42:54,633 INFO     [TaskSelector] → do_load (zone A empty)
2026-04-15 15:42:54,634 INFO     [FetchInput] Entering state
2026-04-15 15:42:54,636 INFO     [Service] /compute_grasps → success=False msg='No images received from PnP camera.'
2026-04-15 15:42:54,636 ERROR    [FetchInput] /compute_grasps service failed → exiting: failed
2026-04-15 15:42:54,637 DEBUG    [TaskSelector] Evaluating zone states: {'A': 'EMPTY', 'B': 'EMPTY'}  busy: {'A': False, 'B': False}
2026-04-15 15:42:54,637 INFO     [TaskSelector] → do_load (zone A empty)
2026-04-15 15:42:54,637 INFO     [FetchInput] Entering state
2026-04-15 15:42:54,639 INFO     [Service] /compute_grasps → success=False msg='No images received from PnP camera.'
2026-04-15 15:42:54,640 ERROR    [FetchInput] /compute_grasps service failed → exiting: failed
2026-04-15 15:42:54,640 DEBUG    [TaskSelector] Evaluating zone states: {'A': 'EMPTY', 'B': 'EMPTY'}  busy: {'A': False, 'B': False}
2026-04-15 15:42:54,640 INFO     [TaskSelector] → do_load (zone A empty)
2026-04-15 15:42:54,641 INFO     [FetchInput] Entering state
2026-04-15 15:42:54,643 INFO     [Service] /compute_grasps → success=False msg='No images received from PnP camera.'
2026-04-15 15:42:54,643 ERROR    [FetchInput] /compute_grasps service failed → exiting: failed
2026-04-15 15:42:54,644 DEBUG    [TaskSelector] Evaluating zone states: {'A': 'EMPTY', 'B': 'EMPTY'}  busy: {'A': False, 'B': False}
2026-04-15 15:42:54,644 INFO     [TaskSelector] → do_load (zone A empty)
2026-04-15 15:42:54,645 INFO     [FetchInput] Entering state
2026-04-15 15:42:54,648 INFO     [Service] /compute_grasps → success=False msg='No images received from PnP camera.'
2026-04-15 15:42:54,648 ERROR    [FetchInput] /compute_grasps service failed → exiting: failed
2026-04-15 15:42:54,648 DEBUG    [TaskSelector] Evaluating zone states: {'A': 'EMPTY', 'B': 'EMPTY'}  busy: {'A': False, 'B': False}
2026-04-15 15:42:54,648 INFO     [TaskSelector] → do_load (zone A empty)
2026-04-15 15:42:54,649 INFO     [FetchInput] Entering state
2026-04-15 15:42:54,651 INFO     [Service] /compute_grasps → success=False msg='No images received from PnP camera.'
2026-04-15 15:42:54,651 ERROR    [FetchInput] /compute_grasps service failed → exiting: failed
2026-04-15 15:42:54,652 DEBUG    [TaskSelector] Evaluating zone states: {'A': 'EMPTY', 'B': 'EMPTY'}  busy: {'A': False, 'B': False}
2026-04-15 15:42:54,652 INFO     [TaskSelector] → do_load (zone A empty)
2026-04-15 15:42:54,652 INFO     [FetchInput] Entering state
2026-04-15 15:42:54,655 INFO     [Service] /compute_grasps → success=False msg='No images received from PnP camera.'
2026-04-15 15:42:54,655 ERROR    [FetchInput] /compute_grasps service failed → exiting: failed
2026-04-15 15:42:54,657 DEBUG    [TaskSelector] Evaluating zone states: {'A': 'EMPTY', 'B': 'EMPTY'}  busy: {'A': False, 'B': False}
2026-04-15 15:42:54,657 INFO     [TaskSelector] → do_load (zone A empty)
2026-04-15 15:42:54,659 INFO     [FetchInput] Entering state
2026-04-15 15:42:54,663 INFO     [Service] /compute_grasps → success=False msg='No images received from PnP camera.'
2026-04-15 15:42:54,663 ERROR    [FetchInput] /compute_grasps service failed → exiting: failed
2026-04-15 15:42:54,664 DEBUG    [TaskSelector] Evaluating zone states: {'A': 'EMPTY', 'B': 'EMPTY'}  busy: {'A': False, 'B': False}
2026-04-15 15:42:54,664 INFO     [TaskSelector] → do_load (zone A empty)
2026-04-15 15:42:54,666 INFO     [FetchInput] Entering state
2026-04-15 15:42:54,673 INFO     [Service] /compute_grasps → success=False msg='No images received from PnP camera.'
2026-04-15 15:42:54,673 ERROR    [FetchInput] /compute_grasps service failed → exiting: failed
2026-04-15 15:42:54,675 DEBUG    [TaskSelector] Evaluating zone states: {'A': 'EMPTY', 'B': 'EMPTY'}  busy: {'A': False, 'B': False}
2026-04-15 15:42:54,675 INFO     [TaskSelector] → do_load (zone A empty)
2026-04-15 15:42:54,678 INFO     [FetchInput] Entering state
2026-04-15 15:42:54,682 INFO     [Service] /compute_grasps → success=False msg='No images received from PnP camera.'
2026-04-15 15:42:54,682 ERROR    [FetchInput] /compute_grasps service failed → exiting: failed
2026-04-15 15:42:54,683 DEBUG    [TaskSelector] Evaluating zone states: {'A': 'EMPTY', 'B': 'EMPTY'}  busy: {'A': False, 'B': False}
2026-04-15 15:42:54,683 INFO     [TaskSelector] → do_load (zone A empty)
2026-04-15 15:42:54,683 INFO     [FetchInput] Entering state
2026-04-15 15:42:54,686 INFO     [Service] /compute_grasps → success=False msg='No images received from PnP camera.'
2026-04-15 15:42:54,686 ERROR    [FetchInput] /compute_grasps service failed → exiting: failed
2026-04-15 15:42:54,687 DEBUG    [TaskSelector] Evaluating zone states: {'A': 'EMPTY', 'B': 'EMPTY'}  busy: {'A': False, 'B': False}
2026-04-15 15:42:54,687 INFO     [TaskSelector] → do_load (zone A empty)
2026-04-15 15:42:54,687 INFO     [FetchInput] Entering state
2026-04-15 15:42:54,690 INFO     [Service] /compute_grasps → success=False msg='No images received from PnP camera.'
2026-04-15 15:42:54,690 ERROR    [FetchInput] /compute_grasps service failed → exiting: failed
2026-04-15 15:42:54,690 DEBUG    [TaskSelector] Evaluating zone states: {'A': 'EMPTY', 'B': 'EMPTY'}  busy: {'A': False, 'B': False}
2026-04-15 15:42:54,690 INFO     [TaskSelector] → do_load (zone A empty)
2026-04-15 15:42:54,691 INFO     [FetchInput] Entering state
2026-04-15 15:42:54,693 INFO     [Service] /compute_grasps → success=False msg='No images received from PnP camera.'
2026-04-15 15:42:54,693 ERROR    [FetchInput] /compute_grasps service failed → exiting: failed
2026-04-15 15:42:54,694 DEBUG    [TaskSelector] Evaluating zone states: {'A': 'EMPTY', 'B': 'EMPTY'}  busy: {'A': False, 'B': False}
2026-04-15 15:42:54,694 INFO     [TaskSelector] → do_load (zone A empty)
2026-04-15 15:42:54,695 INFO     [FetchInput] Entering state
2026-04-15 15:42:54,697 INFO     [Service] /compute_grasps → success=False msg='No images received from PnP camera.'
2026-04-15 15:42:54,697 ERROR    [FetchInput] /compute_grasps service failed → exiting: failed
2026-04-15 15:42:54,698 DEBUG    [TaskSelector] Evaluating zone states: {'A': 'EMPTY', 'B': 'EMPTY'}  busy: {'A': False, 'B': False}
2026-04-15 15:42:54,698 INFO     [TaskSelector] → do_load (zone A empty)
2026-04-15 15:42:54,698 INFO     [FetchInput] Entering state
2026-04-15 15:42:54,700 INFO     [Service] /compute_grasps → success=False msg='No images received from PnP camera.'
2026-04-15 15:42:54,700 ERROR    [FetchInput] /compute_grasps service failed → exiting: failed
2026-04-15 15:42:54,701 DEBUG    [TaskSelector] Evaluating zone states: {'A': 'EMPTY', 'B': 'EMPTY'}  busy: {'A': False, 'B': False}
2026-04-15 15:42:54,701 INFO     [TaskSelector] → do_load (zone A empty)
2026-04-15 15:42:54,702 INFO     [FetchInput] Entering state
2026-04-15 15:42:54,704 INFO     [Service] /compute_grasps → success=False msg='No images received from PnP camera.'
2026-04-15 15:42:54,704 ERROR    [FetchInput] /compute_grasps service failed → exiting: failed
2026-04-15 15:42:54,705 DEBUG    [TaskSelector] Evaluating zone states: {'A': 'EMPTY', 'B': 'EMPTY'}  busy: {'A': False, 'B': False}
2026-04-15 15:42:54,705 INFO     [TaskSelector] → do_load (zone A empty)
2026-04-15 15:42:54,705 INFO     [FetchInput] Entering state
2026-04-15 15:42:54,709 INFO     [Service] /compute_grasps → success=False msg='No images received from PnP camera.'
2026-04-15 15:42:54,709 ERROR    [FetchInput] /compute_grasps service failed → exiting: failed
2026-04-15 15:42:54,710 DEBUG    [TaskSelector] Evaluating zone states: {'A': 'EMPTY', 'B': 'EMPTY'}  busy: {'A': False, 'B': False}
2026-04-15 15:42:54,710 INFO     [TaskSelector] → do_load (zone A empty)
2026-04-15 15:42:54,711 INFO     [FetchInput] Entering state
2026-04-15 15:42:54,713 INFO     [Service] /compute_grasps → success=False msg='No images received from PnP camera.'
2026-04-15 15:42:54,713 ERROR    [FetchInput] /compute_grasps service failed → exiting: failed
2026-04-15 15:42:54,714 DEBUG    [TaskSelector] Evaluating zone states: {'A': 'EMPTY', 'B': 'EMPTY'}  busy: {'A': False, 'B': False}
2026-04-15 15:42:54,714 INFO     [TaskSelector] → do_load (zone A empty)
2026-04-15 15:42:54,715 INFO     [FetchInput] Entering state
2026-04-15 15:42:54,717 INFO     [Service] /compute_grasps → success=False msg='No images received from PnP camera.'
2026-04-15 15:42:54,717 ERROR    [FetchInput] /compute_grasps service failed → exiting: failed
2026-04-15 15:42:54,718 DEBUG    [TaskSelector] Evaluating zone states: {'A': 'EMPTY', 'B': 'EMPTY'}  busy: {'A': False, 'B': False}
2026-04-15 15:42:54,718 INFO     [TaskSelector] → do_load (zone A empty)
2026-04-15 15:42:54,719 INFO     [FetchInput] Entering state
2026-04-15 15:42:54,721 INFO     [Service] /compute_grasps → success=False msg='No images received from PnP camera.'
2026-04-15 15:42:54,721 ERROR    [FetchInput] /compute_grasps service failed → exiting: failed
2026-04-15 15:42:54,722 DEBUG    [TaskSelector] Evaluating zone states: {'A': 'EMPTY', 'B': 'EMPTY'}  busy: {'A': False, 'B': False}
2026-04-15 15:42:54,722 INFO     [TaskSelector] → do_load (zone A empty)
2026-04-15 15:42:54,723 INFO     [FetchInput] Entering state
2026-04-15 15:42:54,728 INFO     [Service] /compute_grasps → success=False msg='No images received from PnP camera.'
2026-04-15 15:42:54,728 ERROR    [FetchInput] /compute_grasps service failed → exiting: failed
2026-04-15 15:42:54,730 DEBUG    [TaskSelector] Evaluating zone states: {'A': 'EMPTY', 'B': 'EMPTY'}  busy: {'A': False, 'B': False}
2026-04-15 15:42:54,730 INFO     [TaskSelector] → do_load (zone A empty)
2026-04-15 15:42:54,730 INFO     [FetchInput] Entering state
2026-04-15 15:42:54,735 INFO     [Service] /compute_grasps → success=False msg='No images received from PnP camera.'
2026-04-15 15:42:54,735 ERROR    [FetchInput] /compute_grasps service failed → exiting: failed
2026-04-15 15:42:54,737 DEBUG    [TaskSelector] Evaluating zone states: {'A': 'EMPTY', 'B': 'EMPTY'}  busy: {'A': False, 'B': False}
2026-04-15 15:42:54,737 INFO     [TaskSelector] → do_load (zone A empty)
2026-04-15 15:42:54,739 INFO     [FetchInput] Entering state
2026-04-15 15:42:54,747 INFO     [Service] /compute_grasps → success=False msg='No images received from PnP camera.'
2026-04-15 15:42:54,747 ERROR    [FetchInput] /compute_grasps service failed → exiting: failed
2026-04-15 15:42:54,748 DEBUG    [TaskSelector] Evaluating zone states: {'A': 'EMPTY', 'B': 'EMPTY'}  busy: {'A': False, 'B': False}
2026-04-15 15:42:54,748 INFO     [TaskSelector] → do_load (zone A empty)
2026-04-15 15:42:54,749 INFO     [FetchInput] Entering state
2026-04-15 15:42:54,751 INFO     [Service] /compute_grasps → success=False msg='No images received from PnP camera.'
2026-04-15 15:42:54,751 ERROR    [FetchInput] /compute_grasps service failed → exiting: failed
2026-04-15 15:42:54,752 DEBUG    [TaskSelector] Evaluating zone states: {'A': 'EMPTY', 'B': 'EMPTY'}  busy: {'A': False, 'B': False}
2026-04-15 15:42:54,752 INFO     [TaskSelector] → do_load (zone A empty)
2026-04-15 15:42:54,752 INFO     [FetchInput] Entering state
2026-04-15 15:42:54,754 INFO     [Service] /compute_grasps → success=False msg='No images received from PnP camera.'
2026-04-15 15:42:54,754 ERROR    [FetchInput] /compute_grasps service failed → exiting: failed
2026-04-15 15:42:54,755 DEBUG    [TaskSelector] Evaluating zone states: {'A': 'EMPTY', 'B': 'EMPTY'}  busy: {'A': False, 'B': False}
2026-04-15 15:42:54,755 INFO     [TaskSelector] → do_load (zone A empty)
2026-04-15 15:42:54,756 INFO     [FetchInput] Entering state
2026-04-15 15:42:54,758 INFO     [Service] /compute_grasps → success=False msg='No images received from PnP camera.'
2026-04-15 15:42:54,759 ERROR    [FetchInput] /compute_grasps service failed → exiting: failed
2026-04-15 15:42:54,759 DEBUG    [TaskSelector] Evaluating zone states: {'A': 'EMPTY', 'B': 'EMPTY'}  busy: {'A': False, 'B': False}
2026-04-15 15:42:54,759 INFO     [TaskSelector] → do_load (zone A empty)
2026-04-15 15:42:54,760 INFO     [FetchInput] Entering state
2026-04-15 15:42:54,762 INFO     [Service] /compute_grasps → success=False msg='No images received from PnP camera.'
2026-04-15 15:42:54,762 ERROR    [FetchInput] /compute_grasps service failed → exiting: failed
2026-04-15 15:42:54,763 DEBUG    [TaskSelector] Evaluating zone states: {'A': 'EMPTY', 'B': 'EMPTY'}  busy: {'A': False, 'B': False}
2026-04-15 15:42:54,763 INFO     [TaskSelector] → do_load (zone A empty)
2026-04-15 15:42:54,763 INFO     [FetchInput] Entering state
2026-04-15 15:42:54,765 INFO     [Service] /compute_grasps → success=False msg='No images received from PnP camera.'
2026-04-15 15:42:54,765 ERROR    [FetchInput] /compute_grasps service failed → exiting: failed
2026-04-15 15:42:54,766 DEBUG    [TaskSelector] Evaluating zone states: {'A': 'EMPTY', 'B': 'EMPTY'}  busy: {'A': False, 'B': False}
2026-04-15 15:42:54,766 INFO     [TaskSelector] → do_load (zone A empty)
2026-04-15 15:42:54,767 INFO     [FetchInput] Entering state
2026-04-15 15:42:54,769 INFO     [Service] /compute_grasps → success=False msg='No images received from PnP camera.'
2026-04-15 15:42:54,769 ERROR    [FetchInput] /compute_grasps service failed → exiting: failed
2026-04-15 15:42:54,770 DEBUG    [TaskSelector] Evaluating zone states: {'A': 'EMPTY', 'B': 'EMPTY'}  busy: {'A': False, 'B': False}
2026-04-15 15:42:54,770 INFO     [TaskSelector] → do_load (zone A empty)
2026-04-15 15:42:54,771 INFO     [FetchInput] Entering state
2026-04-15 15:42:54,773 INFO     [Service] /compute_grasps → success=False msg='No images received from PnP camera.'
2026-04-15 15:42:54,773 ERROR    [FetchInput] /compute_grasps service failed → exiting: failed
2026-04-15 15:42:54,774 DEBUG    [TaskSelector] Evaluating zone states: {'A': 'EMPTY', 'B': 'EMPTY'}  busy: {'A': False, 'B': False}
2026-04-15 15:42:54,774 INFO     [TaskSelector] → do_load (zone A empty)
2026-04-15 15:42:54,774 INFO     [FetchInput] Entering state
2026-04-15 15:42:54,777 INFO     [Service] /compute_grasps → success=False msg='No images received from PnP camera.'
2026-04-15 15:42:54,777 ERROR    [FetchInput] /compute_grasps service failed → exiting: failed
2026-04-15 15:42:54,778 DEBUG    [TaskSelector] Evaluating zone states: {'A': 'EMPTY', 'B': 'EMPTY'}  busy: {'A': False, 'B': False}
2026-04-15 15:42:54,778 INFO     [TaskSelector] → do_load (zone A empty)
2026-04-15 15:42:54,779 INFO     [FetchInput] Entering state
2026-04-15 15:42:54,782 INFO     [Service] /compute_grasps → success=False msg='No images received from PnP camera.'
2026-04-15 15:42:54,782 ERROR    [FetchInput] /compute_grasps service failed → exiting: failed
2026-04-15 15:42:54,783 DEBUG    [TaskSelector] Evaluating zone states: {'A': 'EMPTY', 'B': 'EMPTY'}  busy: {'A': False, 'B': False}
2026-04-15 15:42:54,783 INFO     [TaskSelector] → do_load (zone A empty)
2026-04-15 15:42:54,783 INFO     [FetchInput] Entering state
2026-04-15 15:42:54,785 INFO     [Service] /compute_grasps → success=False msg='No images received from PnP camera.'
2026-04-15 15:42:54,785 ERROR    [FetchInput] /compute_grasps service failed → exiting: failed
2026-04-15 15:42:54,786 DEBUG    [TaskSelector] Evaluating zone states: {'A': 'EMPTY', 'B': 'EMPTY'}  busy: {'A': False, 'B': False}
2026-04-15 15:42:54,786 INFO     [TaskSelector] → do_load (zone A empty)
2026-04-15 15:42:54,787 INFO     [FetchInput] Entering state
2026-04-15 15:42:54,790 INFO     [Service] /compute_grasps → success=False msg='No images received from PnP camera.'
2026-04-15 15:42:54,790 ERROR    [FetchInput] /compute_grasps service failed → exiting: failed
2026-04-15 15:42:54,791 DEBUG    [TaskSelector] Evaluating zone states: {'A': 'EMPTY', 'B': 'EMPTY'}  busy: {'A': False, 'B': False}
2026-04-15 15:42:54,791 INFO     [TaskSelector] → do_load (zone A empty)
2026-04-15 15:42:54,792 INFO     [FetchInput] Entering state
2026-04-15 15:42:54,795 INFO     [Service] /compute_grasps → success=False msg='No images received from PnP camera.'
2026-04-15 15:42:54,795 ERROR    [FetchInput] /compute_grasps service failed → exiting: failed
2026-04-15 15:42:54,796 DEBUG    [TaskSelector] Evaluating zone states: {'A': 'EMPTY', 'B': 'EMPTY'}  busy: {'A': False, 'B': False}
2026-04-15 15:42:54,796 INFO     [TaskSelector] → do_load (zone A empty)
2026-04-15 15:42:54,798 INFO     [FetchInput] Entering state
2026-04-15 15:42:54,805 INFO     [Service] /compute_grasps → success=False msg='No images received from PnP camera.'
2026-04-15 15:42:54,805 ERROR    [FetchInput] /compute_grasps service failed → exiting: failed
2026-04-15 15:42:54,807 DEBUG    [TaskSelector] Evaluating zone states: {'A': 'EMPTY', 'B': 'EMPTY'}  busy: {'A': False, 'B': False}
2026-04-15 15:42:54,807 INFO     [TaskSelector] → do_load (zone A empty)
2026-04-15 15:42:54,810 INFO     [FetchInput] Entering state
2026-04-15 15:42:54,814 INFO     [Service] /compute_grasps → success=False msg='No images received from PnP camera.'
2026-04-15 15:42:54,814 ERROR    [FetchInput] /compute_grasps service failed → exiting: failed
2026-04-15 15:42:54,815 DEBUG    [TaskSelector] Evaluating zone states: {'A': 'EMPTY', 'B': 'EMPTY'}  busy: {'A': False, 'B': False}
2026-04-15 15:42:54,815 INFO     [TaskSelector] → do_load (zone A empty)
2026-04-15 15:42:54,816 INFO     [FetchInput] Entering state
2026-04-15 15:42:54,819 INFO     [Service] /compute_grasps → success=False msg='No images received from PnP camera.'
2026-04-15 15:42:54,819 ERROR    [FetchInput] /compute_grasps service failed → exiting: failed
2026-04-15 15:42:54,819 DEBUG    [TaskSelector] Evaluating zone states: {'A': 'EMPTY', 'B': 'EMPTY'}  busy: {'A': False, 'B': False}
2026-04-15 15:42:54,819 INFO     [TaskSelector] → do_load (zone A empty)
2026-04-15 15:42:54,820 INFO     [FetchInput] Entering state
2026-04-15 15:42:54,822 INFO     [Service] /compute_grasps → success=False msg='No images received from PnP camera.'
2026-04-15 15:42:54,822 ERROR    [FetchInput] /compute_grasps service failed → exiting: failed
2026-04-15 15:42:54,823 DEBUG    [TaskSelector] Evaluating zone states: {'A': 'EMPTY', 'B': 'EMPTY'}  busy: {'A': False, 'B': False}
2026-04-15 15:42:54,823 INFO     [TaskSelector] → do_load (zone A empty)
2026-04-15 15:42:54,824 INFO     [FetchInput] Entering state
2026-04-15 15:42:54,827 INFO     [Service] /compute_grasps → success=False msg='No images received from PnP camera.'
2026-04-15 15:42:54,827 ERROR    [FetchInput] /compute_grasps service failed → exiting: failed
2026-04-15 15:42:54,828 DEBUG    [TaskSelector] Evaluating zone states: {'A': 'EMPTY', 'B': 'EMPTY'}  busy: {'A': False, 'B': False}
2026-04-15 15:42:54,828 INFO     [TaskSelector] → do_load (zone A empty)
2026-04-15 15:42:54,829 INFO     [FetchInput] Entering state
2026-04-15 15:42:54,831 INFO     [Service] /compute_grasps → success=False msg='No images received from PnP camera.'
2026-04-15 15:42:54,831 ERROR    [FetchInput] /compute_grasps service failed → exiting: failed
2026-04-15 15:42:54,832 DEBUG    [TaskSelector] Evaluating zone states: {'A': 'EMPTY', 'B': 'EMPTY'}  busy: {'A': False, 'B': False}
2026-04-15 15:42:54,832 INFO     [TaskSelector] → do_load (zone A empty)
2026-04-15 15:42:54,832 INFO     [FetchInput] Entering state
2026-04-15 15:42:54,835 INFO     [Service] /compute_grasps → success=False msg='No images received from PnP camera.'
2026-04-15 15:42:54,835 ERROR    [FetchInput] /compute_grasps service failed → exiting: failed
2026-04-15 15:42:54,836 DEBUG    [TaskSelector] Evaluating zone states: {'A': 'EMPTY', 'B': 'EMPTY'}  busy: {'A': False, 'B': False}
2026-04-15 15:42:54,836 INFO     [TaskSelector] → do_load (zone A empty)
2026-04-15 15:42:54,837 INFO     [FetchInput] Entering state
2026-04-15 15:42:54,839 INFO     [Service] /compute_grasps → success=False msg='No images received from PnP camera.'
2026-04-15 15:42:54,839 ERROR    [FetchInput] /compute_grasps service failed → exiting: failed
2026-04-15 15:42:54,840 DEBUG    [TaskSelector] Evaluating zone states: {'A': 'EMPTY', 'B': 'EMPTY'}  busy: {'A': False, 'B': False}
2026-04-15 15:42:54,840 INFO     [TaskSelector] → do_load (zone A empty)
2026-04-15 15:42:54,840 INFO     [FetchInput] Entering state
2026-04-15 15:42:54,843 INFO     [Service] /compute_grasps → success=False msg='No images received from PnP camera.'
2026-04-15 15:42:54,843 ERROR    [FetchInput] /compute_grasps service failed → exiting: failed
2026-04-15 15:42:54,843 DEBUG    [TaskSelector] Evaluating zone states: {'A': 'EMPTY', 'B': 'EMPTY'}  busy: {'A': False, 'B': False}
2026-04-15 15:42:54,844 INFO     [TaskSelector] → do_load (zone A empty)
2026-04-15 15:42:54,844 INFO     [FetchInput] Entering state
2026-04-15 15:42:54,847 INFO     [Service] /compute_grasps → success=False msg='No images received from PnP camera.'
2026-04-15 15:42:54,847 ERROR    [FetchInput] /compute_grasps service failed → exiting: failed
2026-04-15 15:42:54,847 DEBUG    [TaskSelector] Evaluating zone states: {'A': 'EMPTY', 'B': 'EMPTY'}  busy: {'A': False, 'B': False}
2026-04-15 15:42:54,847 INFO     [TaskSelector] → do_load (zone A empty)
2026-04-15 15:42:54,848 INFO     [FetchInput] Entering state
2026-04-15 15:42:54,850 INFO     [Service] /compute_grasps → success=False msg='No images received from PnP camera.'
2026-04-15 15:42:54,850 ERROR    [FetchInput] /compute_grasps service failed → exiting: failed
2026-04-15 15:42:54,851 DEBUG    [TaskSelector] Evaluating zone states: {'A': 'EMPTY', 'B': 'EMPTY'}  busy: {'A': False, 'B': False}
2026-04-15 15:42:54,851 INFO     [TaskSelector] → do_load (zone A empty)
2026-04-15 15:42:54,851 INFO     [FetchInput] Entering state
2026-04-15 15:42:54,853 INFO     [Service] /compute_grasps → success=False msg='No images received from PnP camera.'
2026-04-15 15:42:54,853 ERROR    [FetchInput] /compute_grasps service failed → exiting: failed
2026-04-15 15:42:54,854 DEBUG    [TaskSelector] Evaluating zone states: {'A': 'EMPTY', 'B': 'EMPTY'}  busy: {'A': False, 'B': False}
2026-04-15 15:42:54,854 INFO     [TaskSelector] → do_load (zone A empty)
2026-04-15 15:42:54,855 INFO     [FetchInput] Entering state
2026-04-15 15:42:54,860 INFO     [Service] /compute_grasps → success=False msg='No images received from PnP camera.'
2026-04-15 15:42:54,860 ERROR    [FetchInput] /compute_grasps service failed → exiting: failed
2026-04-15 15:42:54,861 DEBUG    [TaskSelector] Evaluating zone states: {'A': 'EMPTY', 'B': 'EMPTY'}  busy: {'A': False, 'B': False}
2026-04-15 15:42:54,861 INFO     [TaskSelector] → do_load (zone A empty)
2026-04-15 15:42:54,862 INFO     [FetchInput] Entering state
2026-04-15 15:42:54,864 INFO     [Service] /compute_grasps → success=False msg='No images received from PnP camera.'
2026-04-15 15:42:54,864 ERROR    [FetchInput] /compute_grasps service failed → exiting: failed
2026-04-15 15:42:54,866 DEBUG    [TaskSelector] Evaluating zone states: {'A': 'EMPTY', 'B': 'EMPTY'}  busy: {'A': False, 'B': False}
2026-04-15 15:42:54,866 INFO     [TaskSelector] → do_load (zone A empty)
2026-04-15 15:42:54,867 INFO     [FetchInput] Entering state
2026-04-15 15:42:54,873 INFO     [Service] /compute_grasps → success=False msg='No images received from PnP camera.'
2026-04-15 15:42:54,873 ERROR    [FetchInput] /compute_grasps service failed → exiting: failed
2026-04-15 15:42:54,874 DEBUG    [TaskSelector] Evaluating zone states: {'A': 'EMPTY', 'B': 'EMPTY'}  busy: {'A': False, 'B': False}
2026-04-15 15:42:54,875 INFO     [TaskSelector] → do_load (zone A empty)
2026-04-15 15:42:54,877 INFO     [FetchInput] Entering state
2026-04-15 15:42:54,881 INFO     [Service] /compute_grasps → success=False msg='No images received from PnP camera.'
2026-04-15 15:42:54,881 ERROR    [FetchInput] /compute_grasps service failed → exiting: failed
2026-04-15 15:42:54,883 DEBUG    [TaskSelector] Evaluating zone states: {'A': 'EMPTY', 'B': 'EMPTY'}  busy: {'A': False, 'B': False}
2026-04-15 15:42:54,883 INFO     [TaskSelector] → do_load (zone A empty)
2026-04-15 15:42:54,883 INFO     [FetchInput] Entering state
2026-04-15 15:42:54,886 INFO     [Service] /compute_grasps → success=False msg='No images received from PnP camera.'
2026-04-15 15:42:54,886 ERROR    [FetchInput] /compute_grasps service failed → exiting: failed
2026-04-15 15:42:54,887 DEBUG    [TaskSelector] Evaluating zone states: {'A': 'EMPTY', 'B': 'EMPTY'}  busy: {'A': False, 'B': False}
2026-04-15 15:42:54,887 INFO     [TaskSelector] → do_load (zone A empty)
2026-04-15 15:42:54,888 INFO     [FetchInput] Entering state
2026-04-15 15:42:54,890 INFO     [Service] /compute_grasps → success=False msg='No images received from PnP camera.'
2026-04-15 15:42:54,890 ERROR    [FetchInput] /compute_grasps service failed → exiting: failed
2026-04-15 15:42:54,891 DEBUG    [TaskSelector] Evaluating zone states: {'A': 'EMPTY', 'B': 'EMPTY'}  busy: {'A': False, 'B': False}
2026-04-15 15:42:54,891 INFO     [TaskSelector] → do_load (zone A empty)
2026-04-15 15:42:54,891 INFO     [FetchInput] Entering state
2026-04-15 15:42:54,894 INFO     [Service] /compute_grasps → success=False msg='No images received from PnP camera.'
2026-04-15 15:42:54,894 ERROR    [FetchInput] /compute_grasps service failed → exiting: failed
2026-04-15 15:42:54,895 DEBUG    [TaskSelector] Evaluating zone states: {'A': 'EMPTY', 'B': 'EMPTY'}  busy: {'A': False, 'B': False}
2026-04-15 15:42:54,895 INFO     [TaskSelector] → do_load (zone A empty)
2026-04-15 15:42:54,895 INFO     [FetchInput] Entering state
2026-04-15 15:42:54,897 INFO     [Service] /compute_grasps → success=False msg='No images received from PnP camera.'
2026-04-15 15:42:54,897 ERROR    [FetchInput] /compute_grasps service failed → exiting: failed
2026-04-15 15:42:54,898 DEBUG    [TaskSelector] Evaluating zone states: {'A': 'EMPTY', 'B': 'EMPTY'}  busy: {'A': False, 'B': False}
2026-04-15 15:42:54,898 INFO     [TaskSelector] → do_load (zone A empty)
2026-04-15 15:42:54,899 INFO     [FetchInput] Entering state
2026-04-15 15:42:54,901 INFO     [Service] /compute_grasps → success=False msg='No images received from PnP camera.'
2026-04-15 15:42:54,901 ERROR    [FetchInput] /compute_grasps service failed → exiting: failed
2026-04-15 15:42:54,902 DEBUG    [TaskSelector] Evaluating zone states: {'A': 'EMPTY', 'B': 'EMPTY'}  busy: {'A': False, 'B': False}
2026-04-15 15:42:54,902 INFO     [TaskSelector] → do_load (zone A empty)
2026-04-15 15:42:54,903 INFO     [FetchInput] Entering state
2026-04-15 15:42:54,905 INFO     [Service] /compute_grasps → success=False msg='No images received from PnP camera.'
2026-04-15 15:42:54,905 ERROR    [FetchInput] /compute_grasps service failed → exiting: failed
2026-04-15 15:42:54,906 DEBUG    [TaskSelector] Evaluating zone states: {'A': 'EMPTY', 'B': 'EMPTY'}  busy: {'A': False, 'B': False}
2026-04-15 15:42:54,906 INFO     [TaskSelector] → do_load (zone A empty)
2026-04-15 15:42:54,907 INFO     [FetchInput] Entering state
2026-04-15 15:42:54,910 INFO     [Service] /compute_grasps → success=False msg='No images received from PnP camera.'
2026-04-15 15:42:54,910 ERROR    [FetchInput] /compute_grasps service failed → exiting: failed
2026-04-15 15:42:54,911 DEBUG    [TaskSelector] Evaluating zone states: {'A': 'EMPTY', 'B': 'EMPTY'}  busy: {'A': False, 'B': False}
2026-04-15 15:42:54,911 INFO     [TaskSelector] → do_load (zone A empty)
2026-04-15 15:42:54,911 INFO     [FetchInput] Entering state
2026-04-15 15:42:54,913 INFO     [Service] /compute_grasps → success=False msg='No images received from PnP camera.'
2026-04-15 15:42:54,914 ERROR    [FetchInput] /compute_grasps service failed → exiting: failed
2026-04-15 15:42:54,914 DEBUG    [TaskSelector] Evaluating zone states: {'A': 'EMPTY', 'B': 'EMPTY'}  busy: {'A': False, 'B': False}
2026-04-15 15:42:54,914 INFO     [TaskSelector] → do_load (zone A empty)
2026-04-15 15:42:54,915 INFO     [FetchInput] Entering state
2026-04-15 15:42:54,917 INFO     [Service] /compute_grasps → success=False msg='No images received from PnP camera.'
2026-04-15 15:42:54,917 ERROR    [FetchInput] /compute_grasps service failed → exiting: failed
2026-04-15 15:42:54,918 DEBUG    [TaskSelector] Evaluating zone states: {'A': 'EMPTY', 'B': 'EMPTY'}  busy: {'A': False, 'B': False}
2026-04-15 15:42:54,918 INFO     [TaskSelector] → do_load (zone A empty)
2026-04-15 15:42:54,918 INFO     [FetchInput] Entering state
2026-04-15 15:42:54,920 INFO     [Service] /compute_grasps → success=False msg='No images received from PnP camera.'
2026-04-15 15:42:54,921 ERROR    [FetchInput] /compute_grasps service failed → exiting: failed
2026-04-15 15:42:54,921 DEBUG    [TaskSelector] Evaluating zone states: {'A': 'EMPTY', 'B': 'EMPTY'}  busy: {'A': False, 'B': False}
2026-04-15 15:42:54,922 INFO     [TaskSelector] → do_load (zone A empty)
2026-04-15 15:42:54,922 INFO     [FetchInput] Entering state
2026-04-15 15:42:54,927 INFO     [Service] /compute_grasps → success=False msg='No images received from PnP camera.'
2026-04-15 15:42:54,927 ERROR    [FetchInput] /compute_grasps service failed → exiting: failed
2026-04-15 15:42:54,929 DEBUG    [TaskSelector] Evaluating zone states: {'A': 'EMPTY', 'B': 'EMPTY'}  busy: {'A': False, 'B': False}
2026-04-15 15:42:54,929 INFO     [TaskSelector] → do_load (zone A empty)
2026-04-15 15:42:54,930 INFO     [FetchInput] Entering state
2026-04-15 15:42:54,933 INFO     [Service] /compute_grasps → success=False msg='No images received from PnP camera.'
2026-04-15 15:42:54,934 ERROR    [FetchInput] /compute_grasps service failed → exiting: failed
2026-04-15 15:42:54,936 DEBUG    [TaskSelector] Evaluating zone states: {'A': 'EMPTY', 'B': 'EMPTY'}  busy: {'A': False, 'B': False}
2026-04-15 15:42:54,936 INFO     [TaskSelector] → do_load (zone A empty)
2026-04-15 15:42:54,939 INFO     [FetchInput] Entering state
2026-04-15 15:42:54,944 INFO     [Service] /compute_grasps → success=False msg='No images received from PnP camera.'
2026-04-15 15:42:54,944 ERROR    [FetchInput] /compute_grasps service failed → exiting: failed
2026-04-15 15:42:54,947 DEBUG    [TaskSelector] Evaluating zone states: {'A': 'EMPTY', 'B': 'EMPTY'}  busy: {'A': False, 'B': False}
2026-04-15 15:42:54,947 INFO     [TaskSelector] → do_load (zone A empty)
2026-04-15 15:42:54,949 INFO     [FetchInput] Entering state
2026-04-15 15:42:54,951 INFO     [Service] /compute_grasps → success=False msg='No images received from PnP camera.'
2026-04-15 15:42:54,952 ERROR    [FetchInput] /compute_grasps service failed → exiting: failed
2026-04-15 15:42:54,952 DEBUG    [TaskSelector] Evaluating zone states: {'A': 'EMPTY', 'B': 'EMPTY'}  busy: {'A': False, 'B': False}
2026-04-15 15:42:54,952 INFO     [TaskSelector] → do_load (zone A empty)
2026-04-15 15:42:54,953 INFO     [FetchInput] Entering state
2026-04-15 15:42:54,955 INFO     [Service] /compute_grasps → success=False msg='No images received from PnP camera.'
2026-04-15 15:42:54,955 ERROR    [FetchInput] /compute_grasps service failed → exiting: failed
2026-04-15 15:42:54,956 DEBUG    [TaskSelector] Evaluating zone states: {'A': 'EMPTY', 'B': 'EMPTY'}  busy: {'A': False, 'B': False}
2026-04-15 15:42:54,956 INFO     [TaskSelector] → do_load (zone A empty)
2026-04-15 15:42:54,956 INFO     [FetchInput] Entering state
2026-04-15 15:42:54,959 INFO     [Service] /compute_grasps → success=False msg='No images received from PnP camera.'
2026-04-15 15:42:54,959 ERROR    [FetchInput] /compute_grasps service failed → exiting: failed
2026-04-15 15:42:54,960 DEBUG    [TaskSelector] Evaluating zone states: {'A': 'EMPTY', 'B': 'EMPTY'}  busy: {'A': False, 'B': False}
2026-04-15 15:42:54,960 INFO     [TaskSelector] → do_load (zone A empty)
2026-04-15 15:42:54,961 INFO     [FetchInput] Entering state
2026-04-15 15:42:54,963 INFO     [Service] /compute_grasps → success=False msg='No images received from PnP camera.'
2026-04-15 15:42:54,963 ERROR    [FetchInput] /compute_grasps service failed → exiting: failed
2026-04-15 15:42:54,964 DEBUG    [TaskSelector] Evaluating zone states: {'A': 'EMPTY', 'B': 'EMPTY'}  busy: {'A': False, 'B': False}
2026-04-15 15:42:54,964 INFO     [TaskSelector] → do_load (zone A empty)
2026-04-15 15:42:54,965 INFO     [FetchInput] Entering state
2026-04-15 15:42:54,967 INFO     [Service] /compute_grasps → success=False msg='No images received from PnP camera.'
2026-04-15 15:42:54,967 ERROR    [FetchInput] /compute_grasps service failed → exiting: failed
2026-04-15 15:42:54,968 DEBUG    [TaskSelector] Evaluating zone states: {'A': 'EMPTY', 'B': 'EMPTY'}  busy: {'A': False, 'B': False}
2026-04-15 15:42:54,968 INFO     [TaskSelector] → do_load (zone A empty)
2026-04-15 15:42:54,969 INFO     [FetchInput] Entering state
2026-04-15 15:42:54,971 INFO     [Service] /compute_grasps → success=False msg='No images received from PnP camera.'
2026-04-15 15:42:54,971 ERROR    [FetchInput] /compute_grasps service failed → exiting: failed
2026-04-15 15:42:54,972 DEBUG    [TaskSelector] Evaluating zone states: {'A': 'EMPTY', 'B': 'EMPTY'}  busy: {'A': False, 'B': False}
2026-04-15 15:42:54,972 INFO     [TaskSelector] → do_load (zone A empty)
2026-04-15 15:42:54,973 INFO     [FetchInput] Entering state
2026-04-15 15:42:54,975 INFO     [Service] /compute_grasps → success=False msg='No images received from PnP camera.'
2026-04-15 15:42:54,976 ERROR    [FetchInput] /compute_grasps service failed → exiting: failed
2026-04-15 15:42:54,977 DEBUG    [TaskSelector] Evaluating zone states: {'A': 'EMPTY', 'B': 'EMPTY'}  busy: {'A': False, 'B': False}
2026-04-15 15:42:54,977 INFO     [TaskSelector] → do_load (zone A empty)
2026-04-15 15:42:54,978 INFO     [FetchInput] Entering state
2026-04-15 15:42:54,980 INFO     [Service] /compute_grasps → success=False msg='No images received from PnP camera.'
2026-04-15 15:42:54,980 ERROR    [FetchInput] /compute_grasps service failed → exiting: failed
2026-04-15 15:42:54,981 DEBUG    [TaskSelector] Evaluating zone states: {'A': 'EMPTY', 'B': 'EMPTY'}  busy: {'A': False, 'B': False}
2026-04-15 15:42:54,981 INFO     [TaskSelector] → do_load (zone A empty)
2026-04-15 15:42:54,982 INFO     [FetchInput] Entering state
2026-04-15 15:42:54,984 INFO     [Service] /compute_grasps → success=False msg='No images received from PnP camera.'
2026-04-15 15:42:54,984 ERROR    [FetchInput] /compute_grasps service failed → exiting: failed
2026-04-15 15:42:54,984 DEBUG    [TaskSelector] Evaluating zone states: {'A': 'EMPTY', 'B': 'EMPTY'}  busy: {'A': False, 'B': False}
2026-04-15 15:42:54,984 INFO     [TaskSelector] → do_load (zone A empty)
2026-04-15 15:42:54,985 INFO     [FetchInput] Entering state
2026-04-15 15:42:54,987 INFO     [Service] /compute_grasps → success=False msg='No images received from PnP camera.'
2026-04-15 15:42:54,987 ERROR    [FetchInput] /compute_grasps service failed → exiting: failed
2026-04-15 15:42:54,988 DEBUG    [TaskSelector] Evaluating zone states: {'A': 'EMPTY', 'B': 'EMPTY'}  busy: {'A': False, 'B': False}
2026-04-15 15:42:54,988 INFO     [TaskSelector] → do_load (zone A empty)
2026-04-15 15:42:54,989 INFO     [FetchInput] Entering state
2026-04-15 15:42:54,992 INFO     [Service] /compute_grasps → success=False msg='No images received from PnP camera.'
2026-04-15 15:42:54,993 ERROR    [FetchInput] /compute_grasps service failed → exiting: failed
2026-04-15 15:42:54,994 DEBUG    [TaskSelector] Evaluating zone states: {'A': 'EMPTY', 'B': 'EMPTY'}  busy: {'A': False, 'B': False}
2026-04-15 15:42:54,994 INFO     [TaskSelector] → do_load (zone A empty)
2026-04-15 15:42:54,995 INFO     [FetchInput] Entering state
2026-04-15 15:42:54,999 INFO     [Service] /compute_grasps → success=False msg='No images received from PnP camera.'
2026-04-15 15:42:55,000 ERROR    [FetchInput] /compute_grasps service failed → exiting: failed
2026-04-15 15:42:55,002 DEBUG    [TaskSelector] Evaluating zone states: {'A': 'EMPTY', 'B': 'EMPTY'}  busy: {'A': False, 'B': False}
2026-04-15 15:42:55,002 INFO     [TaskSelector] → do_load (zone A empty)
2026-04-15 15:42:55,003 INFO     [FetchInput] Entering state
2026-04-15 15:42:55,010 INFO     [Service] /compute_grasps → success=False msg='No images received from PnP camera.'
2026-04-15 15:42:55,011 ERROR    [FetchInput] /compute_grasps service failed → exiting: failed
2026-04-15 15:42:55,013 DEBUG    [TaskSelector] Evaluating zone states: {'A': 'EMPTY', 'B': 'EMPTY'}  busy: {'A': False, 'B': False}
2026-04-15 15:42:55,013 INFO     [TaskSelector] → do_load (zone A empty)
2026-04-15 15:42:55,014 INFO     [FetchInput] Entering state
2026-04-15 15:42:55,016 INFO     [Service] /compute_grasps → success=False msg='No images received from PnP camera.'
2026-04-15 15:42:55,017 ERROR    [FetchInput] /compute_grasps service failed → exiting: failed
2026-04-15 15:42:55,017 DEBUG    [TaskSelector] Evaluating zone states: {'A': 'EMPTY', 'B': 'EMPTY'}  busy: {'A': False, 'B': False}
2026-04-15 15:42:55,017 INFO     [TaskSelector] → do_load (zone A empty)
2026-04-15 15:42:55,018 INFO     [FetchInput] Entering state
2026-04-15 15:42:55,020 INFO     [Service] /compute_grasps → success=False msg='No images received from PnP camera.'
2026-04-15 15:42:55,020 ERROR    [FetchInput] /compute_grasps service failed → exiting: failed
2026-04-15 15:42:55,021 DEBUG    [TaskSelector] Evaluating zone states: {'A': 'EMPTY', 'B': 'EMPTY'}  busy: {'A': False, 'B': False}
2026-04-15 15:42:55,021 INFO     [TaskSelector] → do_load (zone A empty)
2026-04-15 15:42:55,021 INFO     [FetchInput] Entering state
2026-04-15 15:42:55,023 INFO     [Service] /compute_grasps → success=False msg='No images received from PnP camera.'
2026-04-15 15:42:55,023 ERROR    [FetchInput] /compute_grasps service failed → exiting: failed
2026-04-15 15:42:55,024 DEBUG    [TaskSelector] Evaluating zone states: {'A': 'EMPTY', 'B': 'EMPTY'}  busy: {'A': False, 'B': False}
2026-04-15 15:42:55,024 INFO     [TaskSelector] → do_load (zone A empty)
2026-04-15 15:42:55,026 INFO     [FetchInput] Entering state
2026-04-15 15:42:55,028 INFO     [Service] /compute_grasps → success=False msg='No images received from PnP camera.'
2026-04-15 15:42:55,028 ERROR    [FetchInput] /compute_grasps service failed → exiting: failed
2026-04-15 15:42:55,029 DEBUG    [TaskSelector] Evaluating zone states: {'A': 'EMPTY', 'B': 'EMPTY'}  busy: {'A': False, 'B': False}
2026-04-15 15:42:55,029 INFO     [TaskSelector] → do_load (zone A empty)
2026-04-15 15:42:55,030 INFO     [FetchInput] Entering state
2026-04-15 15:42:55,032 INFO     [Service] /compute_grasps → success=False msg='No images received from PnP camera.'
2026-04-15 15:42:55,032 ERROR    [FetchInput] /compute_grasps service failed → exiting: failed
2026-04-15 15:42:55,033 DEBUG    [TaskSelector] Evaluating zone states: {'A': 'EMPTY', 'B': 'EMPTY'}  busy: {'A': False, 'B': False}
2026-04-15 15:42:55,033 INFO     [TaskSelector] → do_load (zone A empty)
2026-04-15 15:42:55,033 INFO     [FetchInput] Entering state
2026-04-15 15:42:55,036 INFO     [Service] /compute_grasps → success=False msg='No images received from PnP camera.'
2026-04-15 15:42:55,036 ERROR    [FetchInput] /compute_grasps service failed → exiting: failed
2026-04-15 15:42:55,037 DEBUG    [TaskSelector] Evaluating zone states: {'A': 'EMPTY', 'B': 'EMPTY'}  busy: {'A': False, 'B': False}
2026-04-15 15:42:55,037 INFO     [TaskSelector] → do_load (zone A empty)
2026-04-15 15:42:55,037 INFO     [FetchInput] Entering state
2026-04-15 15:42:55,039 INFO     [Service] /compute_grasps → success=False msg='No images received from PnP camera.'
2026-04-15 15:42:55,039 ERROR    [FetchInput] /compute_grasps service failed → exiting: failed
2026-04-15 15:42:55,040 DEBUG    [TaskSelector] Evaluating zone states: {'A': 'EMPTY', 'B': 'EMPTY'}  busy: {'A': False, 'B': False}
2026-04-15 15:42:55,040 INFO     [TaskSelector] → do_load (zone A empty)
2026-04-15 15:42:55,041 INFO     [FetchInput] Entering state
2026-04-15 15:42:55,043 INFO     [Service] /compute_grasps → success=False msg='No images received from PnP camera.'
2026-04-15 15:42:55,043 ERROR    [FetchInput] /compute_grasps service failed → exiting: failed
2026-04-15 15:42:55,044 DEBUG    [TaskSelector] Evaluating zone states: {'A': 'EMPTY', 'B': 'EMPTY'}  busy: {'A': False, 'B': False}
2026-04-15 15:42:55,044 INFO     [TaskSelector] → do_load (zone A empty)
2026-04-15 15:42:55,044 INFO     [FetchInput] Entering state
2026-04-15 15:42:55,046 INFO     [Service] /compute_grasps → success=False msg='No images received from PnP camera.'
2026-04-15 15:42:55,046 ERROR    [FetchInput] /compute_grasps service failed → exiting: failed
2026-04-15 15:42:55,047 DEBUG    [TaskSelector] Evaluating zone states: {'A': 'EMPTY', 'B': 'EMPTY'}  busy: {'A': False, 'B': False}
2026-04-15 15:42:55,047 INFO     [TaskSelector] → do_load (zone A empty)
2026-04-15 15:42:55,048 INFO     [FetchInput] Entering state
2026-04-15 15:42:55,050 INFO     [Service] /compute_grasps → success=False msg='No images received from PnP camera.'
2026-04-15 15:42:55,050 ERROR    [FetchInput] /compute_grasps service failed → exiting: failed
2026-04-15 15:42:55,051 DEBUG    [TaskSelector] Evaluating zone states: {'A': 'EMPTY', 'B': 'EMPTY'}  busy: {'A': False, 'B': False}
2026-04-15 15:42:55,051 INFO     [TaskSelector] → do_load (zone A empty)
2026-04-15 15:42:55,051 INFO     [FetchInput] Entering state
2026-04-15 15:42:55,053 INFO     [Service] /compute_grasps → success=False msg='No images received from PnP camera.'
2026-04-15 15:42:55,053 ERROR    [FetchInput] /compute_grasps service failed → exiting: failed
2026-04-15 15:42:55,054 DEBUG    [TaskSelector] Evaluating zone states: {'A': 'EMPTY', 'B': 'EMPTY'}  busy: {'A': False, 'B': False}
2026-04-15 15:42:55,054 INFO     [TaskSelector] → do_load (zone A empty)
2026-04-15 15:42:55,055 INFO     [FetchInput] Entering state
2026-04-15 15:42:55,060 INFO     [Service] /compute_grasps → success=False msg='No images received from PnP camera.'
2026-04-15 15:42:55,060 ERROR    [FetchInput] /compute_grasps service failed → exiting: failed
2026-04-15 15:42:55,062 DEBUG    [TaskSelector] Evaluating zone states: {'A': 'EMPTY', 'B': 'EMPTY'}  busy: {'A': False, 'B': False}
2026-04-15 15:42:55,062 INFO     [TaskSelector] → do_load (zone A empty)
2026-04-15 15:42:55,063 INFO     [FetchInput] Entering state
2026-04-15 15:42:55,066 INFO     [Service] /compute_grasps → success=False msg='No images received from PnP camera.'
2026-04-15 15:42:55,066 ERROR    [FetchInput] /compute_grasps service failed → exiting: failed
2026-04-15 15:42:55,067 DEBUG    [TaskSelector] Evaluating zone states: {'A': 'EMPTY', 'B': 'EMPTY'}  busy: {'A': False, 'B': False}
2026-04-15 15:42:55,068 INFO     [TaskSelector] → do_load (zone A empty)
2026-04-15 15:42:55,069 INFO     [FetchInput] Entering state
2026-04-15 15:42:55,079 INFO     [Service] /compute_grasps → success=False msg='No images received from PnP camera.'
2026-04-15 15:42:55,079 ERROR    [FetchInput] /compute_grasps service failed → exiting: failed
2026-04-15 15:42:55,083 DEBUG    [TaskSelector] Evaluating zone states: {'A': 'EMPTY', 'B': 'EMPTY'}  busy: {'A': False, 'B': False}
2026-04-15 15:42:55,083 INFO     [TaskSelector] → do_load (zone A empty)
2026-04-15 15:42:55,085 INFO     [FetchInput] Entering state
2026-04-15 15:42:55,089 INFO     [Service] /compute_grasps → success=False msg='No images received from PnP camera.'
2026-04-15 15:42:55,089 ERROR    [FetchInput] /compute_grasps service failed → exiting: failed
2026-04-15 15:42:55,089 DEBUG    [TaskSelector] Evaluating zone states: {'A': 'EMPTY', 'B': 'EMPTY'}  busy: {'A': False, 'B': False}
2026-04-15 15:42:55,090 INFO     [TaskSelector] → do_load (zone A empty)
2026-04-15 15:42:55,090 INFO     [FetchInput] Entering state
2026-04-15 15:42:55,092 INFO     [Service] /compute_grasps → success=False msg='No images received from PnP camera.'
2026-04-15 15:42:55,092 ERROR    [FetchInput] /compute_grasps service failed → exiting: failed
2026-04-15 15:42:55,094 DEBUG    [TaskSelector] Evaluating zone states: {'A': 'EMPTY', 'B': 'EMPTY'}  busy: {'A': False, 'B': False}
2026-04-15 15:42:55,094 INFO     [TaskSelector] → do_load (zone A empty)
2026-04-15 15:42:55,095 INFO     [FetchInput] Entering state
2026-04-15 15:42:55,097 INFO     [Service] /compute_grasps → success=False msg='No images received from PnP camera.'
2026-04-15 15:42:55,097 ERROR    [FetchInput] /compute_grasps service failed → exiting: failed
2026-04-15 15:42:55,098 DEBUG    [TaskSelector] Evaluating zone states: {'A': 'EMPTY', 'B': 'EMPTY'}  busy: {'A': False, 'B': False}
2026-04-15 15:42:55,098 INFO     [TaskSelector] → do_load (zone A empty)
2026-04-15 15:42:55,099 INFO     [FetchInput] Entering state
2026-04-15 15:42:55,101 INFO     [Service] /compute_grasps → success=False msg='No images received from PnP camera.'
2026-04-15 15:42:55,101 ERROR    [FetchInput] /compute_grasps service failed → exiting: failed
2026-04-15 15:42:55,102 DEBUG    [TaskSelector] Evaluating zone states: {'A': 'EMPTY', 'B': 'EMPTY'}  busy: {'A': False, 'B': False}
2026-04-15 15:42:55,102 INFO     [TaskSelector] → do_load (zone A empty)
2026-04-15 15:42:55,102 INFO     [FetchInput] Entering state
2026-04-15 15:42:55,105 INFO     [Service] /compute_grasps → success=False msg='No images received from PnP camera.'
2026-04-15 15:42:55,105 ERROR    [FetchInput] /compute_grasps service failed → exiting: failed
2026-04-15 15:42:55,106 DEBUG    [TaskSelector] Evaluating zone states: {'A': 'EMPTY', 'B': 'EMPTY'}  busy: {'A': False, 'B': False}
2026-04-15 15:42:55,106 INFO     [TaskSelector] → do_load (zone A empty)
2026-04-15 15:42:55,106 INFO     [FetchInput] Entering state
2026-04-15 15:42:55,109 INFO     [Service] /compute_grasps → success=False msg='No images received from PnP camera.'
2026-04-15 15:42:55,109 ERROR    [FetchInput] /compute_grasps service failed → exiting: failed
2026-04-15 15:42:55,110 DEBUG    [TaskSelector] Evaluating zone states: {'A': 'EMPTY', 'B': 'EMPTY'}  busy: {'A': False, 'B': False}
2026-04-15 15:42:55,110 INFO     [TaskSelector] → do_load (zone A empty)
2026-04-15 15:42:55,111 INFO     [FetchInput] Entering state
2026-04-15 15:42:55,114 INFO     [Service] /compute_grasps → success=False msg='No images received from PnP camera.'
2026-04-15 15:42:55,114 ERROR    [FetchInput] /compute_grasps service failed → exiting: failed
2026-04-15 15:42:55,114 DEBUG    [TaskSelector] Evaluating zone states: {'A': 'EMPTY', 'B': 'EMPTY'}  busy: {'A': False, 'B': False}
2026-04-15 15:42:55,114 INFO     [TaskSelector] → do_load (zone A empty)
2026-04-15 15:42:55,115 INFO     [FetchInput] Entering state
2026-04-15 15:42:55,118 INFO     [Service] /compute_grasps → success=False msg='No images received from PnP camera.'
2026-04-15 15:42:55,118 ERROR    [FetchInput] /compute_grasps service failed → exiting: failed
2026-04-15 15:42:55,119 DEBUG    [TaskSelector] Evaluating zone states: {'A': 'EMPTY', 'B': 'EMPTY'}  busy: {'A': False, 'B': False}
2026-04-15 15:42:55,119 INFO     [TaskSelector] → do_load (zone A empty)
2026-04-15 15:42:55,119 INFO     [FetchInput] Entering state
2026-04-15 15:42:55,122 INFO     [Service] /compute_grasps → success=False msg='No images received from PnP camera.'
2026-04-15 15:42:55,122 ERROR    [FetchInput] /compute_grasps service failed → exiting: failed
2026-04-15 15:42:55,124 DEBUG    [TaskSelector] Evaluating zone states: {'A': 'EMPTY', 'B': 'EMPTY'}  busy: {'A': False, 'B': False}
2026-04-15 15:42:55,124 INFO     [TaskSelector] → do_load (zone A empty)
2026-04-15 15:42:55,125 INFO     [FetchInput] Entering state
2026-04-15 15:42:55,132 INFO     [Service] /compute_grasps → success=False msg='No images received from PnP camera.'
2026-04-15 15:42:55,132 ERROR    [FetchInput] /compute_grasps service failed → exiting: failed
2026-04-15 15:42:55,134 DEBUG    [TaskSelector] Evaluating zone states: {'A': 'EMPTY', 'B': 'EMPTY'}  busy: {'A': False, 'B': False}
2026-04-15 15:42:55,134 INFO     [TaskSelector] → do_load (zone A empty)
2026-04-15 15:42:55,135 INFO     [FetchInput] Entering state
2026-04-15 15:42:55,149 INFO     [Service] /compute_grasps → success=False msg='No images received from PnP camera.'
2026-04-15 15:42:55,149 ERROR    [FetchInput] /compute_grasps service failed → exiting: failed
2026-04-15 15:42:55,152 DEBUG    [TaskSelector] Evaluating zone states: {'A': 'EMPTY', 'B': 'EMPTY'}  busy: {'A': False, 'B': False}
2026-04-15 15:42:55,152 INFO     [TaskSelector] → do_load (zone A empty)
2026-04-15 15:42:55,154 INFO     [FetchInput] Entering state
2026-04-15 15:42:55,159 INFO     [Service] /compute_grasps → success=False msg='No images received from PnP camera.'
2026-04-15 15:42:55,159 ERROR    [FetchInput] /compute_grasps service failed → exiting: failed
2026-04-15 15:42:55,161 DEBUG    [TaskSelector] Evaluating zone states: {'A': 'EMPTY', 'B': 'EMPTY'}  busy: {'A': False, 'B': False}
2026-04-15 15:42:55,161 INFO     [TaskSelector] → do_load (zone A empty)
2026-04-15 15:42:55,162 INFO     [FetchInput] Entering state
2026-04-15 15:42:55,166 INFO     [Service] /compute_grasps → success=False msg='No images received from PnP camera.'
2026-04-15 15:42:55,166 ERROR    [FetchInput] /compute_grasps service failed → exiting: failed
2026-04-15 15:42:55,168 DEBUG    [TaskSelector] Evaluating zone states: {'A': 'EMPTY', 'B': 'EMPTY'}  busy: {'A': False, 'B': False}
2026-04-15 15:42:55,168 INFO     [TaskSelector] → do_load (zone A empty)
2026-04-15 15:42:55,169 INFO     [FetchInput] Entering state
2026-04-15 15:42:55,174 INFO     [Service] /compute_grasps → success=False msg='No images received from PnP camera.'
2026-04-15 15:42:55,174 ERROR    [FetchInput] /compute_grasps service failed → exiting: failed
2026-04-15 15:42:55,175 DEBUG    [TaskSelector] Evaluating zone states: {'A': 'EMPTY', 'B': 'EMPTY'}  busy: {'A': False, 'B': False}
2026-04-15 15:42:55,175 INFO     [TaskSelector] → do_load (zone A empty)
2026-04-15 15:42:55,176 INFO     [FetchInput] Entering state
2026-04-15 15:42:55,180 INFO     [Service] /compute_grasps → success=False msg='No images received from PnP camera.'
2026-04-15 15:42:55,180 ERROR    [FetchInput] /compute_grasps service failed → exiting: failed
2026-04-15 15:42:55,181 DEBUG    [TaskSelector] Evaluating zone states: {'A': 'EMPTY', 'B': 'EMPTY'}  busy: {'A': False, 'B': False}
2026-04-15 15:42:55,181 INFO     [TaskSelector] → do_load (zone A empty)
2026-04-15 15:42:55,182 INFO     [FetchInput] Entering state
2026-04-15 15:42:55,187 INFO     [Service] /compute_grasps → success=False msg='No images received from PnP camera.'
2026-04-15 15:42:55,187 ERROR    [FetchInput] /compute_grasps service failed → exiting: failed
2026-04-15 15:42:55,188 DEBUG    [TaskSelector] Evaluating zone states: {'A': 'EMPTY', 'B': 'EMPTY'}  busy: {'A': False, 'B': False}
2026-04-15 15:42:55,188 INFO     [TaskSelector] → do_load (zone A empty)
2026-04-15 15:42:55,189 INFO     [FetchInput] Entering state
2026-04-15 15:42:55,192 INFO     [Service] /compute_grasps → success=False msg='No images received from PnP camera.'
2026-04-15 15:42:55,192 ERROR    [FetchInput] /compute_grasps service failed → exiting: failed
2026-04-15 15:42:55,194 DEBUG    [TaskSelector] Evaluating zone states: {'A': 'EMPTY', 'B': 'EMPTY'}  busy: {'A': False, 'B': False}
2026-04-15 15:42:55,194 INFO     [TaskSelector] → do_load (zone A empty)
2026-04-15 15:42:55,195 INFO     [FetchInput] Entering state
2026-04-15 15:42:55,199 INFO     [Service] /compute_grasps → success=False msg='No images received from PnP camera.'
2026-04-15 15:42:55,199 ERROR    [FetchInput] /compute_grasps service failed → exiting: failed
2026-04-15 15:42:55,201 DEBUG    [TaskSelector] Evaluating zone states: {'A': 'EMPTY', 'B': 'EMPTY'}  busy: {'A': False, 'B': False}
2026-04-15 15:42:55,201 INFO     [TaskSelector] → do_load (zone A empty)
2026-04-15 15:42:55,204 INFO     [FetchInput] Entering state
2026-04-15 15:42:55,210 INFO     [Service] /compute_grasps → success=False msg='No images received from PnP camera.'
2026-04-15 15:42:55,210 ERROR    [FetchInput] /compute_grasps service failed → exiting: failed
2026-04-15 15:42:55,212 DEBUG    [TaskSelector] Evaluating zone states: {'A': 'EMPTY', 'B': 'EMPTY'}  busy: {'A': False, 'B': False}
2026-04-15 15:42:55,212 INFO     [TaskSelector] → do_load (zone A empty)
2026-04-15 15:42:55,213 INFO     [FetchInput] Entering state
2026-04-15 15:42:55,220 INFO     [Service] /compute_grasps → success=False msg='No images received from PnP camera.'
2026-04-15 15:42:55,220 ERROR    [FetchInput] /compute_grasps service failed → exiting: failed
2026-04-15 15:42:55,221 DEBUG    [TaskSelector] Evaluating zone states: {'A': 'EMPTY', 'B': 'EMPTY'}  busy: {'A': False, 'B': False}
2026-04-15 15:42:55,221 INFO     [TaskSelector] → do_load (zone A empty)
2026-04-15 15:42:55,222 INFO     [FetchInput] Entering state
2026-04-15 15:42:55,225 INFO     [Service] /compute_grasps → success=False msg='No images received from PnP camera.'
2026-04-15 15:42:55,225 ERROR    [FetchInput] /compute_grasps service failed → exiting: failed
2026-04-15 15:42:55,225 DEBUG    [TaskSelector] Evaluating zone states: {'A': 'EMPTY', 'B': 'EMPTY'}  busy: {'A': False, 'B': False}
2026-04-15 15:42:55,226 INFO     [TaskSelector] → do_load (zone A empty)
2026-04-15 15:42:55,226 INFO     [FetchInput] Entering state
2026-04-15 15:42:55,230 INFO     [Service] /compute_grasps → success=False msg='No images received from PnP camera.'
2026-04-15 15:42:55,230 ERROR    [FetchInput] /compute_grasps service failed → exiting: failed
2026-04-15 15:42:55,231 DEBUG    [TaskSelector] Evaluating zone states: {'A': 'EMPTY', 'B': 'EMPTY'}  busy: {'A': False, 'B': False}
2026-04-15 15:42:55,231 INFO     [TaskSelector] → do_load (zone A empty)
2026-04-15 15:42:55,232 INFO     [FetchInput] Entering state
2026-04-15 15:42:55,235 INFO     [Service] /compute_grasps → success=False msg='No images received from PnP camera.'
2026-04-15 15:42:55,235 ERROR    [FetchInput] /compute_grasps service failed → exiting: failed
2026-04-15 15:42:55,236 DEBUG    [TaskSelector] Evaluating zone states: {'A': 'EMPTY', 'B': 'EMPTY'}  busy: {'A': False, 'B': False}
2026-04-15 15:42:55,236 INFO     [TaskSelector] → do_load (zone A empty)
2026-04-15 15:42:55,237 INFO     [FetchInput] Entering state
2026-04-15 15:42:55,239 INFO     [Service] /compute_grasps → success=False msg='No images received from PnP camera.'
2026-04-15 15:42:55,239 ERROR    [FetchInput] /compute_grasps service failed → exiting: failed
2026-04-15 15:42:55,240 DEBUG    [TaskSelector] Evaluating zone states: {'A': 'EMPTY', 'B': 'EMPTY'}  busy: {'A': False, 'B': False}
2026-04-15 15:42:55,240 INFO     [TaskSelector] → do_load (zone A empty)
2026-04-15 15:42:55,241 INFO     [FetchInput] Entering state
2026-04-15 15:42:55,243 INFO     [Service] /compute_grasps → success=False msg='No images received from PnP camera.'
2026-04-15 15:42:55,243 ERROR    [FetchInput] /compute_grasps service failed → exiting: failed
2026-04-15 15:42:55,244 DEBUG    [TaskSelector] Evaluating zone states: {'A': 'EMPTY', 'B': 'EMPTY'}  busy: {'A': False, 'B': False}
2026-04-15 15:42:55,244 INFO     [TaskSelector] → do_load (zone A empty)
2026-04-15 15:42:55,245 INFO     [FetchInput] Entering state
2026-04-15 15:42:55,248 INFO     [Service] /compute_grasps → success=False msg='No images received from PnP camera.'
2026-04-15 15:42:55,249 ERROR    [FetchInput] /compute_grasps service failed → exiting: failed
2026-04-15 15:42:55,249 DEBUG    [TaskSelector] Evaluating zone states: {'A': 'EMPTY', 'B': 'EMPTY'}  busy: {'A': False, 'B': False}
2026-04-15 15:42:55,249 INFO     [TaskSelector] → do_load (zone A empty)
2026-04-15 15:42:55,250 INFO     [FetchInput] Entering state
2026-04-15 15:42:55,253 INFO     [Service] /compute_grasps → success=False msg='No images received from PnP camera.'
2026-04-15 15:42:55,253 ERROR    [FetchInput] /compute_grasps service failed → exiting: failed
2026-04-15 15:42:55,254 DEBUG    [TaskSelector] Evaluating zone states: {'A': 'EMPTY', 'B': 'EMPTY'}  busy: {'A': False, 'B': False}
2026-04-15 15:42:55,254 INFO     [TaskSelector] → do_load (zone A empty)
2026-04-15 15:42:55,255 INFO     [FetchInput] Entering state
2026-04-15 15:42:55,259 INFO     [Service] /compute_grasps → success=False msg='No images received from PnP camera.'
2026-04-15 15:42:55,259 ERROR    [FetchInput] /compute_grasps service failed → exiting: failed
2026-04-15 15:42:55,261 DEBUG    [TaskSelector] Evaluating zone states: {'A': 'EMPTY', 'B': 'EMPTY'}  busy: {'A': False, 'B': False}
2026-04-15 15:42:55,261 INFO     [TaskSelector] → do_load (zone A empty)
2026-04-15 15:42:55,262 INFO     [FetchInput] Entering state
2026-04-15 15:42:55,267 INFO     [Service] /compute_grasps → success=False msg='No images received from PnP camera.'
2026-04-15 15:42:55,267 ERROR    [FetchInput] /compute_grasps service failed → exiting: failed
2026-04-15 15:42:55,268 DEBUG    [TaskSelector] Evaluating zone states: {'A': 'EMPTY', 'B': 'EMPTY'}  busy: {'A': False, 'B': False}
2026-04-15 15:42:55,268 INFO     [TaskSelector] → do_load (zone A empty)
2026-04-15 15:42:55,269 INFO     [FetchInput] Entering state
2026-04-15 15:42:55,279 INFO     [Service] /compute_grasps → success=False msg='No images received from PnP camera.'
2026-04-15 15:42:55,280 ERROR    [FetchInput] /compute_grasps service failed → exiting: failed
2026-04-15 15:42:55,284 DEBUG    [TaskSelector] Evaluating zone states: {'A': 'EMPTY', 'B': 'EMPTY'}  busy: {'A': False, 'B': False}
2026-04-15 15:42:55,285 INFO     [TaskSelector] → do_load (zone A empty)
2026-04-15 15:42:55,286 INFO     [FetchInput] Entering state
2026-04-15 15:42:55,289 INFO     [Service] /compute_grasps → success=False msg='No images received from PnP camera.'
2026-04-15 15:42:55,289 ERROR    [FetchInput] /compute_grasps service failed → exiting: failed
2026-04-15 15:42:55,290 DEBUG    [TaskSelector] Evaluating zone states: {'A': 'EMPTY', 'B': 'EMPTY'}  busy: {'A': False, 'B': False}
2026-04-15 15:42:55,291 INFO     [TaskSelector] → do_load (zone A empty)
2026-04-15 15:42:55,291 INFO     [FetchInput] Entering state
2026-04-15 15:42:55,294 INFO     [Service] /compute_grasps → success=False msg='No images received from PnP camera.'
2026-04-15 15:42:55,294 ERROR    [FetchInput] /compute_grasps service failed → exiting: failed
2026-04-15 15:42:55,294 DEBUG    [TaskSelector] Evaluating zone states: {'A': 'EMPTY', 'B': 'EMPTY'}  busy: {'A': False, 'B': False}
2026-04-15 15:42:55,294 INFO     [TaskSelector] → do_load (zone A empty)
2026-04-15 15:42:55,295 INFO     [FetchInput] Entering state
2026-04-15 15:42:55,298 INFO     [Service] /compute_grasps → success=False msg='No images received from PnP camera.'
2026-04-15 15:42:55,299 ERROR    [FetchInput] /compute_grasps service failed → exiting: failed
2026-04-15 15:42:55,300 DEBUG    [TaskSelector] Evaluating zone states: {'A': 'EMPTY', 'B': 'EMPTY'}  busy: {'A': False, 'B': False}
2026-04-15 15:42:55,300 INFO     [TaskSelector] → do_load (zone A empty)
2026-04-15 15:42:55,300 INFO     [FetchInput] Entering state
2026-04-15 15:42:55,302 INFO     [Service] /compute_grasps → success=False msg='No images received from PnP camera.'
2026-04-15 15:42:55,303 ERROR    [FetchInput] /compute_grasps service failed → exiting: failed
2026-04-15 15:42:55,303 DEBUG    [TaskSelector] Evaluating zone states: {'A': 'EMPTY', 'B': 'EMPTY'}  busy: {'A': False, 'B': False}
2026-04-15 15:42:55,303 INFO     [TaskSelector] → do_load (zone A empty)
2026-04-15 15:42:55,304 INFO     [FetchInput] Entering state
2026-04-15 15:42:55,308 INFO     [Service] /compute_grasps → success=False msg='No images received from PnP camera.'
2026-04-15 15:42:55,308 ERROR    [FetchInput] /compute_grasps service failed → exiting: failed
2026-04-15 15:42:55,309 DEBUG    [TaskSelector] Evaluating zone states: {'A': 'EMPTY', 'B': 'EMPTY'}  busy: {'A': False, 'B': False}
2026-04-15 15:42:55,309 INFO     [TaskSelector] → do_load (zone A empty)
2026-04-15 15:42:55,310 INFO     [FetchInput] Entering state
2026-04-15 15:42:55,313 INFO     [Service] /compute_grasps → success=False msg='No images received from PnP camera.'
2026-04-15 15:42:55,313 ERROR    [FetchInput] /compute_grasps service failed → exiting: failed
2026-04-15 15:42:55,314 DEBUG    [TaskSelector] Evaluating zone states: {'A': 'EMPTY', 'B': 'EMPTY'}  busy: {'A': False, 'B': False}
2026-04-15 15:42:55,314 INFO     [TaskSelector] → do_load (zone A empty)
2026-04-15 15:42:55,315 INFO     [FetchInput] Entering state
2026-04-15 15:42:55,318 INFO     [Service] /compute_grasps → success=False msg='No images received from PnP camera.'
2026-04-15 15:42:55,318 ERROR    [FetchInput] /compute_grasps service failed → exiting: failed
2026-04-15 15:42:55,318 DEBUG    [TaskSelector] Evaluating zone states: {'A': 'EMPTY', 'B': 'EMPTY'}  busy: {'A': False, 'B': False}
2026-04-15 15:42:55,318 INFO     [TaskSelector] → do_load (zone A empty)
2026-04-15 15:42:55,319 INFO     [FetchInput] Entering state
2026-04-15 15:42:55,322 INFO     [Service] /compute_grasps → success=False msg='No images received from PnP camera.'
2026-04-15 15:42:55,322 ERROR    [FetchInput] /compute_grasps service failed → exiting: failed
2026-04-15 15:42:55,323 DEBUG    [TaskSelector] Evaluating zone states: {'A': 'EMPTY', 'B': 'EMPTY'}  busy: {'A': False, 'B': False}
2026-04-15 15:42:55,323 INFO     [TaskSelector] → do_load (zone A empty)
2026-04-15 15:42:55,323 INFO     [FetchInput] Entering state
2026-04-15 15:42:55,328 INFO     [Service] /compute_grasps → success=False msg='No images received from PnP camera.'
2026-04-15 15:42:55,329 ERROR    [FetchInput] /compute_grasps service failed → exiting: failed
2026-04-15 15:42:55,331 DEBUG    [TaskSelector] Evaluating zone states: {'A': 'EMPTY', 'B': 'EMPTY'}  busy: {'A': False, 'B': False}
2026-04-15 15:42:55,331 INFO     [TaskSelector] → do_load (zone A empty)
2026-04-15 15:42:55,333 INFO     [FetchInput] Entering state
2026-04-15 15:42:55,336 INFO     [Service] /compute_grasps → success=False msg='No images received from PnP camera.'
2026-04-15 15:42:55,337 ERROR    [FetchInput] /compute_grasps service failed → exiting: failed
2026-04-15 15:42:55,339 DEBUG    [TaskSelector] Evaluating zone states: {'A': 'EMPTY', 'B': 'EMPTY'}  busy: {'A': False, 'B': False}
2026-04-15 15:42:55,340 INFO     [TaskSelector] → do_load (zone A empty)
2026-04-15 15:42:55,342 INFO     [FetchInput] Entering state
2026-04-15 15:42:55,349 INFO     [Service] /compute_grasps → success=False msg='No images received from PnP camera.'
2026-04-15 15:42:55,349 ERROR    [FetchInput] /compute_grasps service failed → exiting: failed
2026-04-15 15:42:55,352 DEBUG    [TaskSelector] Evaluating zone states: {'A': 'EMPTY', 'B': 'EMPTY'}  busy: {'A': False, 'B': False}
2026-04-15 15:42:55,352 INFO     [TaskSelector] → do_load (zone A empty)
2026-04-15 15:42:55,354 INFO     [FetchInput] Entering state
2026-04-15 15:42:55,358 INFO     [Service] /compute_grasps → success=False msg='No images received from PnP camera.'
2026-04-15 15:42:55,358 ERROR    [FetchInput] /compute_grasps service failed → exiting: failed
2026-04-15 15:42:55,359 DEBUG    [TaskSelector] Evaluating zone states: {'A': 'EMPTY', 'B': 'EMPTY'}  busy: {'A': False, 'B': False}
2026-04-15 15:42:55,359 INFO     [TaskSelector] → do_load (zone A empty)
2026-04-15 15:42:55,360 INFO     [FetchInput] Entering state
2026-04-15 15:42:55,362 INFO     [Service] /compute_grasps → success=False msg='No images received from PnP camera.'
2026-04-15 15:42:55,362 ERROR    [FetchInput] /compute_grasps service failed → exiting: failed
2026-04-15 15:42:55,363 DEBUG    [TaskSelector] Evaluating zone states: {'A': 'EMPTY', 'B': 'EMPTY'}  busy: {'A': False, 'B': False}
2026-04-15 15:42:55,363 INFO     [TaskSelector] → do_load (zone A empty)
2026-04-15 15:42:55,364 INFO     [FetchInput] Entering state
2026-04-15 15:42:55,366 INFO     [Service] /compute_grasps → success=False msg='No images received from PnP camera.'
2026-04-15 15:42:55,366 ERROR    [FetchInput] /compute_grasps service failed → exiting: failed
2026-04-15 15:42:55,367 DEBUG    [TaskSelector] Evaluating zone states: {'A': 'EMPTY', 'B': 'EMPTY'}  busy: {'A': False, 'B': False}
2026-04-15 15:42:55,367 INFO     [TaskSelector] → do_load (zone A empty)
2026-04-15 15:42:55,367 INFO     [FetchInput] Entering state
2026-04-15 15:42:55,370 INFO     [Service] /compute_grasps → success=False msg='No images received from PnP camera.'
2026-04-15 15:42:55,370 ERROR    [FetchInput] /compute_grasps service failed → exiting: failed
2026-04-15 15:42:55,370 DEBUG    [TaskSelector] Evaluating zone states: {'A': 'EMPTY', 'B': 'EMPTY'}  busy: {'A': False, 'B': False}
2026-04-15 15:42:55,370 INFO     [TaskSelector] → do_load (zone A empty)
2026-04-15 15:42:55,371 INFO     [FetchInput] Entering state
2026-04-15 15:42:55,374 INFO     [Service] /compute_grasps → success=False msg='No images received from PnP camera.'
2026-04-15 15:42:55,375 ERROR    [FetchInput] /compute_grasps service failed → exiting: failed
2026-04-15 15:42:55,376 DEBUG    [TaskSelector] Evaluating zone states: {'A': 'EMPTY', 'B': 'EMPTY'}  busy: {'A': False, 'B': False}
2026-04-15 15:42:55,376 INFO     [TaskSelector] → do_load (zone A empty)
2026-04-15 15:42:55,377 INFO     [FetchInput] Entering state
2026-04-15 15:42:55,380 INFO     [Service] /compute_grasps → success=False msg='No images received from PnP camera.'
2026-04-15 15:42:55,380 ERROR    [FetchInput] /compute_grasps service failed → exiting: failed
2026-04-15 15:42:55,381 DEBUG    [TaskSelector] Evaluating zone states: {'A': 'EMPTY', 'B': 'EMPTY'}  busy: {'A': False, 'B': False}
2026-04-15 15:42:55,381 INFO     [TaskSelector] → do_load (zone A empty)
2026-04-15 15:42:55,382 INFO     [FetchInput] Entering state
2026-04-15 15:42:55,384 INFO     [Service] /compute_grasps → success=False msg='No images received from PnP camera.'
2026-04-15 15:42:55,384 ERROR    [FetchInput] /compute_grasps service failed → exiting: failed
2026-04-15 15:42:55,385 DEBUG    [TaskSelector] Evaluating zone states: {'A': 'EMPTY', 'B': 'EMPTY'}  busy: {'A': False, 'B': False}
2026-04-15 15:42:55,385 INFO     [TaskSelector] → do_load (zone A empty)
2026-04-15 15:42:55,386 INFO     [FetchInput] Entering state
2026-04-15 15:42:55,388 INFO     [Service] /compute_grasps → success=False msg='No images received from PnP camera.'
2026-04-15 15:42:55,389 ERROR    [FetchInput] /compute_grasps service failed → exiting: failed
2026-04-15 15:42:55,389 DEBUG    [TaskSelector] Evaluating zone states: {'A': 'EMPTY', 'B': 'EMPTY'}  busy: {'A': False, 'B': False}
2026-04-15 15:42:55,389 INFO     [TaskSelector] → do_load (zone A empty)
2026-04-15 15:42:55,390 INFO     [FetchInput] Entering state
2026-04-15 15:42:55,393 INFO     [Service] /compute_grasps → success=False msg='No images received from PnP camera.'
2026-04-15 15:42:55,394 ERROR    [FetchInput] /compute_grasps service failed → exiting: failed
2026-04-15 15:42:55,397 DEBUG    [TaskSelector] Evaluating zone states: {'A': 'EMPTY', 'B': 'EMPTY'}  busy: {'A': False, 'B': False}
2026-04-15 15:42:55,397 INFO     [TaskSelector] → do_load (zone A empty)
2026-04-15 15:42:55,398 INFO     [FetchInput] Entering state
2026-04-15 15:42:55,401 INFO     [Service] /compute_grasps → success=False msg='No images received from PnP camera.'
2026-04-15 15:42:55,401 ERROR    [FetchInput] /compute_grasps service failed → exiting: failed
2026-04-15 15:42:55,402 DEBUG    [TaskSelector] Evaluating zone states: {'A': 'EMPTY', 'B': 'EMPTY'}  busy: {'A': False, 'B': False}
2026-04-15 15:42:55,402 INFO     [TaskSelector] → do_load (zone A empty)
2026-04-15 15:42:55,404 INFO     [FetchInput] Entering state
2026-04-15 15:42:55,415 INFO     [Service] /compute_grasps → success=False msg='No images received from PnP camera.'
2026-04-15 15:42:55,415 ERROR    [FetchInput] /compute_grasps service failed → exiting: failed
2026-04-15 15:42:55,418 DEBUG    [TaskSelector] Evaluating zone states: {'A': 'EMPTY', 'B': 'EMPTY'}  busy: {'A': False, 'B': False}
2026-04-15 15:42:55,418 INFO     [TaskSelector] → do_load (zone A empty)
2026-04-15 15:42:55,419 INFO     [FetchInput] Entering state
2026-04-15 15:42:55,423 INFO     [Service] /compute_grasps → success=False msg='No images received from PnP camera.'
2026-04-15 15:42:55,423 ERROR    [FetchInput] /compute_grasps service failed → exiting: failed
2026-04-15 15:42:55,423 DEBUG    [TaskSelector] Evaluating zone states: {'A': 'EMPTY', 'B': 'EMPTY'}  busy: {'A': False, 'B': False}
2026-04-15 15:42:55,423 INFO     [TaskSelector] → do_load (zone A empty)
2026-04-15 15:42:55,424 INFO     [FetchInput] Entering state
2026-04-15 15:42:55,426 INFO     [Service] /compute_grasps → success=False msg='No images received from PnP camera.'
2026-04-15 15:42:55,426 ERROR    [FetchInput] /compute_grasps service failed → exiting: failed
2026-04-15 15:42:55,427 DEBUG    [TaskSelector] Evaluating zone states: {'A': 'EMPTY', 'B': 'EMPTY'}  busy: {'A': False, 'B': False}
2026-04-15 15:42:55,427 INFO     [TaskSelector] → do_load (zone A empty)
2026-04-15 15:42:55,428 WARNING  [Main] Shutting down: turning off both vacuums
2026-04-15 15:42:55,428 INFO     [Main] Total items placed at output: 0
2026-04-15 15:42:55,429 INFO     [FetchInput] Entering state
2026-04-15 15:42:55,431 INFO     [Service] /orio/pnp_cup/off → success=True msg='PnP Cup OFF command sent'
2026-04-15 15:42:55,433 INFO     [Service] /compute_grasps → success=False msg='No images received from PnP camera.'
2026-04-15 15:42:55,433 ERROR    [FetchInput] /compute_grasps service failed → exiting: failed
2026-04-15 15:42:55,435 DEBUG    [TaskSelector] Evaluating zone states: {'A': 'EMPTY', 'B': 'EMPTY'}  busy: {'A': False, 'B': False}
2026-04-15 15:42:55,435 INFO     [Service] /orio/lbl_cup/off → success=True msg='Labelling Cup OFF command sent'
2026-04-15 15:42:55,435 INFO     [TaskSelector] → do_load (zone A empty)
2026-04-15 15:42:55,440 INFO     [FetchInput] Entering state
2026-04-15 15:42:55,443 ERROR    [Service] Call failed for /compute_grasps: service [/compute_grasps] returned no response
2026-04-15 15:42:55,444 ERROR    [FetchInput] /compute_grasps service failed → exiting: failed
